{
"type": "FeatureCollection",
"name": "ALDAMA_1 (1)",
"crs": { "type": "name", "properties": { "name": "urn:ogc:def:crs:OGC:1.3:CRS84" } },
"features": [
{ "type": "Feature", "properties": { "id": null, "Name": "ALD-3-49/1", "description": null, "timestamp": null, "begin": null, "end": null, "altitudeMode": null, "tessellate": -1, "extrude": 0, "visibility": 0, "drawOrder": null, "icon": null, "Folder": "ALD 5" }, "geometry": { "type": "Point", "coordinates": [ -106.552821534836397, 31.773367637232809, 0.0 ] } },
{ "type": "Feature", "properties": { "id": null, "Name": "ALD-3-50/2", "description": null, "timestamp": null, "begin": null, "end": null, "altitudeMode": null, "tessellate": -1, "extrude": 0, "visibility": 0, "drawOrder": null, "icon": null, "Folder": "ALD 5" }, "geometry": { "type": "Point", "coordinates": [ -106.554474350989494, 31.774962167058028, 0.0 ] } },
{ "type": "Feature", "properties": { "id": null, "Name": "ALD-3-51/3", "description": null, "timestamp": null, "begin": null, "end": null, "altitudeMode": null, "tessellate": -1, "extrude": 0, "visibility": 0, "drawOrder": null, "icon": null, "Folder": "ALD 5" }, "geometry": { "type": "Point", "coordinates": [ -106.556040936955, 31.775818035315709, 0.0 ] } },
{ "type": "Feature", "properties": { "id": null, "Name": "ALD-3-52/4", "description": null, "timestamp": null, "begin": null, "end": null, "altitudeMode": null, "tessellate": -1, "extrude": 0, "visibility": 0, "drawOrder": null, "icon": null, "Folder": "ALD 5" }, "geometry": { "type": "Point", "coordinates": [ -106.558449314178304, 31.777123635886859, 0.0 ] } },
{ "type": "Feature", "properties": { "id": null, "Name": "ALD-3-54/6", "description": null, "timestamp": null, "begin": null, "end": null, "altitudeMode": null, "tessellate": -1, "extrude": 0, "visibility": 0, "drawOrder": null, "icon": null, "Folder": "ALD 5" }, "geometry": { "type": "Point", "coordinates": [ -106.561519370460204, 31.781352779032989, 0.0 ] } },
{ "type": "Feature", "properties": { "id": null, "Name": "ALD-3-55/7", "description": null, "timestamp": null, "begin": null, "end": null, "altitudeMode": null, "tessellate": -1, "extrude": 0, "visibility": 0, "drawOrder": null, "icon": null, "Folder": "ALD 5" }, "geometry": { "type": "Point", "coordinates": [ -106.563564924786604, 31.77991143828633, 0.0 ] } },
{ "type": "Feature", "properties": { "id": null, "Name": "ALD-3-25/1", "description": null, "timestamp": null, "begin": null, "end": null, "altitudeMode": null, "tessellate": -1, "extrude": 0, "visibility": 0, "drawOrder": null, "icon": null, "Folder": "ALD 5" }, "geometry": { "type": "Point", "coordinates": [ -106.539059906225802, 31.76946403877756, 0.0 ] } },
{ "type": "Feature", "properties": { "id": null, "Name": "ALD-3-26/2", "description": null, "timestamp": null, "begin": null, "end": null, "altitudeMode": null, "tessellate": -1, "extrude": 0, "visibility": 0, "drawOrder": null, "icon": null, "Folder": "ALD 5" }, "geometry": { "type": "Point", "coordinates": [ -106.545161923450493, 31.77058321769546, 0.0 ] } },
{ "type": "Feature", "properties": { "id": null, "Name": "ALD-3-27/3", "description": null, "timestamp": null, "begin": null, "end": null, "altitudeMode": null, "tessellate": -1, "extrude": 0, "visibility": 0, "drawOrder": null, "icon": null, "Folder": "ALD 5" }, "geometry": { "type": "Point", "coordinates": [ -106.544819776693103, 31.771597683364231, 0.0 ] } },
{ "type": "Feature", "properties": { "id": null, "Name": "ALD-3-28/4", "description": null, "timestamp": null, "begin": null, "end": null, "altitudeMode": null, "tessellate": -1, "extrude": 0, "visibility": 0, "drawOrder": null, "icon": null, "Folder": "ALD 5" }, "geometry": { "type": "Point", "coordinates": [ -106.549264680443301, 31.772833638665279, 0.0 ] } },
{ "type": "Feature", "properties": { "id": null, "Name": "ALD-3-29/5", "description": null, "timestamp": null, "begin": null, "end": null, "altitudeMode": null, "tessellate": -1, "extrude": 0, "visibility": 0, "drawOrder": null, "icon": null, "Folder": "ALD 5" }, "geometry": { "type": "Point", "coordinates": [ -106.550747847852094, 31.77185939623266, 0.0 ] } },
{ "type": "Feature", "properties": { "id": null, "Name": "ALD-3-31/7", "description": null, "timestamp": null, "begin": null, "end": null, "altitudeMode": null, "tessellate": -1, "extrude": 0, "visibility": 0, "drawOrder": null, "icon": null, "Folder": "ALD 5" }, "geometry": { "type": "Point", "coordinates": [ -106.557621773289398, 31.769962353443169, 0.0 ] } },
{ "type": "Feature", "properties": { "id": null, "Name": "ALD-3-36/11", "description": null, "timestamp": null, "begin": null, "end": null, "altitudeMode": null, "tessellate": -1, "extrude": 0, "visibility": 0, "drawOrder": null, "icon": null, "Folder": "ALD 5" }, "geometry": { "type": "Point", "coordinates": [ -106.570962491331997, 31.773686825817752, 0.0 ] } },
{ "type": "Feature", "properties": { "id": null, "Name": "ALD-4-1/1", "description": null, "timestamp": null, "begin": null, "end": null, "altitudeMode": null, "tessellate": -1, "extrude": 0, "visibility": 0, "drawOrder": null, "icon": null, "Folder": "AA 4" }, "geometry": { "type": "Point", "coordinates": [ -106.532367701166805, 31.748555431577319, 0.0 ] } },
{ "type": "Feature", "properties": { "id": null, "Name": "ALD-4-2/2", "description": null, "timestamp": null, "begin": null, "end": null, "altitudeMode": null, "tessellate": -1, "extrude": 0, "visibility": 0, "drawOrder": null, "icon": null, "Folder": "AA 4" }, "geometry": { "type": "Point", "coordinates": [ -106.537064503764597, 31.744439696665822, 0.0 ] } },
{ "type": "Feature", "properties": { "id": null, "Name": "ALD-4-3/3", "description": null, "timestamp": null, "begin": null, "end": null, "altitudeMode": null, "tessellate": -1, "extrude": 0, "visibility": 0, "drawOrder": null, "icon": null, "Folder": "AA 4" }, "geometry": { "type": "Point", "coordinates": [ -106.538262, 31.744058, 0.0 ] } },
{ "type": "Feature", "properties": { "id": null, "Name": "ALD-4-4/4", "description": null, "timestamp": null, "begin": null, "end": null, "altitudeMode": null, "tessellate": -1, "extrude": 0, "visibility": 0, "drawOrder": null, "icon": null, "Folder": "AA 4" }, "geometry": { "type": "Point", "coordinates": [ -106.539286438225702, 31.741852215533441, 0.0 ] } },
{ "type": "Feature", "properties": { "id": null, "Name": "ALD-4-5/5", "description": null, "timestamp": null, "begin": null, "end": null, "altitudeMode": null, "tessellate": -1, "extrude": 0, "visibility": 0, "drawOrder": null, "icon": null, "Folder": "AA 4" }, "geometry": { "type": "Point", "coordinates": [ -106.540215002563997, 31.74069715138463, 0.0 ] } },
{ "type": "Feature", "properties": { "id": null, "Name": "ALD-4-6/6", "description": null, "timestamp": null, "begin": null, "end": null, "altitudeMode": null, "tessellate": -1, "extrude": 0, "visibility": 0, "drawOrder": null, "icon": null, "Folder": "AA 4" }, "geometry": { "type": "Point", "coordinates": [ -106.536566071743906, 31.736906768438519, 0.0 ] } },
{ "type": "Feature", "properties": { "id": null, "Name": "ALD-3-5/5", "description": null, "timestamp": null, "begin": null, "end": null, "altitudeMode": null, "tessellate": -1, "extrude": 0, "visibility": 0, "drawOrder": null, "icon": null, "Folder": "ALD 3" }, "geometry": { "type": "Point", "coordinates": [ -106.526831169832207, 31.76221660054917, 0.0 ] } },
{ "type": "Feature", "properties": { "id": null, "Name": "ALD-3-6/6", "description": null, "timestamp": null, "begin": null, "end": null, "altitudeMode": null, "tessellate": -1, "extrude": 0, "visibility": 0, "drawOrder": null, "icon": null, "Folder": "ALD 3" }, "geometry": { "type": "Point", "coordinates": [ -106.526303690203207, 31.7596700602674, 0.0 ] } },
{ "type": "Feature", "properties": { "id": null, "Name": "ALD-3-1/1", "description": null, "timestamp": null, "begin": null, "end": null, "altitudeMode": null, "tessellate": -1, "extrude": 0, "visibility": 0, "drawOrder": null, "icon": null, "Folder": "AA 2" }, "geometry": { "type": "Point", "coordinates": [ -106.529403956774303, 31.77356083599571, 0.0 ] } },
{ "type": "Feature", "properties": { "id": null, "Name": "ALD-3-2/2", "description": null, "timestamp": null, "begin": null, "end": null, "altitudeMode": null, "tessellate": -1, "extrude": 0, "visibility": 0, "drawOrder": null, "icon": null, "Folder": "AA 2" }, "geometry": { "type": "Point", "coordinates": [ -106.5294779882543, 31.774209436688391, 0.0 ] } },
{ "type": "Feature", "properties": { "id": null, "Name": "ALD-3-3/3", "description": null, "timestamp": null, "begin": null, "end": null, "altitudeMode": null, "tessellate": -1, "extrude": 0, "visibility": 0, "drawOrder": null, "icon": null, "Folder": "AA 2" }, "geometry": { "type": "Point", "coordinates": [ -106.522704794124294, 31.77199934998508, 0.0 ] } },
{ "type": "Feature", "properties": { "id": null, "Name": "ALD-3-4/4", "description": null, "timestamp": null, "begin": null, "end": null, "altitudeMode": null, "tessellate": -1, "extrude": 0, "visibility": 0, "drawOrder": null, "icon": null, "Folder": "AA 2" }, "geometry": { "type": "Point", "coordinates": [ -106.521372371933097, 31.770590002872439, 0.0 ] } },
{ "type": "Feature", "properties": { "id": null, "Name": "ALD-1I-62/14", "description": null, "timestamp": null, "begin": null, "end": null, "altitudeMode": null, "tessellate": -1, "extrude": 0, "visibility": 0, "drawOrder": null, "icon": null, "Folder": "ALD 1I" }, "geometry": { "type": "Point", "coordinates": [ -106.499695339990794, 31.726900364099119, 0.0 ] } },
{ "type": "Feature", "properties": { "id": null, "Name": "ALD-1I-1/1", "description": null, "timestamp": null, "begin": null, "end": null, "altitudeMode": null, "tessellate": -1, "extrude": 0, "visibility": 0, "drawOrder": null, "icon": null, "Folder": "ALD 1I" }, "geometry": { "type": "Point", "coordinates": [ -106.494757241201, 31.733985950986249, 0.0 ] } },
{ "type": "Feature", "properties": { "id": null, "Name": "ALD-1I-2/2", "description": null, "timestamp": null, "begin": null, "end": null, "altitudeMode": null, "tessellate": -1, "extrude": 0, "visibility": 0, "drawOrder": null, "icon": null, "Folder": "ALD 1I" }, "geometry": { "type": "Point", "coordinates": [ -106.493978441766302, 31.7358764815827, 0.0 ] } },
{ "type": "Feature", "properties": { "id": null, "Name": "ALD-1I-3/3", "description": null, "timestamp": null, "begin": null, "end": null, "altitudeMode": null, "tessellate": -1, "extrude": 0, "visibility": 0, "drawOrder": null, "icon": null, "Folder": "ALD 1I" }, "geometry": { "type": "Point", "coordinates": [ -106.493748202392098, 31.736465804234619, 0.0 ] } },
{ "type": "Feature", "properties": { "id": null, "Name": "ALD-1I-4/4", "description": null, "timestamp": null, "begin": null, "end": null, "altitudeMode": null, "tessellate": -1, "extrude": 0, "visibility": 0, "drawOrder": null, "icon": null, "Folder": "ALD 1I" }, "geometry": { "type": "Point", "coordinates": [ -106.493027285831005, 31.738400058780819, 0.0 ] } },
{ "type": "Feature", "properties": { "id": null, "Name": "ALD-1I-5/5", "description": null, "timestamp": null, "begin": null, "end": null, "altitudeMode": null, "tessellate": -1, "extrude": 0, "visibility": 0, "drawOrder": null, "icon": null, "Folder": "ALD 1I" }, "geometry": { "type": "Point", "coordinates": [ -106.492443213702202, 31.73968161657973, 0.0 ] } },
{ "type": "Feature", "properties": { "id": null, "Name": "ALD-1I-6/6", "description": null, "timestamp": null, "begin": null, "end": null, "altitudeMode": null, "tessellate": -1, "extrude": 0, "visibility": 0, "drawOrder": null, "icon": null, "Folder": "ALD 1I" }, "geometry": { "type": "Point", "coordinates": [ -106.491539306590397, 31.741909911931408, 0.0 ] } },
{ "type": "Feature", "properties": { "id": null, "Name": "ALD-1I-7/7", "description": null, "timestamp": null, "begin": null, "end": null, "altitudeMode": null, "tessellate": -1, "extrude": 0, "visibility": 0, "drawOrder": null, "icon": null, "Folder": "ALD 1I" }, "geometry": { "type": "Point", "coordinates": [ -106.490939, 31.743412, 0.0 ] } },
{ "type": "Feature", "properties": { "id": null, "Name": "ALD-1I-8/8", "description": null, "timestamp": null, "begin": null, "end": null, "altitudeMode": null, "tessellate": -1, "extrude": 0, "visibility": 0, "drawOrder": null, "icon": null, "Folder": "ALD 1I" }, "geometry": { "type": "Point", "coordinates": [ -106.491343918861702, 31.743539355322589, 0.0 ] } },
{ "type": "Feature", "properties": { "id": null, "Name": "ALD-1I-9/9", "description": null, "timestamp": null, "begin": null, "end": null, "altitudeMode": null, "tessellate": -1, "extrude": 0, "visibility": 0, "drawOrder": null, "icon": null, "Folder": "ALD 1I" }, "geometry": { "type": "Point", "coordinates": [ -106.491830570893399, 31.743677794489031, 0.0 ] } },
{ "type": "Feature", "properties": { "id": null, "Name": "ALD-1I-10/10", "description": null, "timestamp": null, "begin": null, "end": null, "altitudeMode": null, "tessellate": -1, "extrude": 0, "visibility": 0, "drawOrder": null, "icon": null, "Folder": "ALD 1I" }, "geometry": { "type": "Point", "coordinates": [ -106.491873860132799, 31.743562782392878, 0.0 ] } },
{ "type": "Feature", "properties": { "id": null, "Name": "ALD-1I-49/1", "description": null, "timestamp": null, "begin": null, "end": null, "altitudeMode": null, "tessellate": -1, "extrude": 0, "visibility": 0, "drawOrder": null, "icon": null, "Folder": "ALD 1I" }, "geometry": { "type": "Point", "coordinates": [ -106.500037024414894, 31.728432310437849, 0.0 ] } },
{ "type": "Feature", "properties": { "id": null, "Name": "ALD-1I-50/2", "description": null, "timestamp": null, "begin": null, "end": null, "altitudeMode": null, "tessellate": -1, "extrude": 0, "visibility": 0, "drawOrder": null, "icon": null, "Folder": "ALD 1I" }, "geometry": { "type": "Point", "coordinates": [ -106.500658871977706, 31.727029496835051, 0.0 ] } },
{ "type": "Feature", "properties": { "id": null, "Name": "ALD-1I-51/3", "description": null, "timestamp": null, "begin": null, "end": null, "altitudeMode": null, "tessellate": -1, "extrude": 0, "visibility": 0, "drawOrder": null, "icon": null, "Folder": "ALD 1I" }, "geometry": { "type": "Point", "coordinates": [ -106.499695339990794, 31.726900364099119, 0.0 ] } },
{ "type": "Feature", "properties": { "id": null, "Name": "ALD-1I-52/4", "description": null, "timestamp": null, "begin": null, "end": null, "altitudeMode": null, "tessellate": -1, "extrude": 0, "visibility": 0, "drawOrder": null, "icon": null, "Folder": "ALD 1I" }, "geometry": { "type": "Point", "coordinates": [ -106.499438251788604, 31.727434827857291, 0.0 ] } },
{ "type": "Feature", "properties": { "id": null, "Name": "ALD-1I-53/5", "description": null, "timestamp": null, "begin": null, "end": null, "altitudeMode": null, "tessellate": -1, "extrude": 0, "visibility": 0, "drawOrder": null, "icon": null, "Folder": "ALD 1I" }, "geometry": { "type": "Point", "coordinates": [ -106.499121888292805, 31.728202377710339, 0.0 ] } },
{ "type": "Feature", "properties": { "id": null, "Name": "ALD-1I-54/6", "description": null, "timestamp": null, "begin": null, "end": null, "altitudeMode": null, "tessellate": -1, "extrude": 0, "visibility": 0, "drawOrder": null, "icon": null, "Folder": "ALD 1I" }, "geometry": { "type": "Point", "coordinates": [ -106.498945220476699, 31.728830899476009, 0.0 ] } },
{ "type": "Feature", "properties": { "id": null, "Name": "ALD-1I-55/7", "description": "0/2/0", "timestamp": null, "begin": null, "end": null, "altitudeMode": null, "tessellate": -1, "extrude": 0, "visibility": 0, "drawOrder": null, "icon": null, "Folder": "ALD 1I" }, "geometry": { "type": "Point", "coordinates": [ -106.497815096015302, 31.73133757154087, 0.0 ] } },
{ "type": "Feature", "properties": { "id": null, "Name": "ALD-1I-56/8", "description": null, "timestamp": null, "begin": null, "end": null, "altitudeMode": null, "tessellate": -1, "extrude": 0, "visibility": 0, "drawOrder": null, "icon": null, "Folder": "ALD 1I" }, "geometry": { "type": "Point", "coordinates": [ -106.4961612286518, 31.733025483068332, 0.0 ] } },
{ "type": "Feature", "properties": { "id": null, "Name": "ALD-1I-57/9", "description": null, "timestamp": null, "begin": null, "end": null, "altitudeMode": null, "tessellate": -1, "extrude": 0, "visibility": 0, "drawOrder": null, "icon": null, "Folder": "ALD 1I" }, "geometry": { "type": "Point", "coordinates": [ -106.495661091395803, 31.734240599280369, 0.0 ] } },
{ "type": "Feature", "properties": { "id": null, "Name": "ALD-1I-58/10", "description": null, "timestamp": null, "begin": null, "end": null, "altitudeMode": null, "tessellate": -1, "extrude": 0, "visibility": 0, "drawOrder": null, "icon": null, "Folder": "ALD 1I" }, "geometry": { "type": "Point", "coordinates": [ -106.495169157192294, 31.735466877040452, 0.0 ] } },
{ "type": "Feature", "properties": { "id": null, "Name": "ALD-1D-15/15", "description": "SIN HILOS DISP", "timestamp": null, "begin": null, "end": null, "altitudeMode": null, "tessellate": -1, "extrude": 0, "visibility": 0, "drawOrder": null, "icon": null, "Folder": "ALD 1D" }, "geometry": { "type": "Point", "coordinates": [ -106.518248082796603, 31.764692201370671, 0.0 ] } },
{ "type": "Feature", "properties": { "id": null, "Name": "ALD-1D-83/11", "description": null, "timestamp": null, "begin": null, "end": null, "altitudeMode": null, "tessellate": -1, "extrude": 0, "visibility": 0, "drawOrder": null, "icon": null, "Folder": "ALD 1D" }, "geometry": { "type": "Point", "coordinates": [ -106.491135113508605, 31.727943957900852, 0.0 ] } },
{ "type": "Feature", "properties": { "id": null, "Name": "ALD-1D-30/6", "description": null, "timestamp": null, "begin": null, "end": null, "altitudeMode": null, "tessellate": -1, "extrude": 0, "visibility": 0, "drawOrder": null, "icon": null, "Folder": "ALD 1D" }, "geometry": { "type": "Point", "coordinates": [ -106.5199352034859, 31.756256640892349, 0.0 ] } },
{ "type": "Feature", "properties": { "id": null, "Name": "ALD-1D-94/22/9", "description": null, "timestamp": null, "begin": null, "end": null, "altitudeMode": null, "tessellate": -1, "extrude": 0, "visibility": 0, "drawOrder": null, "icon": null, "Folder": "ALD 1D" }, "geometry": { "type": "Point", "coordinates": [ -106.482851427920096, 31.723281918847139, 0.0 ] } },
{ "type": "Feature", "properties": { "id": null, "Name": "ALD-1D-36/12/9", "description": null, "timestamp": null, "begin": null, "end": null, "altitudeMode": null, "tessellate": -1, "extrude": 0, "visibility": 0, "drawOrder": null, "icon": null, "Folder": "ALD 1D" }, "geometry": { "type": "Point", "coordinates": [ -106.5171848923883, 31.74485555981078, 0.0 ] } },
{ "type": "Feature", "properties": { "id": null, "Name": "ALD-1D-25/1", "description": "0 2 5 DE LA OLT", "timestamp": null, "begin": null, "end": null, "altitudeMode": null, "tessellate": -1, "extrude": 0, "visibility": 0, "drawOrder": null, "icon": null, "Folder": "ALD 1D" }, "geometry": { "type": "Point", "coordinates": [ -106.5185323155102, 31.751007883119222, 0.0 ] } },
{ "type": "Feature", "properties": { "id": null, "Name": "ALD-1D-26/2", "description": null, "timestamp": null, "begin": null, "end": null, "altitudeMode": null, "tessellate": -1, "extrude": 0, "visibility": 0, "drawOrder": null, "icon": null, "Folder": "ALD 1D" }, "geometry": { "type": "Point", "coordinates": [ -106.517711648390105, 31.752803383495749, 0.0 ] } },
{ "type": "Feature", "properties": { "id": null, "Name": "ALD-1D-27/3", "description": null, "timestamp": null, "begin": null, "end": null, "altitudeMode": null, "tessellate": -1, "extrude": 0, "visibility": 0, "drawOrder": null, "icon": null, "Folder": "ALD 1D" }, "geometry": { "type": "Point", "coordinates": [ -106.514544303028501, 31.756910093877561, 0.0 ] } },
{ "type": "Feature", "properties": { "id": null, "Name": "ALD-1D-28/4", "description": null, "timestamp": null, "begin": null, "end": null, "altitudeMode": null, "tessellate": -1, "extrude": 0, "visibility": 0, "drawOrder": null, "icon": null, "Folder": "ALD 1D" }, "geometry": { "type": "Point", "coordinates": [ -106.514630593842398, 31.756969302081231, 0.0 ] } },
{ "type": "Feature", "properties": { "id": null, "Name": "ALD-1D-29/5", "description": null, "timestamp": null, "begin": null, "end": null, "altitudeMode": null, "tessellate": -1, "extrude": 0, "visibility": 0, "drawOrder": null, "icon": null, "Folder": "ALD 1D" }, "geometry": { "type": "Point", "coordinates": [ -106.515916237252597, 31.757346700228389, 0.0 ] } },
{ "type": "Feature", "properties": { "id": null, "Name": "ALD-1D-31/7", "description": null, "timestamp": null, "begin": null, "end": null, "altitudeMode": null, "tessellate": -1, "extrude": 0, "visibility": 0, "drawOrder": null, "icon": null, "Folder": "ALD 1D" }, "geometry": { "type": "Point", "coordinates": [ -106.522776592574999, 31.749951846809779, 0.0 ] } },
{ "type": "Feature", "properties": { "id": null, "Name": "ALD-1D-32/8", "description": "0 2 13", "timestamp": null, "begin": null, "end": null, "altitudeMode": null, "tessellate": -1, "extrude": 0, "visibility": 0, "drawOrder": null, "icon": null, "Folder": "ALD 1D" }, "geometry": { "type": "Point", "coordinates": [ -106.524339176419502, 31.74183645937843, 0.0 ] } },
{ "type": "Feature", "properties": { "id": null, "Name": "ALD-1D-33/9", "description": null, "timestamp": null, "begin": null, "end": null, "altitudeMode": null, "tessellate": -1, "extrude": 0, "visibility": 0, "drawOrder": null, "icon": null, "Folder": "ALD 1D" }, "geometry": { "type": "Point", "coordinates": [ -106.523189149192604, 31.742982426705311, 0.0 ] } },
{ "type": "Feature", "properties": { "id": null, "Name": "ALD-1D-82/10", "description": null, "timestamp": null, "begin": null, "end": null, "altitudeMode": null, "tessellate": -1, "extrude": 0, "visibility": 0, "drawOrder": null, "icon": null, "Folder": "ALD 1D" }, "geometry": { "type": "Point", "coordinates": [ -106.520107408186504, 31.747119504971359, 0.0 ] } },
{ "type": "Feature", "properties": { "id": null, "Name": "ALD-1D-73/1", "description": null, "timestamp": null, "begin": null, "end": null, "altitudeMode": null, "tessellate": -1, "extrude": 0, "visibility": 0, "drawOrder": null, "icon": null, "Folder": "ALD 1D" }, "geometry": { "type": "Point", "coordinates": [ -106.489969955385405, 31.733270854408499, 0.0 ] } },
{ "type": "Feature", "properties": { "id": null, "Name": "ALD-1D-74/2", "description": null, "timestamp": null, "begin": null, "end": null, "altitudeMode": null, "tessellate": -1, "extrude": 0, "visibility": 0, "drawOrder": null, "icon": null, "Folder": "ALD 1D" }, "geometry": { "type": "Point", "coordinates": [ -106.483623374715606, 31.728562924703159, 0.0 ] } },
{ "type": "Feature", "properties": { "id": null, "Name": "ALD-1D-75/3", "description": null, "timestamp": null, "begin": null, "end": null, "altitudeMode": null, "tessellate": -1, "extrude": 0, "visibility": 0, "drawOrder": null, "icon": null, "Folder": "ALD 1D" }, "geometry": { "type": "Point", "coordinates": [ -106.483454514592694, 31.727683101191602, 0.0 ] } },
{ "type": "Feature", "properties": { "id": null, "Name": "ALD-1D-76/4", "description": null, "timestamp": null, "begin": null, "end": null, "altitudeMode": null, "tessellate": -1, "extrude": 0, "visibility": 0, "drawOrder": null, "icon": null, "Folder": "ALD 1D" }, "geometry": { "type": "Point", "coordinates": [ -106.483110670190001, 31.72674226045206, 0.0 ] } },
{ "type": "Feature", "properties": { "id": null, "Name": "ALD-1D-77/5", "description": null, "timestamp": null, "begin": null, "end": null, "altitudeMode": null, "tessellate": -1, "extrude": 0, "visibility": 0, "drawOrder": null, "icon": null, "Folder": "ALD 1D" }, "geometry": { "type": "Point", "coordinates": [ -106.482878529533295, 31.725671028351091, 0.0 ] } },
{ "type": "Feature", "properties": { "id": null, "Name": "ALD-1D-78/6", "description": null, "timestamp": null, "begin": null, "end": null, "altitudeMode": null, "tessellate": -1, "extrude": 0, "visibility": 0, "drawOrder": null, "icon": null, "Folder": "ALD 1D" }, "geometry": { "type": "Point", "coordinates": [ -106.482835182045605, 31.725531004034991, 0.0 ] } },
{ "type": "Feature", "properties": { "id": null, "Name": "ALD-1D-79/7", "description": null, "timestamp": null, "begin": null, "end": null, "altitudeMode": null, "tessellate": -1, "extrude": 0, "visibility": 0, "drawOrder": null, "icon": null, "Folder": "ALD 1D" }, "geometry": { "type": "Point", "coordinates": [ -106.483925522020598, 31.725753663182651, 0.0 ] } },
{ "type": "Feature", "properties": { "id": null, "Name": "ALD-1D-80/8", "description": null, "timestamp": null, "begin": null, "end": null, "altitudeMode": null, "tessellate": -1, "extrude": 0, "visibility": 0, "drawOrder": null, "icon": null, "Folder": "ALD 1D" }, "geometry": { "type": "Point", "coordinates": [ -106.486172426741007, 31.726402349713052, 0.0 ] } },
{ "type": "Feature", "properties": { "id": null, "Name": "ALD-1D-81/9", "description": null, "timestamp": null, "begin": null, "end": null, "altitudeMode": null, "tessellate": -1, "extrude": 0, "visibility": 0, "drawOrder": null, "icon": null, "Folder": "ALD 1D" }, "geometry": { "type": "Point", "coordinates": [ -106.488509126379398, 31.72709348030758, 0.0 ] } },
{ "type": "Feature", "properties": { "id": null, "Name": "ALD-1D-34/10", "description": null, "timestamp": null, "begin": null, "end": null, "altitudeMode": null, "tessellate": -1, "extrude": 0, "visibility": 0, "drawOrder": null, "icon": null, "Folder": "ALD 1D" }, "geometry": { "type": "Point", "coordinates": [ -106.490121085021002, 31.727738642670658, 0.0 ] } },
{ "type": "Feature", "properties": { "id": null, "Name": "ALD-1D-84/12", "description": null, "timestamp": null, "begin": null, "end": null, "altitudeMode": null, "tessellate": -1, "extrude": 0, "visibility": 0, "drawOrder": null, "icon": null, "Folder": "ALD 1D" }, "geometry": { "type": "Point", "coordinates": [ -106.492984322820007, 31.728435571491499, 0.0 ] } },
{ "type": "Feature", "properties": { "id": null, "Name": "ALD-2I-72/24", "description": null, "timestamp": null, "begin": null, "end": null, "altitudeMode": null, "tessellate": -1, "extrude": 0, "visibility": 0, "drawOrder": null, "icon": null, "Folder": "ALD 2I" }, "geometry": { "type": "Point", "coordinates": [ -106.506446201608398, 31.753675962429469, 0.0 ] } },
{ "type": "Feature", "properties": { "id": null, "Name": "ALD-2I-1/1", "description": null, "timestamp": null, "begin": null, "end": null, "altitudeMode": null, "tessellate": -1, "extrude": 0, "visibility": 0, "drawOrder": null, "icon": null, "Folder": "ALD 2I" }, "geometry": { "type": "Point", "coordinates": [ -106.502054332644406, 31.743274975117941, 0.0 ] } },
{ "type": "Feature", "properties": { "id": null, "Name": "ALD-2I-2/2", "description": null, "timestamp": null, "begin": null, "end": null, "altitudeMode": null, "tessellate": -1, "extrude": 0, "visibility": 0, "drawOrder": null, "icon": null, "Folder": "ALD 2I" }, "geometry": { "type": "Point", "coordinates": [ -106.499207676633503, 31.746572604129192, 0.0 ] } },
{ "type": "Feature", "properties": { "id": null, "Name": "ALD-2I-3/3", "description": null, "timestamp": null, "begin": null, "end": null, "altitudeMode": null, "tessellate": -1, "extrude": 0, "visibility": 0, "drawOrder": null, "icon": null, "Folder": "ALD 2I" }, "geometry": { "type": "Point", "coordinates": [ -106.498792267936295, 31.746459213752178, 0.0 ] } },
{ "type": "Feature", "properties": { "id": null, "Name": "ALD-2I-4/4", "description": null, "timestamp": null, "begin": null, "end": null, "altitudeMode": null, "tessellate": -1, "extrude": 0, "visibility": 0, "drawOrder": null, "icon": null, "Folder": "ALD 2I" }, "geometry": { "type": "Point", "coordinates": [ -106.498317257267701, 31.746313284846469, 0.0 ] } },
{ "type": "Feature", "properties": { "id": null, "Name": "ALD-2I-5/5", "description": null, "timestamp": null, "begin": null, "end": null, "altitudeMode": null, "tessellate": -1, "extrude": 0, "visibility": 0, "drawOrder": null, "icon": null, "Folder": "ALD 2I" }, "geometry": { "type": "Point", "coordinates": [ -106.497880441059095, 31.74618215717485, 0.0 ] } },
{ "type": "Feature", "properties": { "id": null, "Name": "ALD-2I-6/6", "description": null, "timestamp": null, "begin": null, "end": null, "altitudeMode": null, "tessellate": -1, "extrude": 0, "visibility": 0, "drawOrder": null, "icon": null, "Folder": "ALD 2I" }, "geometry": { "type": "Point", "coordinates": [ -106.496506681250906, 31.74576383240554, 0.0 ] } },
{ "type": "Feature", "properties": { "id": null, "Name": "ALD-2I-7/7", "description": null, "timestamp": null, "begin": null, "end": null, "altitudeMode": null, "tessellate": -1, "extrude": 0, "visibility": 0, "drawOrder": null, "icon": null, "Folder": "ALD 2I" }, "geometry": { "type": "Point", "coordinates": [ -106.496206357470996, 31.745345105129051, 0.0 ] } },
{ "type": "Feature", "properties": { "id": null, "Name": "ALD-2I-8/8", "description": null, "timestamp": null, "begin": null, "end": null, "altitudeMode": null, "tessellate": -1, "extrude": 0, "visibility": 0, "drawOrder": null, "icon": null, "Folder": "ALD 2I" }, "geometry": { "type": "Point", "coordinates": [ -106.498233541671198, 31.740306096663211, 0.0 ] } },
{ "type": "Feature", "properties": { "id": null, "Name": "ALD-2I-9/9", "description": null, "timestamp": null, "begin": null, "end": null, "altitudeMode": null, "tessellate": -1, "extrude": 0, "visibility": 0, "drawOrder": null, "icon": null, "Folder": "ALD 2I" }, "geometry": { "type": "Point", "coordinates": [ -106.498613353102499, 31.739394721747111, 0.0 ] } },
{ "type": "Feature", "properties": { "id": null, "Name": "ALD-2I-10/10", "description": null, "timestamp": null, "begin": null, "end": null, "altitudeMode": null, "tessellate": -1, "extrude": 0, "visibility": 0, "drawOrder": null, "icon": null, "Folder": "ALD 2I" }, "geometry": { "type": "Point", "coordinates": [ -106.500031690344699, 31.738386818781908, 0.0 ] } },
{ "type": "Feature", "properties": { "id": null, "Name": "ALD-2I-49/1", "description": null, "timestamp": null, "begin": null, "end": null, "altitudeMode": null, "tessellate": -1, "extrude": 0, "visibility": 0, "drawOrder": null, "icon": null, "Folder": "ALD 2I" }, "geometry": { "type": "Point", "coordinates": [ -106.505351383095402, 31.74764683248841, 0.0 ] } },
{ "type": "Feature", "properties": { "id": null, "Name": "ALD-2I-50/2", "description": null, "timestamp": null, "begin": null, "end": null, "altitudeMode": null, "tessellate": -1, "extrude": 0, "visibility": 0, "drawOrder": null, "icon": null, "Folder": "ALD 2I" }, "geometry": { "type": "Point", "coordinates": [ -106.504033599843098, 31.75090953421136, 0.0 ] } },
{ "type": "Feature", "properties": { "id": null, "Name": "ALD-2I-51/3", "description": null, "timestamp": null, "begin": null, "end": null, "altitudeMode": null, "tessellate": -1, "extrude": 0, "visibility": 0, "drawOrder": null, "icon": null, "Folder": "ALD 2I" }, "geometry": { "type": "Point", "coordinates": [ -106.503547647426402, 31.752157782712011, 0.0 ] } },
{ "type": "Feature", "properties": { "id": null, "Name": "ALD-2I-52/4", "description": null, "timestamp": null, "begin": null, "end": null, "altitudeMode": null, "tessellate": -1, "extrude": 0, "visibility": 0, "drawOrder": null, "icon": null, "Folder": "ALD 2I" }, "geometry": { "type": "Point", "coordinates": [ -106.5046301379423, 31.753154346145511, 0.0 ] } },
{ "type": "Feature", "properties": { "id": null, "Name": "ALD-2I-53/5", "description": null, "timestamp": null, "begin": null, "end": null, "altitudeMode": null, "tessellate": -1, "extrude": 0, "visibility": 0, "drawOrder": null, "icon": null, "Folder": "ALD 2I" }, "geometry": { "type": "Point", "coordinates": [ -106.505243394114103, 31.75336881401811, 0.0 ] } },
{ "type": "Feature", "properties": { "id": null, "Name": "ALD-2I-55/7", "description": null, "timestamp": null, "begin": null, "end": null, "altitudeMode": null, "tessellate": -1, "extrude": 0, "visibility": 0, "drawOrder": null, "icon": null, "Folder": "ALD 2I" }, "geometry": { "type": "Point", "coordinates": [ -106.507191211631195, 31.75186116299319, 0.0 ] } },
{ "type": "Feature", "properties": { "id": null, "Name": "ALD-2I-56/8", "description": null, "timestamp": null, "begin": null, "end": null, "altitudeMode": null, "tessellate": -1, "extrude": 0, "visibility": 0, "drawOrder": null, "icon": null, "Folder": "ALD 2I" }, "geometry": { "type": "Point", "coordinates": [ -106.507751754624493, 31.750410893957291, 0.0 ] } },
{ "type": "Feature", "properties": { "id": null, "Name": "ALD-2I-57/9", "description": null, "timestamp": null, "begin": null, "end": null, "altitudeMode": null, "tessellate": -1, "extrude": 0, "visibility": 0, "drawOrder": null, "icon": null, "Folder": "ALD 2I" }, "geometry": { "type": "Point", "coordinates": [ -106.508572080829197, 31.74947995059517, 0.0 ] } },
{ "type": "Feature", "properties": { "id": null, "Name": "ALD-2I-58/10", "description": null, "timestamp": null, "begin": null, "end": null, "altitudeMode": null, "tessellate": -1, "extrude": 0, "visibility": 0, "drawOrder": null, "icon": null, "Folder": "ALD 2I" }, "geometry": { "type": "Point", "coordinates": [ -106.509301967801804, 31.745406471314372, 0.0 ] } },
{ "type": "Feature", "properties": { "id": null, "Name": "ALD-2I-72/24", "description": null, "timestamp": null, "begin": null, "end": null, "altitudeMode": null, "tessellate": -1, "extrude": 0, "visibility": 0, "drawOrder": null, "icon": null, "Folder": "ALD 2I" }, "geometry": { "type": "Point", "coordinates": [ -106.506446201608398, 31.753675962429469, 0.0 ] } },
{ "type": "Feature", "properties": { "id": null, "Name": "ALD-2D-25/1", "description": null, "timestamp": null, "begin": null, "end": null, "altitudeMode": null, "tessellate": -1, "extrude": 0, "visibility": 0, "drawOrder": null, "icon": null, "Folder": "ALD 2D" }, "geometry": { "type": "Point", "coordinates": [ -106.504718538680393, 31.736318404729541, 0.0 ] } },
{ "type": "Feature", "properties": { "id": null, "Name": "ALD-2D-26/2", "description": null, "timestamp": null, "begin": null, "end": null, "altitudeMode": null, "tessellate": -1, "extrude": 0, "visibility": 0, "drawOrder": null, "icon": null, "Folder": "ALD 2D" }, "geometry": { "type": "Point", "coordinates": [ -106.505499004306003, 31.736198406308301, 0.0 ] } },
{ "type": "Feature", "properties": { "id": null, "Name": "ALD-2D-27/3", "description": null, "timestamp": null, "begin": null, "end": null, "altitudeMode": null, "tessellate": -1, "extrude": 0, "visibility": 0, "drawOrder": null, "icon": null, "Folder": "ALD 2D" }, "geometry": { "type": "Point", "coordinates": [ -106.505501774794197, 31.73613873570061, 0.0 ] } },
{ "type": "Feature", "properties": { "id": null, "Name": "ALD-2D-28/4", "description": null, "timestamp": null, "begin": null, "end": null, "altitudeMode": null, "tessellate": -1, "extrude": 0, "visibility": 0, "drawOrder": null, "icon": null, "Folder": "ALD 2D" }, "geometry": { "type": "Point", "coordinates": [ -106.507070703309594, 31.73329013680582, 0.0 ] } },
{ "type": "Feature", "properties": { "id": null, "Name": "ALD-2D-29/5", "description": null, "timestamp": null, "begin": null, "end": null, "altitudeMode": null, "tessellate": -1, "extrude": 0, "visibility": 0, "drawOrder": null, "icon": null, "Folder": "ALD 2D" }, "geometry": { "type": "Point", "coordinates": [ -106.505882836, 31.733154144480199, 0.0 ] } },
{ "type": "Feature", "properties": { "id": null, "Name": "ALD-2D-30/6", "description": null, "timestamp": null, "begin": null, "end": null, "altitudeMode": null, "tessellate": -1, "extrude": 0, "visibility": 0, "drawOrder": null, "icon": null, "Folder": "ALD 2D" }, "geometry": { "type": "Point", "coordinates": [ -106.505937958442104, 31.730522665451989, 0.0 ] } },
{ "type": "Feature", "properties": { "id": null, "Name": "ALD-2D-31/7", "description": null, "timestamp": null, "begin": null, "end": null, "altitudeMode": null, "tessellate": -1, "extrude": 0, "visibility": 0, "drawOrder": null, "icon": null, "Folder": "ALD 2D" }, "geometry": { "type": "Point", "coordinates": [ -106.502024903184605, 31.733250326877691, 0.0 ] } },
{ "type": "Feature", "properties": { "id": null, "Name": "ALD-2D-32/8", "description": null, "timestamp": null, "begin": null, "end": null, "altitudeMode": null, "tessellate": -1, "extrude": 0, "visibility": 0, "drawOrder": null, "icon": null, "Folder": "ALD 2D" }, "geometry": { "type": "Point", "coordinates": [ -106.502052104481095, 31.733288258013459, 0.0 ] } },
{ "type": "Feature", "properties": { "id": null, "Name": "ALD-2D-33/9", "description": null, "timestamp": null, "begin": null, "end": null, "altitudeMode": null, "tessellate": -1, "extrude": 0, "visibility": 0, "drawOrder": null, "icon": null, "Folder": "ALD 2D" }, "geometry": { "type": "Point", "coordinates": [ -106.502288188782899, 31.735187365409999, 0.0 ] } },
{ "type": "Feature", "properties": { "id": null, "Name": "ALD-2D-34/10", "description": null, "timestamp": null, "begin": null, "end": null, "altitudeMode": null, "tessellate": -1, "extrude": 0, "visibility": 0, "drawOrder": null, "icon": null, "Folder": "ALD 2D" }, "geometry": { "type": "Point", "coordinates": [ -106.502002351441405, 31.73588951327196, 0.0 ] } },
{ "type": "Feature", "properties": { "id": null, "Name": "ALD-2D-35/11", "description": null, "timestamp": null, "begin": null, "end": null, "altitudeMode": null, "tessellate": -1, "extrude": 0, "visibility": 0, "drawOrder": null, "icon": null, "Folder": "ALD 2D" }, "geometry": { "type": "Point", "coordinates": [ -106.501193260405699, 31.73800786911039, 0.0 ] } },
{ "type": "Feature", "properties": { "id": null, "Name": "ALD-2D-73/1", "description": null, "timestamp": null, "begin": null, "end": null, "altitudeMode": null, "tessellate": -1, "extrude": 0, "visibility": 0, "drawOrder": null, "icon": null, "Folder": "ALD 2D" }, "geometry": { "type": "Point", "coordinates": [ -106.510977164675694, 31.744379850275251, 0.0 ] } },
{ "type": "Feature", "properties": { "id": null, "Name": "ALD-2D-74/2", "description": null, "timestamp": null, "begin": null, "end": null, "altitudeMode": null, "tessellate": -1, "extrude": 0, "visibility": 0, "drawOrder": null, "icon": null, "Folder": "ALD 2D" }, "geometry": { "type": "Point", "coordinates": [ -106.511092717324999, 31.743524645471069, 0.0 ] } },
{ "type": "Feature", "properties": { "id": null, "Name": "ALD-2D-75/3", "description": null, "timestamp": null, "begin": null, "end": null, "altitudeMode": null, "tessellate": -1, "extrude": 0, "visibility": 0, "drawOrder": null, "icon": null, "Folder": "ALD 2D" }, "geometry": { "type": "Point", "coordinates": [ -106.510668317272206, 31.742195786730321, 0.0 ] } },
{ "type": "Feature", "properties": { "id": null, "Name": "ALD-2D-77/5", "description": null, "timestamp": null, "begin": null, "end": null, "altitudeMode": null, "tessellate": -1, "extrude": 0, "visibility": 0, "drawOrder": null, "icon": null, "Folder": "ALD 2D" }, "geometry": { "type": "Point", "coordinates": [ -106.505083009946006, 31.74167086011477, 0.0 ] } },
{ "type": "Feature", "properties": { "id": null, "Name": "ALD-2D-78/6", "description": null, "timestamp": null, "begin": null, "end": null, "altitudeMode": null, "tessellate": -1, "extrude": 0, "visibility": 0, "drawOrder": null, "icon": null, "Folder": "ALD 2D" }, "geometry": { "type": "Point", "coordinates": [ -106.504913413308998, 31.74111217439269, 0.0 ] } },
{ "type": "Feature", "properties": { "id": null, "Name": "ALD-2D-79/7", "description": null, "timestamp": null, "begin": null, "end": null, "altitudeMode": null, "tessellate": -1, "extrude": 0, "visibility": 0, "drawOrder": null, "icon": null, "Folder": "ALD 2D" }, "geometry": { "type": "Point", "coordinates": [ -106.504886866704396, 31.741100410164179, 0.0 ] } },
{ "type": "Feature", "properties": { "id": null, "Name": "ALD-2D-80/8", "description": null, "timestamp": null, "begin": null, "end": null, "altitudeMode": null, "tessellate": -1, "extrude": 0, "visibility": 0, "drawOrder": null, "icon": null, "Folder": "ALD 2D" }, "geometry": { "type": "Point", "coordinates": [ -106.503148671002904, 31.74070829479345, 0.0 ] } },
{ "type": "Feature", "properties": { "id": null, "Name": "ALD-2D-81/9", "description": null, "timestamp": null, "begin": null, "end": null, "altitudeMode": null, "tessellate": -1, "extrude": 0, "visibility": 0, "drawOrder": null, "icon": null, "Folder": "ALD 2D" }, "geometry": { "type": "Point", "coordinates": [ -106.502620104691502, 31.741970745013521, 0.0 ] } },
{ "type": "Feature", "properties": { "id": null, "Name": "ALD-2D-82/10", "description": null, "timestamp": null, "begin": null, "end": null, "altitudeMode": null, "tessellate": -1, "extrude": 0, "visibility": 0, "drawOrder": null, "icon": null, "Folder": "ALD 2D" }, "geometry": { "type": "Point", "coordinates": [ -106.502349749715805, 31.742628485834668, 0.0 ] } },
{ "type": "Feature", "properties": { "id": null, "Name": "ALD-3-S-13-1", "description": null, "timestamp": null, "begin": null, "end": null, "altitudeMode": null, "tessellate": 1, "extrude": 0, "visibility": 0, "drawOrder": null, "icon": null, "Folder": "AMPLEACION ALDAMA 5" }, "geometry": { "type": "LineString", "coordinates": [ [ -106.552790674264898, 31.773348565822911, 0.0 ], [ -106.552439040854296, 31.77384982760632, 0.0 ], [ -106.5533737823026, 31.77435782888519, 0.0 ], [ -106.5548639565163, 31.772315003869441, 0.0 ], [ -106.556246178990506, 31.77054776694434, 0.0 ], [ -106.556950468434707, 31.769638199607261, 0.0 ], [ -106.557339884599401, 31.769157650297309, 0.0 ], [ -106.560484505724105, 31.770892376345088, 0.0 ] ] } },
{ "type": "Feature", "properties": { "id": null, "Name": "ALD-3-S-13-2", "description": null, "timestamp": null, "begin": null, "end": null, "altitudeMode": null, "tessellate": 1, "extrude": 0, "visibility": 0, "drawOrder": null, "icon": null, "Folder": "AMPLEACION ALDAMA 5" }, "geometry": { "type": "LineString", "coordinates": [ [ -106.554419608552095, 31.774944942453018, 0.0 ], [ -106.554454119316802, 31.775195043183739, 0.0 ], [ -106.553175791416507, 31.776899547181689, 0.0 ], [ -106.554115749917202, 31.777376961885501, 0.0 ], [ -106.556369263911193, 31.77443177234489, 0.0 ], [ -106.555295545984904, 31.77384971293414, 0.0 ], [ -106.555945327295007, 31.772914224904689, 0.0 ], [ -106.557013660674002, 31.773486033097189, 0.0 ], [ -106.558369364172705, 31.771698025479999, 0.0 ] ] } },
{ "type": "Feature", "properties": { "id": null, "Name": "ALD-3-S-13-2/1", "description": null, "timestamp": null, "begin": null, "end": null, "altitudeMode": null, "tessellate": 1, "extrude": 0, "visibility": 0, "drawOrder": null, "icon": null, "Folder": "AMPLEACION ALDAMA 5" }, "geometry": { "type": "LineString", "coordinates": [ [ -106.557407874960901, 31.77312842234112, 0.0 ], [ -106.557668757635795, 31.77273650299815, 0.0 ], [ -106.556541129034898, 31.77210493672948, 0.0 ] ] } },
{ "type": "Feature", "properties": { "id": null, "Name": "ALD-3-S-13-3", "description": null, "timestamp": null, "begin": null, "end": null, "altitudeMode": null, "tessellate": 1, "extrude": 0, "visibility": 0, "drawOrder": null, "icon": null, "Folder": "AMPLEACION ALDAMA 5" }, "geometry": { "type": "LineString", "coordinates": [ [ -106.555971993506105, 31.775795992225969, 0.0 ], [ -106.556569432751601, 31.776141965092801, 0.0 ], [ -106.555238126367399, 31.777941177338789, 0.0 ], [ -106.556705930725698, 31.77869548172151, 0.0 ], [ -106.557981679332599, 31.776888484728751, 0.0 ], [ -106.558805674088404, 31.775782624279589, 0.0 ], [ -106.557423619841799, 31.774990985418761, 0.0 ], [ -106.558066017937307, 31.77408104129217, 0.0 ] ] } },
{ "type": "Feature", "properties": { "id": null, "Name": "ALD-3-S-13-4", "description": null, "timestamp": null, "begin": null, "end": null, "altitudeMode": null, "tessellate": 1, "extrude": 0, "visibility": 0, "drawOrder": null, "icon": null, "Folder": "AMPLEACION ALDAMA 5" }, "geometry": { "type": "LineString", "coordinates": [ [ -106.558368817259193, 31.777076372471171, 0.0 ], [ -106.559972265190197, 31.7779861355747, 0.0 ], [ -106.561491112860693, 31.775917020340909, 0.0 ], [ -106.560416063996399, 31.7753547446192, 0.0 ], [ -106.561077461980005, 31.774440834968889, 0.0 ], [ -106.558335441178798, 31.77292831306163, 0.0 ] ] } },
{ "type": "Feature", "properties": { "id": null, "Name": "ALD-3-S-13-6", "description": null, "timestamp": null, "begin": null, "end": null, "altitudeMode": null, "tessellate": 1, "extrude": 0, "visibility": 0, "drawOrder": null, "icon": null, "Folder": "AMPLEACION ALDAMA 5" }, "geometry": { "type": "LineString", "coordinates": [ [ -106.561483929160204, 31.781360065881969, 0.0 ], [ -106.562131040001802, 31.781737675840329, 0.0 ], [ -106.561519049758203, 31.782617748861451, 0.0 ], [ -106.562387991193702, 31.78307685941634, 0.0 ], [ -106.5640936145995, 31.7808223394421, 0.0 ], [ -106.564341838679894, 31.780172280022931, 0.0 ], [ -106.565053400746507, 31.77916098085494, 0.0 ], [ -106.564370598675495, 31.778796711066441, 0.0 ], [ -106.565052447535294, 31.777831280053871, 0.0 ], [ -106.565510438046601, 31.778098555316671, 0.0 ], [ -106.566976050551901, 31.778893926332561, 0.0 ], [ -106.567269832641799, 31.778483829632911, 0.0 ], [ -106.568665470413805, 31.77928661178391, 0.0 ] ] } },
{ "type": "Feature", "properties": { "id": null, "Name": "ALD-3-S-13-7", "description": null, "timestamp": null, "begin": null, "end": null, "altitudeMode": null, "tessellate": 1, "extrude": 0, "visibility": 0, "drawOrder": null, "icon": null, "Folder": "AMPLEACION ALDAMA 5" }, "geometry": { "type": "LineString", "coordinates": [ [ -106.563558029395793, 31.779883103282931, 0.0 ], [ -106.561017332571296, 31.778519186049131, 0.0 ], [ -106.562103085728907, 31.777154673997931, 0.0 ], [ -106.562731147325295, 31.77659397674298, 0.0 ], [ -106.563323038834994, 31.775686748448301, 0.0 ], [ -106.565680101527704, 31.776936238392238, 0.0 ], [ -106.566304813966298, 31.775995025460801, 0.0 ], [ -106.567269606179394, 31.776494508139631, 0.0 ], [ -106.568781229834201, 31.777308817569221, 0.0 ] ] } },
{ "type": "Feature", "properties": { "id": null, "Name": "ALD-3-S-12-1", "description": null, "timestamp": null, "begin": null, "end": null, "altitudeMode": null, "tessellate": 1, "extrude": 0, "visibility": 0, "drawOrder": null, "icon": null, "Folder": "AMPLEACION ALDAMA 5" }, "geometry": { "type": "LineString", "coordinates": [ [ -106.538987691730995, 31.769472101990299, 0.0 ], [ -106.539327644797496, 31.769424870933019, 0.0 ], [ -106.539685150677997, 31.769461468337941, 0.0 ], [ -106.540519215122004, 31.769641094890709, 0.0 ], [ -106.541461719392004, 31.769855830536251, 0.0 ], [ -106.542005358572496, 31.769957464878129, 0.0 ], [ -106.541685537224396, 31.771039955675121, 0.0 ], [ -106.541472270789995, 31.77203950618911, 0.0 ], [ -106.542209892561402, 31.77225377367251, 0.0 ] ] } },
{ "type": "Feature", "properties": { "id": null, "Name": "ALD-3-S-12-1/1", "description": null, "timestamp": null, "begin": null, "end": null, "altitudeMode": null, "tessellate": 1, "extrude": 0, "visibility": 0, "drawOrder": null, "icon": null, "Folder": "AMPLEACION ALDAMA 5" }, "geometry": { "type": "LineString", "coordinates": [ [ -106.542007713573298, 31.769961794889291, 0.0 ], [ -106.542520781110497, 31.770056620176149, 0.0 ], [ -106.543476464634495, 31.770241680795319, 0.0 ], [ -106.544121139718698, 31.770354695177701, 0.0 ], [ -106.543947302065902, 31.771043875546599, 0.0 ], [ -106.543822601975904, 31.771374376911179, 0.0 ], [ -106.544374912280404, 31.771458491094229, 0.0 ] ] } },
{ "type": "Feature", "properties": { "id": null, "Name": "ALD-3-S-12-2", "description": null, "timestamp": null, "begin": null, "end": null, "altitudeMode": null, "tessellate": 1, "extrude": 0, "visibility": 0, "drawOrder": null, "icon": null, "Folder": "AMPLEACION ALDAMA 5" }, "geometry": { "type": "LineString", "coordinates": [ [ -106.545142827672095, 31.77059295689974, 0.0 ], [ -106.545461975262697, 31.77063778100138, 0.0 ], [ -106.546101969155004, 31.77078782802899, 0.0 ], [ -106.546845714430106, 31.771022863622559, 0.0 ], [ -106.547147943081697, 31.770619909132829, 0.0 ], [ -106.548444882559906, 31.768974621920069, 0.0 ], [ -106.549507575630599, 31.767662586884811, 0.0 ], [ -106.550399596626903, 31.76673085601951, 0.0 ], [ -106.551301387635704, 31.765792171018251, 0.0 ] ] } },
{ "type": "Feature", "properties": { "id": null, "Name": "ALD-3-S-12-3", "description": null, "timestamp": null, "begin": null, "end": null, "altitudeMode": null, "tessellate": 1, "extrude": 0, "visibility": 0, "drawOrder": null, "icon": null, "Folder": "AMPLEACION ALDAMA 5" }, "geometry": { "type": "LineString", "coordinates": [ [ -106.544791698548195, 31.771580067268701, 0.0 ], [ -106.546169206944896, 31.771932135641819, 0.0 ], [ -106.547262620697097, 31.772263588234729, 0.0 ], [ -106.547926201193107, 31.771300278924599, 0.0 ], [ -106.549301325875007, 31.77171390472904, 0.0 ], [ -106.550712695788306, 31.769697305480541, 0.0 ], [ -106.549545948138302, 31.769323784774748, 0.0 ], [ -106.550163148124795, 31.76838741815018, 0.0 ], [ -106.5503625264367, 31.768438251900289, 0.0 ], [ -106.552464897574794, 31.76601191367191, 0.0 ], [ -106.552945406353999, 31.765452821734399, 0.0 ], [ -106.553623112667395, 31.765872328672479, 0.0 ], [ -106.554004696217604, 31.765368858247161, 0.0 ] ] } },
{ "type": "Feature", "properties": { "id": null, "Name": "ALD-3-S-12-4", "description": null, "timestamp": null, "begin": null, "end": null, "altitudeMode": null, "tessellate": 1, "extrude": 0, "visibility": 0, "drawOrder": null, "icon": null, "Folder": "AMPLEACION ALDAMA 5" }, "geometry": { "type": "LineString", "coordinates": [ [ -106.549242586644297, 31.77282240387089, 0.0 ], [ -106.549813157799605, 31.772987094676211, 0.0 ], [ -106.551277305784097, 31.77092307193497, 0.0 ], [ -106.552377881054895, 31.769410071407911, 0.0 ], [ -106.553472481282896, 31.76811525119146, 0.0 ], [ -106.554000611600301, 31.767563226079819, 0.0 ], [ -106.552778207501404, 31.76675419935701, 0.0 ], [ -106.552453002585807, 31.76700994353579, 0.0 ], [ -106.551082223172699, 31.76848786850082, 0.0 ] ] } },
{ "type": "Feature", "properties": { "id": null, "Name": "ALD-3-S-12-5", "description": null, "timestamp": null, "begin": null, "end": null, "altitudeMode": null, "tessellate": 1, "extrude": 0, "visibility": 0, "drawOrder": null, "icon": null, "Folder": "AMPLEACION ALDAMA 5" }, "geometry": { "type": "LineString", "coordinates": [ [ -106.550697474734704, 31.771815280378, 0.0 ], [ -106.5518175907809, 31.772223599480899, 0.0 ], [ -106.553100101781496, 31.77266779554639, 0.0 ], [ -106.553761393319306, 31.77174212375542, 0.0 ], [ -106.552349881860593, 31.771256028653038, 0.0 ], [ -106.5529854391756, 31.770311277661101, 0.0 ], [ -106.554437388477794, 31.770819702199621, 0.0 ], [ -106.555514721716605, 31.769460750573511, 0.0 ], [ -106.555860103407198, 31.769004746325241, 0.0 ] ] } },
{ "type": "Feature", "properties": { "id": null, "Name": "ALD-3-S-12-7", "description": null, "timestamp": null, "begin": null, "end": null, "altitudeMode": null, "tessellate": 1, "extrude": 0, "visibility": 0, "drawOrder": null, "icon": null, "Folder": "AMPLEACION ALDAMA 5" }, "geometry": { "type": "LineString", "coordinates": [ [ -106.557526728766405, 31.769944046705749, 0.0 ], [ -106.558177536176103, 31.770308662255012, 0.0 ], [ -106.557810252189299, 31.770773078297601, 0.0 ], [ -106.561153229288394, 31.772614798825678, 0.0 ], [ -106.561796684964307, 31.771654289825811, 0.0 ], [ -106.562193142715998, 31.77200467574227, 0.0 ], [ -106.564928128581997, 31.77350514897817, 0.0 ] ] } },
{ "type": "Feature", "properties": { "id": null, "Name": "ALD-3-S-13-10", "description": "1,343 mts", "timestamp": null, "begin": null, "end": null, "altitudeMode": null, "tessellate": 1, "extrude": 0, "visibility": 0, "drawOrder": null, "icon": null, "Folder": "AMPLEACION ALDAMA 5" }, "geometry": { "type": "LineString", "coordinates": [ [ -106.554419608552095, 31.774944942453018, 0.0 ], [ -106.554454119316802, 31.775195043183739, 0.0 ], [ -106.553175791416507, 31.776899547181689, 0.0 ], [ -106.554115749917202, 31.777376961885501, 0.0 ], [ -106.556369263911193, 31.77443177234489, 0.0 ], [ -106.555295545984904, 31.77384971293414, 0.0 ], [ -106.555945327295007, 31.772914224904689, 0.0 ], [ -106.557013660674002, 31.773486033097189, 0.0 ], [ -106.558369364172705, 31.771698025479999, 0.0 ] ] } },
{ "type": "Feature", "properties": { "id": null, "Name": "ALD-3-S-13-11", "description": "1009 mts", "timestamp": null, "begin": null, "end": null, "altitudeMode": null, "tessellate": 1, "extrude": 0, "visibility": 0, "drawOrder": null, "icon": null, "Folder": "AMPLEACION ALDAMA 5" }, "geometry": { "type": "LineString", "coordinates": [ [ -106.558368817259193, 31.777076372471171, 0.0 ], [ -106.559999085269993, 31.777987919226941, 0.0 ], [ -106.560814047544696, 31.777099624656909, 0.0 ], [ -106.561494257781902, 31.77590848802738, 0.0 ], [ -106.560432492055995, 31.775337176415441, 0.0 ], [ -106.561505531404094, 31.774167761313901, 0.0 ], [ -106.561868953427506, 31.7734149230218, 0.0 ], [ -106.562687599545896, 31.77225715938517, 0.0 ] ] } },
{ "type": "Feature", "properties": { "id": null, "Name": "ALD-3-S-14", "description": null, "timestamp": null, "begin": null, "end": null, "altitudeMode": null, "tessellate": 1, "extrude": 0, "visibility": 0, "drawOrder": null, "icon": null, "Folder": "AMPLEACION ALDAMA 5" }, "geometry": { "type": "LineString", "coordinates": [ [ -106.570956908866194, 31.773721139398489, 0.0 ], [ -106.572139630437107, 31.772104759996189, 0.0 ], [ -106.5703554984307, 31.770921275229171, 0.0 ], [ -106.569167019273706, 31.772539115151449, 0.0 ], [ -106.567127200036495, 31.771198194409369, 0.0 ] ] } },
{ "type": "Feature", "properties": { "id": null, "Name": "ALD-3-S-14/1SD", "description": null, "timestamp": null, "begin": null, "end": null, "altitudeMode": null, "tessellate": 1, "extrude": 0, "visibility": 0, "drawOrder": null, "icon": null, "Folder": "AMPLEACION ALDAMA 5" }, "geometry": { "type": "LineString", "coordinates": [ [ -106.570330833373006, 31.770948525995191, 0.0 ], [ -106.569629869702695, 31.770490760098539, 0.0 ] ] } },
{ "type": "Feature", "properties": { "id": null, "Name": "ALD-4-S-10-2", "description": null, "timestamp": null, "begin": null, "end": null, "altitudeMode": null, "tessellate": 1, "extrude": 0, "visibility": 0, "drawOrder": null, "icon": null, "Folder": "AMPLEACION ALDAMA 4" }, "geometry": { "type": "LineString", "coordinates": [ [ -106.534705541350604, 31.74733766208184, 0.0 ], [ -106.534335662403905, 31.74708625235095, 0.0 ], [ -106.533990902329194, 31.74681331154121, 0.0 ], [ -106.5336375479894, 31.746515570022929, 0.0 ], [ -106.534019728785594, 31.746072979968211, 0.0 ], [ -106.534269831627796, 31.745743727101772, 0.0 ], [ -106.534517721743597, 31.74545326254632, 0.0 ], [ -106.535096616648801, 31.745839011555741, 0.0 ], [ -106.534774683251996, 31.74611808886209, 0.0 ], [ -106.534517545572001, 31.74632891946267, 0.0 ], [ -106.534596537539301, 31.746401681327718, 0.0 ], [ -106.5348740057794, 31.7466239839904, 0.0 ], [ -106.535253227330202, 31.746308782422741, 0.0 ], [ -106.535775406047406, 31.74578606983091, 0.0 ], [ -106.5362454811264, 31.745285880734009, 0.0 ], [ -106.536652119831999, 31.7448561920699, 0.0 ], [ -106.536714033889396, 31.744892266479329, 0.0 ], [ -106.537202827415996, 31.745170016802451, 0.0 ], [ -106.537410356019905, 31.745292864026329, 0.0 ], [ -106.537955458920393, 31.744989113140139, 0.0 ], [ -106.537681016531806, 31.744809951859999, 0.0 ], [ -106.537060974053304, 31.74443620876125, 0.0 ] ] } },
{ "type": "Feature", "properties": { "id": null, "Name": "ALD-4-S-10-2/1", "description": null, "timestamp": null, "begin": null, "end": null, "altitudeMode": null, "tessellate": 1, "extrude": 0, "visibility": 0, "drawOrder": null, "icon": null, "Folder": "AMPLEACION ALDAMA 4" }, "geometry": { "type": "LineString", "coordinates": [ [ -106.533087099508606, 31.747676556513749, 0.0 ], [ -106.533552200434897, 31.74725446236237, 0.0 ], [ -106.534006156485106, 31.746815153822329, 0.0 ] ] } },
{ "type": "Feature", "properties": { "id": null, "Name": "ALD-4-S-10-2/2", "description": null, "timestamp": null, "begin": null, "end": null, "altitudeMode": null, "tessellate": 1, "extrude": 0, "visibility": 0, "drawOrder": null, "icon": null, "Folder": "AMPLEACION ALDAMA 4" }, "geometry": { "type": "LineString", "coordinates": [ [ -106.537055362782894, 31.744433110055251, 0.0 ], [ -106.537377902977894, 31.744038566931991, 0.0 ], [ -106.537588161529001, 31.743719189828241, 0.0 ], [ -106.537828176591105, 31.743366688630861, 0.0 ], [ -106.537944241422593, 31.742998721915431, 0.0 ] ] } },
{ "type": "Feature", "properties": { "id": null, "Name": "ALD-4-S-10-5", "description": null, "timestamp": null, "begin": null, "end": null, "altitudeMode": null, "tessellate": 1, "extrude": 0, "visibility": 0, "drawOrder": null, "icon": null, "Folder": "AMPLEACION ALDAMA 4" }, "geometry": { "type": "LineString", "coordinates": [ [ -106.540216581758898, 31.74070145039121, 0.0 ], [ -106.539795888144596, 31.74125799694955, 0.0 ], [ -106.5402934916943, 31.741466444140919, 0.0 ], [ -106.540721434733996, 31.74163706074749, 0.0 ], [ -106.540853237144304, 31.741799929824861, 0.0 ], [ -106.540997678238398, 31.74216274111658, 0.0 ], [ -106.541036093873799, 31.74242470938638, 0.0 ] ] } },
{ "type": "Feature", "properties": { "id": null, "Name": "ALD-4-S-10-5/1", "description": null, "timestamp": null, "begin": null, "end": null, "altitudeMode": null, "tessellate": 1, "extrude": 0, "visibility": 0, "drawOrder": null, "icon": null, "Folder": "AMPLEACION ALDAMA 4" }, "geometry": { "type": "LineString", "coordinates": [ [ -106.540217209244702, 31.74069816965897, 0.0 ], [ -106.540367212956298, 31.740379831594691, 0.0 ], [ -106.540477741464699, 31.739930980092179, 0.0 ], [ -106.540674290506502, 31.739516635227421, 0.0 ], [ -106.541020210814906, 31.739118420664731, 0.0 ], [ -106.540676795721296, 31.738931841052501, 0.0 ], [ -106.540283939792204, 31.73872082887263, 0.0 ] ] } },
{ "type": "Feature", "properties": { "id": null, "Name": "ALD-4-S-10-6", "description": null, "timestamp": null, "begin": null, "end": null, "altitudeMode": null, "tessellate": 1, "extrude": 0, "visibility": 0, "drawOrder": null, "icon": null, "Folder": "AMPLEACION ALDAMA 4" }, "geometry": { "type": "LineString", "coordinates": [ [ -106.536542608038204, 31.736881884423539, 0.0 ], [ -106.536750622398102, 31.736446693149979, 0.0 ], [ -106.536320798399998, 31.736296800797341, 0.0 ], [ -106.535909440557703, 31.736159751198169, 0.0 ], [ -106.535238987842206, 31.735931092958602, 0.0 ], [ -106.535470493304402, 31.735401152866221, 0.0 ], [ -106.535668471982106, 31.734987320024949, 0.0 ], [ -106.535854948651306, 31.734607564481951, 0.0 ], [ -106.536405369597404, 31.734805332789481, 0.0 ], [ -106.5368808676794, 31.734969580018578, 0.0 ], [ -106.537370974955493, 31.735143336103871, 0.0 ], [ -106.537579695903503, 31.73471656097696, 0.0 ], [ -106.5377886110861, 31.73428173467072, 0.0 ], [ -106.537992836288396, 31.733847557564282, 0.0 ], [ -106.538596070438302, 31.734053978401629, 0.0 ], [ -106.539206442291004, 31.73427087895811, 0.0 ] ] } },
{ "type": "Feature", "properties": { "id": null, "Name": "ALD-4-S-10-6/1", "description": null, "timestamp": null, "begin": null, "end": null, "altitudeMode": null, "tessellate": 1, "extrude": 0, "visibility": 0, "drawOrder": null, "icon": null, "Folder": "AMPLEACION ALDAMA 4" }, "geometry": { "type": "LineString", "coordinates": [ [ -106.537370105766598, 31.73514254952882, 0.0 ], [ -106.537170462637206, 31.735575336195279, 0.0 ], [ -106.536961138856498, 31.73601340067783, 0.0 ], [ -106.537495891944204, 31.736200602314781, 0.0 ], [ -106.538224589859695, 31.736457420487788, 0.0 ] ] } },
{ "type": "Feature", "properties": { "id": null, "Name": "ALD-3-S-11-5", "description": null, "timestamp": null, "begin": null, "end": null, "altitudeMode": null, "tessellate": 1, "extrude": 0, "visibility": 0, "drawOrder": null, "icon": null, "Folder": "AMPLEACION ALDAMA 3" }, "geometry": { "type": "LineString", "coordinates": [ [ -106.526831715700098, 31.762210709930219, 0.0 ], [ -106.527002824843294, 31.76271190680842, 0.0 ], [ -106.5276124768518, 31.762502799117598, 0.0 ], [ -106.527464832704695, 31.761988366552, 0.0 ], [ -106.527733741473597, 31.761844483812599, 0.0 ], [ -106.528146315766605, 31.761656236944621, 0.0 ], [ -106.528821785139897, 31.76146597710331, 0.0 ], [ -106.528871933427396, 31.761655373232639, 0.0 ], [ -106.528890505323602, 31.76202868958605, 0.0 ], [ -106.529206091434801, 31.76203973289908, 0.0 ], [ -106.529660181075201, 31.761911754042139, 0.0 ], [ -106.529713792022903, 31.761528108309161, 0.0 ], [ -106.529506784489101, 31.761405790021211, 0.0 ], [ -106.529677475494907, 31.761204297420431, 0.0 ], [ -106.530241402928695, 31.760643659452459, 0.0 ], [ -106.530336828853393, 31.760535106157651, 0.0 ], [ -106.530008075324204, 31.760448157202969, 0.0 ], [ -106.529600934846499, 31.760283717933099, 0.0 ], [ -106.529059642568896, 31.75984314866135, 0.0 ] ] } },
{ "type": "Feature", "properties": { "id": null, "Name": "ALD-3-S-11-5/1", "description": null, "timestamp": null, "begin": null, "end": null, "altitudeMode": null, "tessellate": 1, "extrude": 0, "visibility": 0, "drawOrder": null, "icon": null, "Folder": "AMPLEACION ALDAMA 3" }, "geometry": { "type": "LineString", "coordinates": [ [ -106.527730466565103, 31.761844664296131, 0.0 ], [ -106.527687788458195, 31.761569937400711, 0.0 ], [ -106.527655424944797, 31.761260765079129, 0.0 ], [ -106.527624628243899, 31.76093602414722, 0.0 ], [ -106.528369693452206, 31.760935894567378, 0.0 ], [ -106.528536822634194, 31.7604692608978, 0.0 ] ] } },
{ "type": "Feature", "properties": { "id": null, "Name": "ALD-3-S-11-6", "description": null, "timestamp": null, "begin": null, "end": null, "altitudeMode": null, "tessellate": 1, "extrude": 0, "visibility": 0, "drawOrder": null, "icon": null, "Folder": "AMPLEACION ALDAMA 3" }, "geometry": { "type": "LineString", "coordinates": [ [ -106.526285354988403, 31.759670878516921, 0.0 ], [ -106.526478733014798, 31.759543837066381, 0.0 ], [ -106.526816705500906, 31.759335547435491, 0.0 ], [ -106.527336661455905, 31.758981263548581, 0.0 ], [ -106.527856166025401, 31.759181516999149, 0.0 ], [ -106.528301493256606, 31.759020262909651, 0.0 ], [ -106.528789231717795, 31.75884504254299, 0.0 ], [ -106.528841208674095, 31.758993783055178, 0.0 ], [ -106.529411159839299, 31.759049140029571, 0.0 ], [ -106.529907876149295, 31.759236102524799, 0.0 ], [ -106.530144256405407, 31.759056249275609, 0.0 ], [ -106.530488547247501, 31.758922505749521, 0.0 ], [ -106.530964187748197, 31.75880396694123, 0.0 ], [ -106.531321430556005, 31.758682172340261, 0.0 ], [ -106.531671332695794, 31.758570092335439, 0.0 ], [ -106.532264447248295, 31.758439358907641, 0.0 ], [ -106.532626836792403, 31.758385168983729, 0.0 ], [ -106.532921920030105, 31.758364285988439, 0.0 ], [ -106.533429796827704, 31.75837600768752, 0.0 ], [ -106.533915174902106, 31.758418521370569, 0.0 ], [ -106.533915592200401, 31.75878513221901, 0.0 ], [ -106.533934948536995, 31.759295779276041, 0.0 ], [ -106.533947682694205, 31.759553191802961, 0.0 ], [ -106.5333068919347, 31.75963644556797, 0.0 ], [ -106.532562706168207, 31.75960987898145, 0.0 ] ] } },
{ "type": "Feature", "properties": { "id": null, "Name": "ALD-3-S-13", "description": "710 mts", "timestamp": null, "begin": null, "end": null, "altitudeMode": null, "tessellate": 1, "extrude": 0, "visibility": 0, "drawOrder": null, "icon": null, "Folder": "AMPLEACION ALDAMA 3" }, "geometry": { "type": "LineString", "coordinates": [ [ -106.533215238997698, 31.762125569645981, 0.0 ], [ -106.532664059031106, 31.761842134206368, 0.0 ], [ -106.531900689369607, 31.76239180675714, 0.0 ], [ -106.531492462038798, 31.762639614923671, 0.0 ], [ -106.532552389280795, 31.76391887229439, 0.0 ], [ -106.533119332459094, 31.764547410944171, 0.0 ], [ -106.533767624550507, 31.76421005825414, 0.0 ], [ -106.534316634454399, 31.764864072334689, 0.0 ] ] } },
{ "type": "Feature", "properties": { "id": null, "Name": "ALD-3-S-14", "description": null, "timestamp": null, "begin": null, "end": null, "altitudeMode": null, "tessellate": 1, "extrude": 0, "visibility": 0, "drawOrder": null, "icon": null, "Folder": "AMPLEACION ALDAMA 3" }, "geometry": { "type": "LineString", "coordinates": [ [ -106.570956908866194, 31.773721139398489, 0.0 ], [ -106.572139630437107, 31.772104759996189, 0.0 ], [ -106.5703554984307, 31.770921275229171, 0.0 ], [ -106.569167019273706, 31.772539115151449, 0.0 ], [ -106.567127200036495, 31.771198194409369, 0.0 ] ] } },
{ "type": "Feature", "properties": { "id": null, "Name": "ALD-3-S-11-1", "description": null, "timestamp": null, "begin": null, "end": null, "altitudeMode": null, "tessellate": 1, "extrude": 0, "visibility": 0, "drawOrder": null, "icon": null, "Folder": "AMPLEACION ALDAMA 2" }, "geometry": { "type": "LineString", "coordinates": [ [ -106.529404978110605, 31.773558100557469, 0.0 ], [ -106.529095326453501, 31.77341713819353, 0.0 ], [ -106.528948905808804, 31.773378126411131, 0.0 ], [ -106.528454553748603, 31.773190579782661, 0.0 ], [ -106.528154881832407, 31.773081549139182, 0.0 ], [ -106.527737475497901, 31.772907220091259, 0.0 ], [ -106.527224041856698, 31.77269468889353, 0.0 ], [ -106.526830556300595, 31.772541561559869, 0.0 ], [ -106.526710458462702, 31.772742887968821, 0.0 ], [ -106.526515619557799, 31.773112715183739, 0.0 ], [ -106.526580222035506, 31.773131460693939, 0.0 ], [ -106.526393973938298, 31.77348892641178, 0.0 ], [ -106.525889534331, 31.773529044194309, 0.0 ], [ -106.525214150020702, 31.773593599575211, 0.0 ], [ -106.524629359359196, 31.773630194278809, 0.0 ], [ -106.524630688764404, 31.773214381423841, 0.0 ], [ -106.524610611470294, 31.772761063959411, 0.0 ], [ -106.524558104129994, 31.772132988386911, 0.0 ], [ -106.5240632997196, 31.772140958778039, 0.0 ], [ -106.523698773971603, 31.77214535459148, 0.0 ], [ -106.523652581118697, 31.77213774848083, 0.0 ], [ -106.523712243011303, 31.77308586035652, 0.0 ], [ -106.5237708841169, 31.773992044840071, 0.0 ], [ -106.523806574742096, 31.774406276541701, 0.0 ], [ -106.523874572470405, 31.774809542717431, 0.0 ] ] } },
{ "type": "Feature", "properties": { "id": null, "Name": "ALD-3-S-11-1/1", "description": null, "timestamp": null, "begin": null, "end": null, "altitudeMode": null, "tessellate": 1, "extrude": 0, "visibility": 0, "drawOrder": null, "icon": null, "Folder": "AMPLEACION ALDAMA 2" }, "geometry": { "type": "LineString", "coordinates": [ [ -106.524556865533697, 31.77213266692738, 0.0 ], [ -106.524685658802099, 31.772116242930309, 0.0 ], [ -106.524621852266804, 31.771825697164459, 0.0 ], [ -106.524587540411602, 31.77134085711527, 0.0 ], [ -106.524608303953002, 31.77110979300101, 0.0 ], [ -106.524689415962897, 31.770655114651689, 0.0 ], [ -106.525120970445499, 31.77069349779374, 0.0 ], [ -106.525827919537704, 31.7706786223157, 0.0 ], [ -106.526106402617003, 31.77066083274557, 0.0 ] ] } },
{ "type": "Feature", "properties": { "id": null, "Name": "ALD-3-S-11-2", "description": null, "timestamp": null, "begin": null, "end": null, "altitudeMode": null, "tessellate": 1, "extrude": 0, "visibility": 0, "drawOrder": null, "icon": null, "Folder": "AMPLEACION ALDAMA 2" }, "geometry": { "type": "LineString", "coordinates": [ [ -106.529485346192104, 31.774202867250729, 0.0 ], [ -106.530114466271002, 31.774205486614999, 0.0 ], [ -106.530385850525406, 31.77417926711081, 0.0 ], [ -106.530728164812103, 31.77415566773093, 0.0 ], [ -106.531413354121696, 31.774133438571301, 0.0 ], [ -106.531422692797904, 31.774658941286539, 0.0 ], [ -106.531476961859994, 31.774904620104522, 0.0 ] ] } },
{ "type": "Feature", "properties": { "id": null, "Name": "ALD-3-S-11-3", "description": null, "timestamp": null, "begin": null, "end": null, "altitudeMode": null, "tessellate": 1, "extrude": 0, "visibility": 0, "drawOrder": null, "icon": null, "Folder": "AMPLEACION ALDAMA 2" }, "geometry": { "type": "LineString", "coordinates": [ [ -106.531483749884501, 31.774941194339089, 0.0 ], [ -106.531418552434602, 31.77465382640813, 0.0 ], [ -106.531413418131095, 31.77414381041309, 0.0 ], [ -106.531927956662102, 31.774132698541909, 0.0 ] ] } },
{ "type": "Feature", "properties": { "id": null, "Name": "ALD-3-S-11-2", "description": null, "timestamp": null, "begin": null, "end": null, "altitudeMode": null, "tessellate": 1, "extrude": 0, "visibility": 0, "drawOrder": null, "icon": null, "Folder": "AMPLEACION ALDAMA 2" }, "geometry": { "type": "LineString", "coordinates": [ [ -106.529484490156605, 31.77420332283905, 0.0 ], [ -106.529319888537998, 31.774219298313142, 0.0 ], [ -106.528596978119296, 31.77425399030469, 0.0 ], [ -106.5279923702019, 31.774183653361408, 0.0 ], [ -106.527797994520597, 31.774177802232479, 0.0 ], [ -106.527653501907807, 31.774247992890722, 0.0 ], [ -106.527226908047197, 31.77427138449417, 0.0 ], [ -106.526625682324905, 31.774167504988309, 0.0 ], [ -106.526317206760595, 31.774126774986179, 0.0 ], [ -106.525886747677404, 31.77429574677496, 0.0 ], [ -106.5249352699621, 31.774766727621039, 0.0 ], [ -106.524088350683897, 31.775211464698859, 0.0 ], [ -106.524258685878195, 31.775469037489419, 0.0 ], [ -106.525347359500202, 31.775364765806401, 0.0 ], [ -106.526137322441798, 31.77527872766672, 0.0 ], [ -106.527059542247798, 31.775260791983669, 0.0 ] ] } },
{ "type": "Feature", "properties": { "id": null, "Name": "ALD-3-S-11-2/1", "description": null, "timestamp": null, "begin": null, "end": null, "altitudeMode": null, "tessellate": 1, "extrude": 0, "visibility": 0, "drawOrder": null, "icon": null, "Folder": "AMPLEACION ALDAMA 2" }, "geometry": { "type": "LineString", "coordinates": [ [ -106.528583722857206, 31.7742454863487, 0.0 ], [ -106.5286824483359, 31.77509499425495, 0.0 ] ] } },
{ "type": "Feature", "properties": { "id": null, "Name": "ALD-3-S-11-2/2", "description": null, "timestamp": null, "begin": null, "end": null, "altitudeMode": null, "tessellate": 1, "extrude": 0, "visibility": 0, "drawOrder": null, "icon": null, "Folder": "AMPLEACION ALDAMA 2" }, "geometry": { "type": "LineString", "coordinates": [ [ -106.529479746303295, 31.77420412749683, 0.0 ], [ -106.530125562757902, 31.77420212029276, 0.0 ], [ -106.530311004538405, 31.774770550276791, 0.0 ] ] } },
{ "type": "Feature", "properties": { "id": null, "Name": "ALD-3-S-11-2/3", "description": null, "timestamp": null, "begin": null, "end": null, "altitudeMode": null, "tessellate": 1, "extrude": 0, "visibility": 0, "drawOrder": null, "icon": null, "Folder": "AMPLEACION ALDAMA 2" }, "geometry": { "type": "LineString", "coordinates": [ [ -106.529474788752793, 31.774200820370979, 0.0 ], [ -106.529271374175593, 31.772588168400869, 0.0 ] ] } },
{ "type": "Feature", "properties": { "id": null, "Name": "ALD-3-S-11-3", "description": null, "timestamp": null, "begin": null, "end": null, "altitudeMode": null, "tessellate": 1, "extrude": 0, "visibility": 0, "drawOrder": null, "icon": null, "Folder": "AMPLEACION ALDAMA 2" }, "geometry": { "type": "LineString", "coordinates": [ [ -106.522707749927505, 31.77199475825584, 0.0 ], [ -106.522639668245304, 31.771990766543759, 0.0 ], [ -106.522330953973807, 31.771916919755569, 0.0 ], [ -106.5214471366738, 31.77162053320767, 0.0 ], [ -106.521273939255195, 31.771978617169911, 0.0 ], [ -106.5211163183195, 31.77221902037709, 0.0 ], [ -106.520815709787698, 31.772589900263121, 0.0 ], [ -106.520060169775803, 31.772042285347169, 0.0 ], [ -106.519572932854601, 31.771694148240648, 0.0 ], [ -106.518911356699903, 31.771224503340111, 0.0 ], [ -106.519254442537203, 31.77086335656476, 0.0 ] ] } },
{ "type": "Feature", "properties": { "id": null, "Name": "ALD-3-S-11-3", "description": null, "timestamp": null, "begin": null, "end": null, "altitudeMode": null, "tessellate": 1, "extrude": 0, "visibility": 0, "drawOrder": null, "icon": null, "Folder": "AMPLEACION ALDAMA 2" }, "geometry": { "type": "LineString", "coordinates": [ [ -106.522706318797205, 31.7719943818412, 0.0 ], [ -106.522567530672205, 31.772408149501661, 0.0 ], [ -106.522387769956893, 31.77302061353911, 0.0 ], [ -106.522268105298593, 31.773456215634582, 0.0 ], [ -106.522093015748993, 31.77399360321354, 0.0 ] ] } },
{ "type": "Feature", "properties": { "id": null, "Name": "ALD-3-S-11-3/1", "description": null, "timestamp": null, "begin": null, "end": null, "altitudeMode": null, "tessellate": 1, "extrude": 0, "visibility": 0, "drawOrder": null, "icon": null, "Folder": "AMPLEACION ALDAMA 2" }, "geometry": { "type": "LineString", "coordinates": [ [ -106.522326195997493, 31.77191643828462, 0.0 ], [ -106.522043471601094, 31.771819563655772, 0.0 ], [ -106.521913233893898, 31.772065841690029, 0.0 ], [ -106.521969880264095, 31.772096163376329, 0.0 ], [ -106.521817082407196, 31.772433749563461, 0.0 ], [ -106.521634258860601, 31.772734694906291, 0.0 ], [ -106.521442694132801, 31.773029220758019, 0.0 ] ] } },
{ "type": "Feature", "properties": { "id": null, "Name": "ALD-3-S-11-3/2", "description": null, "timestamp": null, "begin": null, "end": null, "altitudeMode": null, "tessellate": 1, "extrude": 0, "visibility": 0, "drawOrder": null, "icon": null, "Folder": "AMPLEACION ALDAMA 2" }, "geometry": { "type": "LineString", "coordinates": [ [ -106.519269208165497, 31.770828881229981, 0.0 ], [ -106.518301480535897, 31.771848371675379, 0.0 ], [ -106.517926473960301, 31.771470066896629, 0.0 ] ] } },
{ "type": "Feature", "properties": { "id": null, "Name": "ALD-3-S-11-4", "description": null, "timestamp": null, "begin": null, "end": null, "altitudeMode": null, "tessellate": 1, "extrude": 0, "visibility": 0, "drawOrder": null, "icon": null, "Folder": "AMPLEACION ALDAMA 2" }, "geometry": { "type": "LineString", "coordinates": [ [ -106.521371620935298, 31.77058578208214, 0.0 ], [ -106.521778629777899, 31.770134040748559, 0.0 ], [ -106.522046274903303, 31.769809209444649, 0.0 ], [ -106.521776369267997, 31.76959063644016, 0.0 ], [ -106.521212407950202, 31.769050279982778, 0.0 ], [ -106.521491834431103, 31.768755819484529, 0.0 ], [ -106.521863759486806, 31.769072024036991, 0.0 ], [ -106.522389884727602, 31.769517763834472, 0.0 ], [ -106.522820105029396, 31.76987049017275, 0.0 ], [ -106.523524520095606, 31.77050587134222, 0.0 ] ] } },
{ "type": "Feature", "properties": { "id": null, "Name": "ALD-3-S-11-4", "description": null, "timestamp": null, "begin": null, "end": null, "altitudeMode": null, "tessellate": 1, "extrude": 0, "visibility": 0, "drawOrder": null, "icon": null, "Folder": "AMPLEACION ALDAMA 2" }, "geometry": { "type": "LineString", "coordinates": [ [ -106.521376763800404, 31.770593094731471, 0.0 ], [ -106.521968436374095, 31.770845454382911, 0.0 ], [ -106.522800996377796, 31.771126722819531, 0.0 ], [ -106.522599217843904, 31.771633289173732, 0.0 ], [ -106.523510789069803, 31.771835180653891, 0.0 ] ] } },
{ "type": "Feature", "properties": { "id": null, "Name": "ALD-3-S-11-4", "description": null, "timestamp": null, "begin": null, "end": null, "altitudeMode": null, "tessellate": 1, "extrude": 0, "visibility": 0, "drawOrder": null, "icon": null, "Folder": "AMPLEACION ALDAMA 2" }, "geometry": { "type": "LineString", "coordinates": [ [ -106.521369161360994, 31.7705919718614, 0.0 ], [ -106.520972324470605, 31.771007344313791, 0.0 ], [ -106.520690261237405, 31.770831817646481, 0.0 ], [ -106.520230820991699, 31.770554928996109, 0.0 ], [ -106.520374287877402, 31.770338588337552, 0.0 ], [ -106.520776059432393, 31.769766095725249, 0.0 ] ] } },
{ "type": "Feature", "properties": { "id": null, "Name": "ALD-S-14-2 (ALD-3-74/2)", "description": "1133 mts", "timestamp": null, "begin": null, "end": null, "altitudeMode": null, "tessellate": 1, "extrude": 0, "visibility": 0, "drawOrder": null, "icon": null, "Folder": "AMPLEACION ALDAMA" }, "geometry": { "type": "LineString", "coordinates": [ [ -106.526769140598105, 31.742915578946668, 0.0 ], [ -106.526894053339205, 31.742591578242131, 0.0 ], [ -106.527482183074696, 31.741313165174461, 0.0 ], [ -106.529442928868605, 31.741891439478358, 0.0 ], [ -106.5299187074625, 31.740623925855331, 0.0 ], [ -106.530393641356795, 31.739406192108, 0.0 ], [ -106.531768503719107, 31.739755753681141, 0.0 ], [ -106.533881135721302, 31.740369200647411, 0.0 ], [ -106.534248341502007, 31.740488116359231, 0.0 ], [ -106.534333841000205, 31.740123001146529, 0.0 ] ] } },
{ "type": "Feature", "properties": { "id": null, "Name": "ALD-3-S-11-12", "description": "1163 mts", "timestamp": null, "begin": null, "end": null, "altitudeMode": null, "tessellate": 1, "extrude": 0, "visibility": 0, "drawOrder": null, "icon": null, "Folder": "AMPLEACION ALDAMA" }, "geometry": { "type": "LineString", "coordinates": [ [ -106.520302628230993, 31.764759726562019, 0.0 ], [ -106.519797532330998, 31.764184919543069, 0.0 ], [ -106.520356680603598, 31.76377751086148, 0.0 ], [ -106.520929068390004, 31.76349237670517, 0.0 ], [ -106.521413190174698, 31.76315014656349, 0.0 ], [ -106.521782518274506, 31.762772995485349, 0.0 ], [ -106.522127343239504, 31.762523380837251, 0.0 ], [ -106.522642776367505, 31.76214318613372, 0.0 ], [ -106.523063930301703, 31.76272246940739, 0.0 ], [ -106.5233798627726, 31.763146985295911, 0.0 ], [ -106.522884629582606, 31.763577957094359, 0.0 ], [ -106.522752862265094, 31.76372367015577, 0.0 ], [ -106.522922099811296, 31.764037959364071, 0.0 ], [ -106.523171348261798, 31.764567322191979, 0.0 ], [ -106.523331609881694, 31.764534373849699, 0.0 ], [ -106.524032468486197, 31.764292719006349, 0.0 ], [ -106.524784813003805, 31.764177327574199, 0.0 ], [ -106.524906477582405, 31.764673060745761, 0.0 ], [ -106.525040049738394, 31.764991917072599, 0.0 ], [ -106.525272764986099, 31.765240857014039, 0.0 ], [ -106.525452245729895, 31.765181397772611, 0.0 ], [ -106.525839377087607, 31.765077755361361, 0.0 ], [ -106.526341797568904, 31.764948641441261, 0.0 ] ] } },
{ "type": "Feature", "properties": { "id": null, "Name": "ALD-1D-S-9-15/1", "description": null, "timestamp": null, "begin": null, "end": null, "altitudeMode": null, "tessellate": 1, "extrude": 0, "visibility": 0, "drawOrder": null, "icon": null, "Folder": "AMPLEACION ALDAMA" }, "geometry": { "type": "LineString", "coordinates": [ [ -106.517528222437704, 31.763805822679149, 0.0 ], [ -106.517860467021194, 31.764182799331291, 0.0 ], [ -106.518153504287397, 31.764504521808892, 0.0 ], [ -106.518281482304303, 31.764644196179319, 0.0 ], [ -106.517913855964196, 31.764898744356881, 0.0 ], [ -106.517575387827407, 31.765129174668981, 0.0 ], [ -106.517025357867993, 31.765521738138201, 0.0 ], [ -106.517366793004101, 31.765911636274289, 0.0 ], [ -106.5169864300331, 31.766185698058759, 0.0 ], [ -106.516457650169599, 31.765831533365169, 0.0 ], [ -106.515931072417203, 31.76550272136814, 0.0 ], [ -106.515147425096998, 31.764969353197849, 0.0 ], [ -106.514698380054398, 31.765072948886509, 0.0 ], [ -106.5137501661128, 31.765288268912009, 0.0 ], [ -106.512836439972801, 31.765509064738762, 0.0 ], [ -106.512722008166193, 31.765081514182839, 0.0 ] ] } },
{ "type": "Feature", "properties": { "id": null, "Name": "ALD-1D-S-9-15", "description": null, "timestamp": null, "begin": null, "end": null, "altitudeMode": null, "tessellate": 1, "extrude": 0, "visibility": 0, "drawOrder": null, "icon": null, "Folder": "AMPLEACION ALDAMA" }, "geometry": { "type": "LineString", "coordinates": [ [ -106.518276957390995, 31.764641507566552, 0.0 ], [ -106.518151348670202, 31.76450360249753, 0.0 ], [ -106.517861927284699, 31.764184864138489, 0.0 ], [ -106.517522668051996, 31.76380070791981, 0.0 ], [ -106.516993090492804, 31.763209590685449, 0.0 ], [ -106.516734963130105, 31.762897250768951, 0.0 ], [ -106.516406595907497, 31.762522831998059, 0.0 ], [ -106.5161482559284, 31.762224113962841, 0.0 ], [ -106.515918764521899, 31.761918417513851, 0.0 ], [ -106.515334270811394, 31.762401309135999, 0.0 ], [ -106.515076293464801, 31.762599011840901, 0.0 ], [ -106.514750309032493, 31.762862761644971, 0.0 ], [ -106.514505995513602, 31.76300751148348, 0.0 ], [ -106.514004328916599, 31.763093787143379, 0.0 ], [ -106.513410850966494, 31.76325829589252, 0.0 ], [ -106.513090393457105, 31.763534697028909, 0.0 ] ] } },
{ "type": "Feature", "properties": { "id": null, "Name": "ALD-1D-S-9-14/2", "description": null, "timestamp": null, "begin": null, "end": null, "altitudeMode": null, "tessellate": 1, "extrude": 0, "visibility": 0, "drawOrder": null, "icon": null, "Folder": "AMPLEACION ALDAMA" }, "geometry": { "type": "LineString", "coordinates": [ [ -106.518537958261305, 31.76115823429317, 0.0 ], [ -106.518984712243295, 31.761444804300329, 0.0 ], [ -106.519372392713606, 31.76178215952439, 0.0 ], [ -106.519722244785299, 31.762105625838849, 0.0 ] ] } },
{ "type": "Feature", "properties": { "id": null, "Name": "ALD-1D-S-9-14", "description": null, "timestamp": null, "begin": null, "end": null, "altitudeMode": null, "tessellate": 1, "extrude": 0, "visibility": 0, "drawOrder": null, "icon": null, "Folder": "AMPLEACION ALDAMA" }, "geometry": { "type": "LineString", "coordinates": [ [ -106.519082481384601, 31.763266738704349, 0.0 ], [ -106.519479348412901, 31.763769674392229, 0.0 ], [ -106.519830504437707, 31.764167098987759, 0.0 ], [ -106.520050319307202, 31.764424454003109, 0.0 ], [ -106.520328378170205, 31.764719690214239, 0.0 ], [ -106.5206267580798, 31.76508887813295, 0.0 ], [ -106.520869747520706, 31.765371163128719, 0.0 ], [ -106.521110979552304, 31.76564955076114, 0.0 ], [ -106.521449056219893, 31.766010293050918, 0.0 ], [ -106.521703449602498, 31.76628220531051, 0.0 ], [ -106.5219773762458, 31.766538854835929, 0.0 ] ] } },
{ "type": "Feature", "properties": { "id": null, "Name": "ALD-1D-S-9-14/1", "description": null, "timestamp": null, "begin": null, "end": null, "altitudeMode": null, "tessellate": 1, "extrude": 0, "visibility": 0, "drawOrder": null, "icon": null, "Folder": "AMPLEACION ALDAMA" }, "geometry": { "type": "LineString", "coordinates": [ [ -106.519481104943097, 31.763771390896292, 0.0 ], [ -106.519085680680902, 31.76327254881037, 0.0 ], [ -106.518747126899797, 31.763528421762171, 0.0 ], [ -106.518379524368697, 31.763807251466829, 0.0 ], [ -106.517965515512898, 31.763355503285101, 0.0 ], [ -106.517641744463802, 31.76296005092258, 0.0 ], [ -106.517445157338301, 31.7627258365799, 0.0 ], [ -106.5176420402139, 31.762402839430809, 0.0 ], [ -106.517861713028097, 31.762090215351101, 0.0 ], [ -106.518159668961701, 31.761626158951419, 0.0 ], [ -106.518529227023507, 31.76115296652365, 0.0 ], [ -106.518980469996805, 31.76144286951213, 0.0 ], [ -106.519280401399101, 31.7610621719523, 0.0 ], [ -106.5195034460735, 31.760813463645569, 0.0 ], [ -106.519785580918196, 31.76046325021025, 0.0 ], [ -106.5200937821824, 31.760094747891589, 0.0 ], [ -106.520424320666507, 31.759820084982451, 0.0 ] ] } },
{ "type": "Feature", "properties": { "id": null, "Name": null, "description": null, "timestamp": null, "begin": null, "end": null, "altitudeMode": null, "tessellate": 1, "extrude": 0, "visibility": 0, "drawOrder": null, "icon": null, "Folder": "AMPLEACION ALDAMA" }, "geometry": { "type": "LineString", "coordinates": [ [ -106.526944582026303, 31.742606427879501, 0.0 ], [ -106.526835173413005, 31.742900937943801, 0.0 ], [ -106.526803515256006, 31.742975857474161, 0.0 ], [ -106.525942255937807, 31.745158081283218, 0.0 ], [ -106.525411593050904, 31.746439450751819, 0.0 ], [ -106.526715260942794, 31.746806048144141, 0.0 ], [ -106.5270524829089, 31.745910282471339, 0.0 ], [ -106.527427271374506, 31.74499754244982, 0.0 ], [ -106.527826059397299, 31.744009342193479, 0.0 ], [ -106.528265231063898, 31.74296628798972, 0.0 ], [ -106.529212501179302, 31.7432446641632, 0.0 ] ] } },
{ "type": "Feature", "properties": { "id": null, "Name": "ALD-1D-S-9-1/1", "description": null, "timestamp": null, "begin": null, "end": null, "altitudeMode": null, "tessellate": 1, "extrude": 0, "visibility": 0, "drawOrder": null, "icon": null, "Folder": "AMPLEACION ALDAMA" }, "geometry": { "type": "LineString", "coordinates": [ [ -106.526966053748595, 31.742567266445551, 0.0 ], [ -106.527159342507105, 31.742064869540069, 0.0 ], [ -106.527184234877794, 31.742009594308922, 0.0 ], [ -106.527314482452994, 31.741655574122621, 0.0 ], [ -106.527465390406704, 31.74130893855359, 0.0 ], [ -106.527922276525103, 31.740113089930031, 0.0 ], [ -106.528589360111198, 31.740330130061341, 0.0 ] ] } },
{ "type": "Feature", "properties": { "id": null, "Name": "ALD-1D-S-9-2", "description": null, "timestamp": null, "begin": null, "end": null, "altitudeMode": null, "tessellate": 1, "extrude": 0, "visibility": 0, "drawOrder": null, "icon": null, "Folder": "AMPLEACION ALDAMA" }, "geometry": { "type": "LineString", "coordinates": [ [ -106.528484068900894, 31.742440458126332, 0.0 ], [ -106.5287171133822, 31.742506146984141, 0.0 ], [ -106.529117746377494, 31.742618253712251, 0.0 ], [ -106.529694000296701, 31.741203124855229, 0.0 ], [ -106.5301869615935, 31.7399332680036, 0.0 ], [ -106.5303900385871, 31.739392030444922, 0.0 ], [ -106.531383576288704, 31.739658960810502, 0.0 ], [ -106.531776795887694, 31.739758962772282, 0.0 ], [ -106.532971597201396, 31.740112716281381, 0.0 ], [ -106.534233047223097, 31.740462533007069, 0.0 ], [ -106.534347977651905, 31.740110843641752, 0.0 ], [ -106.534489943809206, 31.73974231918065, 0.0 ], [ -106.534492031970103, 31.739569002166629, 0.0 ], [ -106.534791515168493, 31.73899179876587, 0.0 ], [ -106.534233971713206, 31.738826474789189, 0.0 ] ] } },
{ "type": "Feature", "properties": { "id": null, "Name": "ALD-1D-S-9-3", "description": null, "timestamp": null, "begin": null, "end": null, "altitudeMode": null, "tessellate": 1, "extrude": 0, "visibility": 0, "drawOrder": null, "icon": null, "Folder": "AMPLEACION ALDAMA" }, "geometry": { "type": "LineString", "coordinates": [ [ -106.529766000660203, 31.742813689914399, 0.0 ], [ -106.529889007372205, 31.742489481417429, 0.0 ], [ -106.530059967569102, 31.742080723046811, 0.0 ], [ -106.530727608393093, 31.74225322007203, 0.0 ], [ -106.5312118096696, 31.741058933180089, 0.0 ], [ -106.5317205256476, 31.741199209212219, 0.0 ], [ -106.532281561359895, 31.741246420471299, 0.0 ], [ -106.532710444998202, 31.7413488766292, 0.0 ], [ -106.533270062379302, 31.741522030495691, 0.0 ], [ -106.533807009514405, 31.741672744206351, 0.0 ], [ -106.533526765177101, 31.742331912578599, 0.0 ], [ -106.533363230873306, 31.742585783078191, 0.0 ], [ -106.5333636042172, 31.742582070557091, 0.0 ], [ -106.533485366905794, 31.742397097802069, 0.0 ], [ -106.535370005970506, 31.743175014333382, 0.0 ] ] } },
{ "type": "Feature", "properties": { "id": null, "Name": "ALD-1D-S-9-3/1", "description": null, "timestamp": null, "begin": null, "end": null, "altitudeMode": null, "tessellate": 1, "extrude": 0, "visibility": 0, "drawOrder": null, "icon": null, "Folder": "AMPLEACION ALDAMA" }, "geometry": { "type": "LineString", "coordinates": [ [ -106.5308675060528, 31.741910135062671, 0.0 ], [ -106.530728713084699, 31.742249583428649, 0.0 ], [ -106.531250069897297, 31.74241474804349, 0.0 ], [ -106.530990541918896, 31.743085058318659, 0.0 ], [ -106.530751680905595, 31.743711523248251, 0.0 ], [ -106.531479869827805, 31.743931205075789, 0.0 ], [ -106.531997080064301, 31.744086385340228, 0.0 ] ] } },
{ "type": "Feature", "properties": { "id": null, "Name": "ALD-1D-S-9-4", "description": null, "timestamp": null, "begin": null, "end": null, "altitudeMode": null, "tessellate": 1, "extrude": 0, "visibility": 0, "drawOrder": null, "icon": null, "Folder": "AMPLEACION ALDAMA" }, "geometry": { "type": "LineString", "coordinates": [ [ -106.526962584294296, 31.747717272330981, 0.0 ], [ -106.527125326307299, 31.747317311704929, 0.0 ], [ -106.527267207583805, 31.746969408051729, 0.0 ], [ -106.527629694343503, 31.74707456880483, 0.0 ], [ -106.528046631641004, 31.74719408373759, 0.0 ], [ -106.528256606528899, 31.746643921073218, 0.0 ], [ -106.528393426438001, 31.746289257059491, 0.0 ], [ -106.528537376882198, 31.745915030893489, 0.0 ], [ -106.528837233981093, 31.745133771594201, 0.0 ], [ -106.529003193771999, 31.74472494755172, 0.0 ], [ -106.529158797173295, 31.744354841813571, 0.0 ], [ -106.529265767580199, 31.744097510093329, 0.0 ], [ -106.529903329788496, 31.7442879770114, 0.0 ], [ -106.530427595743703, 31.74444857200449, 0.0 ] ] } },
{ "type": "Feature", "properties": { "id": null, "Name": "ALD-1D-S-9-4/1", "description": null, "timestamp": null, "begin": null, "end": null, "altitudeMode": null, "tessellate": 1, "extrude": 0, "visibility": 0, "drawOrder": null, "icon": null, "Folder": "AMPLEACION ALDAMA" }, "geometry": { "type": "LineString", "coordinates": [ [ -106.527274590716303, 31.74697634755681, 0.0 ], [ -106.527612909233298, 31.747067179578181, 0.0 ], [ -106.528053872572798, 31.747195464765451, 0.0 ], [ -106.528678288192395, 31.74736970063141, 0.0 ], [ -106.5293371876907, 31.747566636067269, 0.0 ], [ -106.529610504203603, 31.74764421102093, 0.0 ], [ -106.529806762254395, 31.747708046232638, 0.0 ], [ -106.530001491284196, 31.747843547037419, 0.0 ], [ -106.530396184347794, 31.747927834987429, 0.0 ], [ -106.530632044571703, 31.748010281539379, 0.0 ] ] } },
{ "type": "Feature", "properties": { "id": null, "Name": "ALD-1D-S-9-4/2", "description": null, "timestamp": null, "begin": null, "end": null, "altitudeMode": null, "tessellate": 1, "extrude": 0, "visibility": 0, "drawOrder": null, "icon": null, "Folder": "AMPLEACION ALDAMA" }, "geometry": { "type": "LineString", "coordinates": [ [ -106.528277742053504, 31.746621266216891, 0.0 ], [ -106.528387119643298, 31.74630318897184, 0.0 ], [ -106.528548642974798, 31.74592776839259, 0.0 ], [ -106.5291960100718, 31.746104560439289, 0.0 ], [ -106.529881010863704, 31.74630436078391, 0.0 ] ] } },
{ "type": "Feature", "properties": { "id": null, "Name": "ALD-1D-S-9-5,6", "description": null, "timestamp": null, "begin": null, "end": null, "altitudeMode": null, "tessellate": 1, "extrude": 0, "visibility": 0, "drawOrder": null, "icon": null, "Folder": "AMPLEACION ALDAMA" }, "geometry": { "type": "LineString", "coordinates": [ [ -106.523900776417605, 31.75024855530063, 0.0 ], [ -106.524093958575904, 31.749740061870401, 0.0 ], [ -106.524233720768393, 31.74940533223943, 0.0 ], [ -106.524315733232996, 31.749184581177481, 0.0 ], [ -106.524385402071005, 31.74899921699129, 0.0 ], [ -106.524604985722604, 31.748455668914591, 0.0 ], [ -106.524741879041699, 31.748137791152931, 0.0 ], [ -106.524907411363699, 31.74771400740525, 0.0 ], [ -106.525128761653605, 31.747180080952411, 0.0 ], [ -106.525683877828101, 31.747328386226211, 0.0 ], [ -106.526442035426697, 31.74755780491855, 0.0 ], [ -106.526227115778795, 31.748101382796591, 0.0 ], [ -106.526075492203205, 31.748473114991761, 0.0 ], [ -106.525920754770098, 31.74884677657834, 0.0 ], [ -106.5264445548287, 31.748999732184441, 0.0 ], [ -106.526595516537796, 31.748646058304729, 0.0 ], [ -106.526744677726498, 31.748255783840548, 0.0 ], [ -106.5273751824909, 31.74855434473055, 0.0 ], [ -106.527547818316293, 31.748504453288671, 0.0 ], [ -106.528040817897306, 31.74866400432072, 0.0 ], [ -106.528261202369293, 31.748167932818159, 0.0 ], [ -106.528283002390495, 31.748126413617712, 0.0 ], [ -106.528636250850397, 31.748190220006421, 0.0 ], [ -106.528987648473105, 31.748258293229561, 0.0 ], [ -106.529420939697005, 31.74833696152988, 0.0 ], [ -106.529579484778793, 31.748364823929919, 0.0 ], [ -106.529379944506999, 31.748754384860561, 0.0 ], [ -106.529222197204405, 31.749167156474151, 0.0 ], [ -106.529061896192104, 31.74950709923311, 0.0 ], [ -106.529350076474699, 31.749646064828841, 0.0 ], [ -106.529714581588706, 31.749800894753331, 0.0 ], [ -106.530224771226997, 31.750015923429771, 0.0 ], [ -106.530401904900998, 31.749643225976541, 0.0 ], [ -106.5306188183675, 31.749141557513791, 0.0 ], [ -106.530835408458302, 31.748697649887049, 0.0 ], [ -106.531078731198505, 31.74813594448657, 0.0 ], [ -106.531703049642601, 31.748330322529259, 0.0 ], [ -106.531799394529102, 31.74837094501045, 0.0 ], [ -106.531926680828207, 31.748412003980249, 0.0 ], [ -106.532374155312795, 31.748559979657191, 0.0 ], [ -106.532964078931798, 31.748760923968771, 0.0 ], [ -106.533729995816103, 31.749010896116381, 0.0 ], [ -106.534376037943005, 31.749214380271429, 0.0 ], [ -106.534192011814497, 31.749597681013721, 0.0 ], [ -106.533934344677704, 31.74974369638219, 0.0 ], [ -106.533770430935903, 31.750045348014261, 0.0 ], [ -106.533681202460002, 31.749991179289161, 0.0 ], [ -106.533272629487001, 31.749811574166721, 0.0 ] ] } },
{ "type": "Feature", "properties": { "id": null, "Name": "ALD-1D-S-9-5,6/1", "description": null, "timestamp": null, "begin": null, "end": null, "altitudeMode": null, "tessellate": 1, "extrude": 0, "visibility": 0, "drawOrder": null, "icon": null, "Folder": "AMPLEACION ALDAMA" }, "geometry": { "type": "LineString", "coordinates": [ [ -106.530222396526995, 31.75000958952246, 0.0 ], [ -106.529902711655097, 31.750745251838289, 0.0 ], [ -106.530508242229502, 31.750980941809502, 0.0 ], [ -106.530327189992306, 31.751442559754601, 0.0 ], [ -106.530596298018594, 31.751380941707328, 0.0 ], [ -106.531078138993195, 31.751181489867339, 0.0 ], [ -106.531473628517205, 31.750890431552321, 0.0 ] ] } },
{ "type": "Feature", "properties": { "id": null, "Name": "ALD-1D-S-9-8", "description": null, "timestamp": null, "begin": null, "end": null, "altitudeMode": null, "tessellate": 1, "extrude": 0, "visibility": 0, "drawOrder": null, "icon": null, "Folder": "AMPLEACION ALDAMA" }, "geometry": { "type": "LineString", "coordinates": [ [ -106.527876830093007, 31.753054901270911, 0.0 ], [ -106.528874701361104, 31.753359006019771, 0.0 ], [ -106.531163009536797, 31.75407297785754, 0.0 ], [ -106.532014216001301, 31.75288788857824, 0.0 ], [ -106.530985094083107, 31.75257936514333, 0.0 ] ] } },
{ "type": "Feature", "properties": { "id": null, "Name": "ALD-1D-S-9-8/1", "description": null, "timestamp": null, "begin": null, "end": null, "altitudeMode": null, "tessellate": 1, "extrude": 0, "visibility": 0, "drawOrder": null, "icon": null, "Folder": "AMPLEACION ALDAMA" }, "geometry": { "type": "LineString", "coordinates": [ [ -106.528871143119702, 31.753358110898471, 0.0 ], [ -106.528474300189202, 31.753238558956859, 0.0 ], [ -106.528342185602199, 31.75354561492496, 0.0 ], [ -106.528195676055304, 31.753956942316591, 0.0 ], [ -106.528602733804703, 31.754092695214538, 0.0 ], [ -106.528968039912996, 31.754195263203499, 0.0 ], [ -106.528787193697994, 31.75461277169342, 0.0 ], [ -106.528535128936696, 31.755057004346519, 0.0 ], [ -106.528358608597699, 31.755415513397939, 0.0 ], [ -106.528099766741803, 31.755319702938181, 0.0 ], [ -106.527657852065403, 31.755149557288739, 0.0 ], [ -106.527455915816006, 31.755505051019419, 0.0 ], [ -106.527272793220007, 31.755861266660499, 0.0 ] ] } },
{ "type": "Feature", "properties": { "id": null, "Name": "ALD-1D-S-9-8/2", "description": null, "timestamp": null, "begin": null, "end": null, "altitudeMode": null, "tessellate": 1, "extrude": 0, "visibility": 0, "drawOrder": null, "icon": null, "Folder": "AMPLEACION ALDAMA" }, "geometry": { "type": "LineString", "coordinates": [ [ -106.528533953797506, 31.755056150836101, 0.0 ], [ -106.528364198453303, 31.75541088414052, 0.0 ], [ -106.528495824663494, 31.755464576074001, 0.0 ], [ -106.528717558301494, 31.755546942691979, 0.0 ], [ -106.528810260160299, 31.755579943689138, 0.0 ], [ -106.529052155053705, 31.755674633433731, 0.0 ], [ -106.529048955661594, 31.755771281905648, 0.0 ], [ -106.528897264436395, 31.756099854173279, 0.0 ] ] } },
{ "type": "Feature", "properties": { "id": null, "Name": "ALD-1D-S-9-9", "description": null, "timestamp": null, "begin": null, "end": null, "altitudeMode": null, "tessellate": 1, "extrude": 0, "visibility": 0, "drawOrder": null, "icon": null, "Folder": "AMPLEACION ALDAMA" }, "geometry": { "type": "LineString", "coordinates": [ [ -106.521725688033598, 31.75781784535117, 0.0 ], [ -106.522355134025105, 31.75765227374913, 0.0 ], [ -106.523038021868501, 31.757581284949651, 0.0 ], [ -106.522949932408906, 31.75705943643057, 0.0 ], [ -106.523481042263896, 31.75697615681656, 0.0 ], [ -106.524007741718194, 31.756905925390569, 0.0 ], [ -106.524497309235599, 31.756840665704718, 0.0 ], [ -106.524394486893399, 31.75635853057662, 0.0 ], [ -106.524492346651002, 31.75626176072516, 0.0 ], [ -106.5249524870041, 31.756188318798088, 0.0 ], [ -106.5252529791955, 31.75604105717159, 0.0 ], [ -106.525618609262906, 31.755204892818, 0.0 ], [ -106.5254481587274, 31.75528753599858, 0.0 ], [ -106.524851838785196, 31.755117695993579, 0.0 ], [ -106.524537861807403, 31.75501886435741, 0.0 ], [ -106.524463098824697, 31.755201850799011, 0.0 ], [ -106.524335894025, 31.755365262597941, 0.0 ] ] } },
{ "type": "Feature", "properties": { "id": null, "Name": "ALD-1D-S-9-9/1", "description": null, "timestamp": null, "begin": null, "end": null, "altitudeMode": null, "tessellate": 1, "extrude": 0, "visibility": 0, "drawOrder": null, "icon": null, "Folder": "AMPLEACION ALDAMA" }, "geometry": { "type": "LineString", "coordinates": [ [ -106.5254492089434, 31.7552863174378, 0.0 ], [ -106.525619136766295, 31.755205810111612, 0.0 ], [ -106.526244750458503, 31.755403480961839, 0.0 ], [ -106.526362787287397, 31.755139299538499, 0.0 ], [ -106.526499882744602, 31.75481265347268, 0.0 ], [ -106.526610984418397, 31.75455983440785, 0.0 ], [ -106.526751555210794, 31.754235631035929, 0.0 ], [ -106.527276152116499, 31.754411199892509, 0.0 ] ] } },
{ "type": "Feature", "properties": { "id": null, "Name": "ALD-1D-S-9-10", "description": null, "timestamp": null, "begin": null, "end": null, "altitudeMode": null, "tessellate": 1, "extrude": 0, "visibility": 0, "drawOrder": null, "icon": null, "Folder": "AMPLEACION ALDAMA" }, "geometry": { "type": "LineString", "coordinates": [ [ -106.520557898783693, 31.759145848269839, 0.0 ], [ -106.521066490027906, 31.759037944246629, 0.0 ], [ -106.521611626673405, 31.758927694632909, 0.0 ], [ -106.522127258939506, 31.758823662528911, 0.0 ], [ -106.522571868105601, 31.758768307642299, 0.0 ], [ -106.523004076499504, 31.758708549522581, 0.0 ], [ -106.523260247522401, 31.758673481732579, 0.0 ], [ -106.5238807955336, 31.758604203447089, 0.0 ], [ -106.524452748968599, 31.75854818655862, 0.0 ], [ -106.524773780378993, 31.758502601150671, 0.0 ], [ -106.525098534710295, 31.758462102833601, 0.0 ], [ -106.525594352112805, 31.759327801795919, 0.0 ], [ -106.525707698126098, 31.759524719593038, 0.0 ], [ -106.525933152608104, 31.75993614643486, 0.0 ], [ -106.526152618567096, 31.760361290331879, 0.0 ], [ -106.526333080343306, 31.760694191596471, 0.0 ], [ -106.526541065295305, 31.76106163825596, 0.0 ], [ -106.526636737439304, 31.761588636847371, 0.0 ] ] } },
{ "type": "Feature", "properties": { "id": null, "Name": "ALD-1D-S-9-10/1", "description": null, "timestamp": null, "begin": null, "end": null, "altitudeMode": null, "tessellate": 1, "extrude": 0, "visibility": 0, "drawOrder": null, "icon": null, "Folder": "AMPLEACION ALDAMA" }, "geometry": { "type": "LineString", "coordinates": [ [ -106.522583016234506, 31.75876860195363, 0.0 ], [ -106.523005513140703, 31.758705926294368, 0.0 ], [ -106.523056433236405, 31.759045625725079, 0.0 ], [ -106.523094802728806, 31.75940836320796, 0.0 ] ] } },
{ "type": "Feature", "properties": { "id": null, "Name": "ALD-1D-S-9-10/2", "description": null, "timestamp": null, "begin": null, "end": null, "altitudeMode": null, "tessellate": 1, "extrude": 0, "visibility": 0, "drawOrder": null, "icon": null, "Folder": "AMPLEACION ALDAMA" }, "geometry": { "type": "LineString", "coordinates": [ [ -106.523889944155101, 31.758603669422531, 0.0 ], [ -106.524453682858606, 31.75854759388336, 0.0 ], [ -106.524714977055993, 31.758999525723549, 0.0 ], [ -106.524992946139307, 31.7594686421752, 0.0 ] ] } },
{ "type": "Feature", "properties": { "id": null, "Name": "ALD-1D-S-9-11", "description": null, "timestamp": null, "begin": null, "end": null, "altitudeMode": null, "tessellate": 1, "extrude": 0, "visibility": 0, "drawOrder": null, "icon": null, "Folder": "AMPLEACION ALDAMA" }, "geometry": { "type": "LineString", "coordinates": [ [ -106.520364761419103, 31.759183014933011, 0.0 ], [ -106.520277401712093, 31.759055784315979, 0.0 ], [ -106.520132662185404, 31.758742656237771, 0.0 ], [ -106.520023100300605, 31.75853696550141, 0.0 ], [ -106.519866760985707, 31.758627141966318, 0.0 ], [ -106.519525383098298, 31.758809634248639, 0.0 ], [ -106.519373556972496, 31.758735522617719, 0.0 ], [ -106.518929151724294, 31.758505969058429, 0.0 ], [ -106.518562310237797, 31.758326929085602, 0.0 ], [ -106.5185015174781, 31.75837273653147, 0.0 ], [ -106.518061285539702, 31.75868095908297, 0.0 ], [ -106.517656801276104, 31.758896013080442, 0.0 ], [ -106.517541446964202, 31.759064635207871, 0.0 ], [ -106.517287090237204, 31.759487967593198, 0.0 ], [ -106.516987493884599, 31.759987171624601, 0.0 ], [ -106.516679219831005, 31.760063192349559, 0.0 ], [ -106.516249457403106, 31.76018123907383, 0.0 ], [ -106.515833685958995, 31.760302374590751, 0.0 ], [ -106.514696075458502, 31.760646125714331, 0.0 ], [ -106.514190488295796, 31.760809627817711, 0.0 ], [ -106.5136520794116, 31.760999760262699, 0.0 ], [ -106.513877077964395, 31.76149934770902, 0.0 ], [ -106.514069909763407, 31.761934215412989, 0.0 ], [ -106.514264316837298, 31.762339341873691, 0.0 ], [ -106.513918054053306, 31.762513826263721, 0.0 ] ] } },
{ "type": "Feature", "properties": { "id": null, "Name": "ALD-1D-S-9-11/1", "description": null, "timestamp": null, "begin": null, "end": null, "altitudeMode": null, "tessellate": 1, "extrude": 0, "visibility": 0, "drawOrder": null, "icon": null, "Folder": "AMPLEACION ALDAMA" }, "geometry": { "type": "LineString", "coordinates": [ [ -106.513645603611806, 31.761004568512892, 0.0 ], [ -106.512750083153804, 31.761319743180241, 0.0 ], [ -106.512117002484899, 31.761327621507512, 0.0 ], [ -106.512400330257904, 31.76202443978428, 0.0 ] ] } },
{ "type": "Feature", "properties": { "id": null, "Name": "ALD-1D-S-9-11/2", "description": null, "timestamp": null, "begin": null, "end": null, "altitudeMode": null, "tessellate": 1, "extrude": 0, "visibility": 0, "drawOrder": null, "icon": null, "Folder": "AMPLEACION ALDAMA" }, "geometry": { "type": "LineString", "coordinates": [ [ -106.516684763506007, 31.760062455148422, 0.0 ], [ -106.516994118552006, 31.75998562752477, 0.0 ], [ -106.517558925789501, 31.76021204235326, 0.0 ], [ -106.518040265487301, 31.760310997742689, 0.0 ], [ -106.518259199045701, 31.760344081759001, 0.0 ], [ -106.518344179952393, 31.760295619260731, 0.0 ], [ -106.518437315703295, 31.760091701787669, 0.0 ], [ -106.518597355903907, 31.759710465524972, 0.0 ] ] } },
{ "type": "Feature", "properties": { "id": null, "Name": "ALD-1D-S-9-12", "description": null, "timestamp": null, "begin": null, "end": null, "altitudeMode": null, "tessellate": 1, "extrude": 0, "visibility": 0, "drawOrder": null, "icon": null, "Folder": "AMPLEACION ALDAMA" }, "geometry": { "type": "LineString", "coordinates": [ [ -106.520097097295903, 31.762562086802909, 0.0 ], [ -106.520382943311901, 31.762392141890381, 0.0 ], [ -106.5207136630614, 31.76215788168388, 0.0 ], [ -106.521091940022202, 31.761890307393379, 0.0 ], [ -106.521453604669901, 31.761618580208729, 0.0 ], [ -106.521685732642595, 31.76141620177793, 0.0 ], [ -106.521974076138406, 31.761214703804889, 0.0 ], [ -106.522282721636401, 31.760986968501669, 0.0 ], [ -106.5226010006254, 31.760783380364799, 0.0 ], [ -106.523112038075496, 31.760412689950009, 0.0 ], [ -106.523506938668902, 31.760897802755, 0.0 ], [ -106.523818520877001, 31.761290487215991, 0.0 ], [ -106.524285110876704, 31.761866496054331, 0.0 ], [ -106.524594379800106, 31.762263206093511, 0.0 ], [ -106.524092185297405, 31.762619057677039, 0.0 ], [ -106.524220735845901, 31.762800868706432, 0.0 ], [ -106.524478867421294, 31.763104418095889, 0.0 ], [ -106.524741095144705, 31.763434300989459, 0.0 ], [ -106.525306158843094, 31.76325825312707, 0.0 ], [ -106.525782074399402, 31.763097968518451, 0.0 ], [ -106.526415628540207, 31.762893520262331, 0.0 ], [ -106.527018544476903, 31.76270984582391, 0.0 ], [ -106.527132161481902, 31.763036719684688, 0.0 ], [ -106.527260394325495, 31.763381978075039, 0.0 ], [ -106.527441124534604, 31.76392475509838, 0.0 ], [ -106.527581458331895, 31.7642725414346, 0.0 ], [ -106.527781472223495, 31.764771167143021, 0.0 ], [ -106.527900994498296, 31.765095180654662, 0.0 ], [ -106.528083390503795, 31.765679646161129, 0.0 ] ] } },
{ "type": "Feature", "properties": { "id": null, "Name": "ALD-1D-S-9-13", "description": null, "timestamp": null, "begin": null, "end": null, "altitudeMode": null, "tessellate": 1, "extrude": 0, "visibility": 0, "drawOrder": null, "icon": null, "Folder": "AMPLEACION ALDAMA" }, "geometry": { "type": "LineString", "coordinates": [ [ -106.519548903936695, 31.76294411359671, 0.0 ], [ -106.520004765282195, 31.763399782807362, 0.0 ], [ -106.520356680603598, 31.76377751086148, 0.0 ], [ -106.520699406971701, 31.763556305252411, 0.0 ], [ -106.521066780620998, 31.763276224034669, 0.0 ], [ -106.521406121219798, 31.763039897323889, 0.0 ], [ -106.521782518274506, 31.762772995485349, 0.0 ], [ -106.522127343239504, 31.762523380837251, 0.0 ], [ -106.522642776367505, 31.76214318613372, 0.0 ], [ -106.523063930301703, 31.76272246940739, 0.0 ], [ -106.5233798627726, 31.763146985295911, 0.0 ], [ -106.522883195078805, 31.76350038120507, 0.0 ], [ -106.522731220584205, 31.763603203787341, 0.0 ], [ -106.522922099811296, 31.764037959364071, 0.0 ], [ -106.523221617628494, 31.76467694661941, 0.0 ], [ -106.523428093167396, 31.764614324684391, 0.0 ], [ -106.524063196429793, 31.76439732722104, 0.0 ], [ -106.524787702407096, 31.764168764755141, 0.0 ], [ -106.524985330733202, 31.764598033072168, 0.0 ], [ -106.525117427270501, 31.76492973717756, 0.0 ], [ -106.525272764986099, 31.765240857014039, 0.0 ], [ -106.525452245729895, 31.765181397772611, 0.0 ], [ -106.525839377087607, 31.765077755361361, 0.0 ], [ -106.526341797568904, 31.764948641441261, 0.0 ] ] } },
{ "type": "Feature", "properties": { "id": null, "Name": "ALD-1D-S-9-14", "description": null, "timestamp": null, "begin": null, "end": null, "altitudeMode": null, "tessellate": 1, "extrude": 0, "visibility": 0, "drawOrder": null, "icon": null, "Folder": "AMPLEACION ALDAMA" }, "geometry": { "type": "LineString", "coordinates": [ [ -106.519082481384601, 31.763266738704349, 0.0 ], [ -106.519479348412901, 31.763769674392229, 0.0 ], [ -106.519830504437707, 31.764167098987759, 0.0 ], [ -106.520050319307202, 31.764424454003109, 0.0 ], [ -106.520328378170205, 31.764719690214239, 0.0 ], [ -106.5206267580798, 31.76508887813295, 0.0 ], [ -106.520869747520706, 31.765371163128719, 0.0 ], [ -106.521110979552304, 31.76564955076114, 0.0 ], [ -106.521449056219893, 31.766010293050918, 0.0 ], [ -106.521703449602498, 31.76628220531051, 0.0 ], [ -106.5219773762458, 31.766538854835929, 0.0 ] ] } },
{ "type": "Feature", "properties": { "id": null, "Name": "ALD-1D-S-9-16", "description": null, "timestamp": null, "begin": null, "end": null, "altitudeMode": null, "tessellate": 1, "extrude": 0, "visibility": 0, "drawOrder": null, "icon": null, "Folder": "AMPLEACION ALDAMA" }, "geometry": { "type": "LineString", "coordinates": [ [ -106.517368398104793, 31.765909476115571, 0.0 ], [ -106.517625425178807, 31.766223365814131, 0.0 ], [ -106.517840514229903, 31.766458041469729, 0.0 ], [ -106.518183414631807, 31.766847669052279, 0.0 ], [ -106.518424489205003, 31.767104800396559, 0.0 ], [ -106.518674568014504, 31.76737892208461, 0.0 ], [ -106.519024945087594, 31.767768955754281, 0.0 ], [ -106.519105721257006, 31.76785244762354, 0.0 ], [ -106.5192612831096, 31.76802855909628, 0.0 ], [ -106.519450634059595, 31.76822855659606, 0.0 ], [ -106.519521577668996, 31.76830847634281, 0.0 ], [ -106.519793583903095, 31.768613230433331, 0.0 ], [ -106.519963359900103, 31.76878008043375, 0.0 ], [ -106.520229023442596, 31.768598293898851, 0.0 ], [ -106.521163020162803, 31.767917598840061, 0.0 ], [ -106.5207457176069, 31.767440355960751, 0.0 ], [ -106.520235246937901, 31.766899229069431, 0.0 ], [ -106.519895204049703, 31.766502659390021, 0.0 ], [ -106.519407604769199, 31.76596519236033, 0.0 ], [ -106.519242377701502, 31.765783189416489, 0.0 ], [ -106.519069111560896, 31.7655926939366, 0.0 ], [ -106.518819629468297, 31.76530174303084, 0.0 ], [ -106.518616977196103, 31.7650305276076, 0.0 ] ] } },
{ "type": "Feature", "properties": { "id": null, "Name": "ALD-1D-S-9-17", "description": null, "timestamp": null, "begin": null, "end": null, "altitudeMode": null, "tessellate": 1, "extrude": 0, "visibility": 0, "drawOrder": null, "icon": null, "Folder": "AMPLEACION ALDAMA" }, "geometry": { "type": "LineString", "coordinates": [ [ -106.514407473580107, 31.767959887917431, 0.0 ], [ -106.514778236927299, 31.767614974303189, 0.0 ], [ -106.515153371454105, 31.767319010536109, 0.0 ], [ -106.515650970192894, 31.76711490785052, 0.0 ], [ -106.516111854275493, 31.766790198289559, 0.0 ], [ -106.5157622746719, 31.76643466070443, 0.0 ], [ -106.515269955326701, 31.766070565357541, 0.0 ], [ -106.514807987312196, 31.766362991287711, 0.0 ], [ -106.514120719465296, 31.766708467629371, 0.0 ], [ -106.513516486788404, 31.76700230411236, 0.0 ], [ -106.512751967889002, 31.767388449552019, 0.0 ], [ -106.513308343706299, 31.768369555677111, 0.0 ], [ -106.513503091828198, 31.768714010312738, 0.0 ], [ -106.514002159531202, 31.769295997256989, 0.0 ], [ -106.514255067551204, 31.769611359568142, 0.0 ], [ -106.514690619108904, 31.76937371124145, 0.0 ], [ -106.515027289969495, 31.76913545406877, 0.0 ], [ -106.5152060145831, 31.769321803481859, 0.0 ], [ -106.515587114878699, 31.76966182002981, 0.0 ], [ -106.515837039067307, 31.769789047185331, 0.0 ], [ -106.516516177501401, 31.76908803568616, 0.0 ], [ -106.516893058981907, 31.76864999116955, 0.0 ], [ -106.517282621171702, 31.768355547023969, 0.0 ], [ -106.517115343536005, 31.768056902255939, 0.0 ], [ -106.516932181340806, 31.767745600098781, 0.0 ] ] } },
{ "type": "Feature", "properties": { "id": null, "Name": "ALD-1D-S-9-17/1", "description": null, "timestamp": null, "begin": null, "end": null, "altitudeMode": null, "tessellate": 1, "extrude": 0, "visibility": 0, "drawOrder": null, "icon": null, "Folder": "AMPLEACION ALDAMA" }, "geometry": { "type": "LineString", "coordinates": [ [ -106.516933771262003, 31.767745385159369, 0.0 ], [ -106.517110287934599, 31.76804833169167, 0.0 ], [ -106.517282565107706, 31.76835752088742, 0.0 ], [ -106.517324198064102, 31.768314418018811, 0.0 ], [ -106.517459270486896, 31.768233493202011, 0.0 ], [ -106.517497212202599, 31.768370436242179, 0.0 ], [ -106.517615296295602, 31.768703659082568, 0.0 ], [ -106.517965370832698, 31.76906323478655, 0.0 ], [ -106.518549458685101, 31.76966311051968, 0.0 ] ] } },
{ "type": "Feature", "properties": { "id": null, "Name": "ALD-S-14-4", "description": "1301 mts", "timestamp": null, "begin": null, "end": null, "altitudeMode": null, "tessellate": 1, "extrude": 0, "visibility": 0, "drawOrder": null, "icon": null, "Folder": "AMPLEACION ALDAMA" }, "geometry": { "type": "LineString", "coordinates": [ [ -106.525120951523306, 31.747178527887311, 0.0 ], [ -106.524233720768393, 31.74940533223943, 0.0 ], [ -106.524315733232996, 31.749184581177481, 0.0 ], [ -106.524385402071005, 31.74899921699129, 0.0 ], [ -106.524604985722604, 31.748455668914591, 0.0 ], [ -106.524741879041699, 31.748137791152931, 0.0 ], [ -106.524907411363699, 31.74771400740525, 0.0 ], [ -106.525120951523306, 31.747178527887311, 0.0 ], [ -106.525683877828101, 31.747328386226211, 0.0 ], [ -106.526442035426697, 31.74755780491855, 0.0 ], [ -106.526227115778795, 31.748101382796591, 0.0 ], [ -106.526075492203205, 31.748473114991761, 0.0 ], [ -106.525920754770098, 31.74884677657834, 0.0 ], [ -106.5264445548287, 31.748999732184441, 0.0 ], [ -106.526595516537796, 31.748646058304729, 0.0 ], [ -106.526744677726498, 31.748255783840548, 0.0 ], [ -106.527281555848106, 31.746959253077041, 0.0 ], [ -106.528675540969502, 31.747364021145479, 0.0 ] ] } },
{ "type": "Feature", "properties": { "id": null, "Name": "ALD-S-14-5", "description": "1000 MTS", "timestamp": null, "begin": null, "end": null, "altitudeMode": null, "tessellate": 1, "extrude": 0, "visibility": 0, "drawOrder": null, "icon": null, "Folder": "AMPLEACION ALDAMA" }, "geometry": { "type": "LineString", "coordinates": [ [ -106.521724952656498, 31.75202020249661, 0.0 ], [ -106.522050485214393, 31.752113467054489, 0.0 ], [ -106.522574988022299, 31.752275599809579, 0.0 ], [ -106.523033351367303, 31.752424650507191, 0.0 ], [ -106.523402119651493, 31.752560775637079, 0.0 ], [ -106.523974921688804, 31.752356128215659, 0.0 ], [ -106.525215899455304, 31.752370107798441, 0.0 ], [ -106.525568824746799, 31.75235876457516, 0.0 ], [ -106.525752944884402, 31.75239918832602, 0.0 ], [ -106.5260424689925, 31.752486974283268, 0.0 ], [ -106.526377657729498, 31.752598290682378, 0.0 ], [ -106.526684604914706, 31.75269090781017, 0.0 ], [ -106.527343649566603, 31.752897235587842, 0.0 ], [ -106.527870916795706, 31.753054862947661, 0.0 ], [ -106.528004701348706, 31.752724471249941, 0.0 ], [ -106.528129252539898, 31.752424812006311, 0.0 ], [ -106.528270045997502, 31.75212450314784, 0.0 ], [ -106.528394293168006, 31.751783391468528, 0.0 ], [ -106.527866981545102, 31.751623275024389, 0.0 ], [ -106.528023899602601, 31.75124475720262, 0.0 ], [ -106.528113633979302, 31.75105189846068, 0.0 ], [ -106.528622614161193, 31.751231829139869, 0.0 ], [ -106.528731043986099, 31.75127949496558, 0.0 ], [ -106.529260598488094, 31.75147222379098, 0.0 ] ] } },
{ "type": "Feature", "properties": { "id": null, "Name": "ALD-S-14-5-1", "description": "362 MTS", "timestamp": null, "begin": null, "end": null, "altitudeMode": null, "tessellate": 1, "extrude": 0, "visibility": 0, "drawOrder": null, "icon": null, "Folder": "AMPLEACION ALDAMA" }, "geometry": { "type": "LineString", "coordinates": [ [ -106.525751771728807, 31.752400415176151, 0.0 ], [ -106.525574665147204, 31.752357212710312, 0.0 ], [ -106.525223836449001, 31.752369845226571, 0.0 ], [ -106.524648412047597, 31.75238629473019, 0.0 ], [ -106.524813002254206, 31.75197107914472, 0.0 ], [ -106.524935156064799, 31.751640519684521, 0.0 ], [ -106.525445585281204, 31.751847619030841, 0.0 ], [ -106.5255639788748, 31.751902253832711, 0.0 ], [ -106.525949010038303, 31.751025795549751, 0.0 ] ] } },
{ "type": "Feature", "properties": { "id": null, "Name": "ALD-S-1-1", "description": null, "timestamp": null, "begin": null, "end": null, "altitudeMode": null, "tessellate": 1, "extrude": 0, "visibility": 0, "drawOrder": null, "icon": null, "Folder": "ALD-1I-1/1" }, "geometry": { "type": "LineString", "coordinates": [ [ -106.494738674342599, 31.733985500005321, 0.0 ], [ -106.491214690840295, 31.742670102369431, 0.0 ] ] } },
{ "type": "Feature", "properties": { "id": null, "Name": "ALD-S-1-2", "description": null, "timestamp": null, "begin": null, "end": null, "altitudeMode": null, "tessellate": 1, "extrude": 0, "visibility": 0, "drawOrder": null, "icon": null, "Folder": "ALD-1I-2/2" }, "geometry": { "type": "LineString", "coordinates": [ [ -106.494001934474696, 31.73589394047336, 0.0 ], [ -106.488607694358706, 31.734287835681521, 0.0 ], [ -106.487195842652696, 31.73385579913322, 0.0 ], [ -106.487163870879399, 31.733734130526742, 0.0 ], [ -106.486722193783095, 31.733613760454588, 0.0 ], [ -106.485446096258997, 31.733197311032349, 0.0 ] ] } },
{ "type": "Feature", "properties": { "id": null, "Name": "ALD-S-1-3", "description": null, "timestamp": null, "begin": null, "end": null, "altitudeMode": null, "tessellate": 1, "extrude": 0, "visibility": 0, "drawOrder": null, "icon": null, "Folder": "ALD-1I-3/3" }, "geometry": { "type": "LineString", "coordinates": [ [ -106.493717341793001, 31.736503796596079, 0.0 ], [ -106.486460255190195, 31.734346226151111, 0.0 ], [ -106.485745310725605, 31.736272971862199, 0.0 ], [ -106.48459386703, 31.735737912012869, 0.0 ], [ -106.484365361858096, 31.736108924799112, 0.0 ], [ -106.484288203872794, 31.736202308948279, 0.0 ], [ -106.483890540821903, 31.736580893422669, 0.0 ], [ -106.483507710710398, 31.73693424028561, 0.0 ] ] } },
{ "type": "Feature", "properties": { "id": null, "Name": "ALD-S-1-4", "description": null, "timestamp": null, "begin": null, "end": null, "altitudeMode": null, "tessellate": 1, "extrude": 0, "visibility": 0, "drawOrder": null, "icon": null, "Folder": "ALD-1I-4/4" }, "geometry": { "type": "LineString", "coordinates": [ [ -106.4929492355447, 31.738416039340681, 0.0 ], [ -106.486834197907996, 31.73662084703291, 0.0 ], [ -106.486450609526102, 31.737245971606448, 0.0 ], [ -106.486135543644394, 31.73721238581863, 0.0 ], [ -106.485763469303606, 31.738080377183209, 0.0 ] ] } },
{ "type": "Feature", "properties": { "id": null, "Name": "ALD-S-1-5", "description": null, "timestamp": null, "begin": null, "end": null, "altitudeMode": null, "tessellate": 1, "extrude": 0, "visibility": 0, "drawOrder": null, "icon": null, "Folder": "ALD-1I-5/5" }, "geometry": { "type": "LineString", "coordinates": [ [ -106.492436140517597, 31.73967310969789, 0.0 ], [ -106.491005604968294, 31.739302379669802, 0.0 ], [ -106.491040228812807, 31.739162831659161, 0.0 ], [ -106.488877666310898, 31.738508828062329, 0.0 ], [ -106.488390731276397, 31.739784308013569, 0.0 ], [ -106.487984329667995, 31.74070277942851, 0.0 ], [ -106.486412967327695, 31.73989915903627, 0.0 ], [ -106.485871912387495, 31.739573324864612, 0.0 ] ] } },
{ "type": "Feature", "properties": { "id": null, "Name": "ALD-S-1-6", "description": null, "timestamp": null, "begin": null, "end": null, "altitudeMode": null, "tessellate": 1, "extrude": 0, "visibility": 0, "drawOrder": null, "icon": null, "Folder": "ALD-1I-6/6" }, "geometry": { "type": "LineString", "coordinates": [ [ -106.491528118422494, 31.741909792089729, 0.0 ], [ -106.490645343898706, 31.741581379355981, 0.0 ], [ -106.491082221517701, 31.740617973493361, 0.0 ], [ -106.490056556211997, 31.740279475075258, 0.0 ], [ -106.489793903307103, 31.74092791859097, 0.0 ], [ -106.488914530409801, 31.740655829023272, 0.0 ], [ -106.488427608398297, 31.74180732937802, 0.0 ], [ -106.489455876868007, 31.742094467215811, 0.0 ], [ -106.489127630306399, 31.742882798570591, 0.0 ] ] } },
{ "type": "Feature", "properties": { "id": null, "Name": "ALD-S-1-7", "description": null, "timestamp": null, "begin": null, "end": null, "altitudeMode": null, "tessellate": 1, "extrude": 0, "visibility": 0, "drawOrder": null, "icon": null, "Folder": "ALD-1I-7/7" }, "geometry": { "type": "LineString", "coordinates": [ [ -106.490929708738406, 31.743414182486621, 0.0 ], [ -106.490020265380707, 31.74313858296712, 0.0 ], [ -106.489606082556406, 31.744140926978091, 0.0 ], [ -106.489283563786202, 31.744976235476159, 0.0 ], [ -106.4891692307189, 31.74491561375962, 0.0 ], [ -106.488671667363903, 31.746196506091991, 0.0 ], [ -106.487748949681304, 31.745919533839199, 0.0 ], [ -106.4878698323393, 31.7456467435427, 0.0 ], [ -106.487999743254804, 31.745377416438892, 0.0 ], [ -106.4871936953854, 31.745130081286131, 0.0 ], [ -106.487750063672607, 31.7436211511653, 0.0 ], [ -106.487833320142201, 31.743224547351868, 0.0 ], [ -106.488080530708103, 31.742591446476379, 0.0 ] ] } },
{ "type": "Feature", "properties": { "id": null, "Name": "ALD-S-1-8", "description": null, "timestamp": null, "begin": null, "end": null, "altitudeMode": null, "tessellate": 1, "extrude": 0, "visibility": 0, "drawOrder": null, "icon": null, "Folder": "ALD-1I-8/8" }, "geometry": { "type": "LineString", "coordinates": [ [ -106.491335758698298, 31.74353873163453, 0.0 ], [ -106.492366500379404, 31.740969940779308, 0.0 ], [ -106.4937345270272, 31.741386754551279, 0.0 ], [ -106.493010722720896, 31.743187218195679, 0.0 ] ] } },
{ "type": "Feature", "properties": { "id": null, "Name": "ALD-S-1-9", "description": null, "timestamp": null, "begin": null, "end": null, "altitudeMode": null, "tessellate": 1, "extrude": 0, "visibility": 0, "drawOrder": null, "icon": null, "Folder": "ALD-1I-9/9" }, "geometry": { "type": "LineString", "coordinates": [ [ -106.491835631392306, 31.743671078038361, 0.0 ], [ -106.491628359055397, 31.743859452812622, 0.0 ], [ -106.491339965653694, 31.744561698508988, 0.0 ], [ -106.4913549432965, 31.7448416171401, 0.0 ], [ -106.490518331425903, 31.74684252359943, 0.0 ], [ -106.492335360224601, 31.747401990628699, 0.0 ], [ -106.492799542582006, 31.747407828153371, 0.0 ], [ -106.492263423452698, 31.748785989833539, 0.0 ] ] } },
{ "type": "Feature", "properties": { "id": null, "Name": "ALD-S-1-10", "description": null, "timestamp": null, "begin": null, "end": null, "altitudeMode": null, "tessellate": 1, "extrude": 0, "visibility": 0, "drawOrder": null, "icon": null, "Folder": "ALD-1I-10/10" }, "geometry": { "type": "LineString", "coordinates": [ [ -106.491868616656902, 31.743561819169422, 0.0 ], [ -106.493682492416198, 31.744091784270669, 0.0 ], [ -106.493416179521105, 31.744724529921761, 0.0 ], [ -106.4931760197356, 31.745009531226671, 0.0 ], [ -106.492751231526, 31.74608185136675, 0.0 ], [ -106.493273016689898, 31.746122274278839, 0.0 ], [ -106.4942475308426, 31.74641514060044, 0.0 ], [ -106.494705929972199, 31.746549358696988, 0.0 ] ] } },
{ "type": "Feature", "properties": { "id": null, "Name": "ALD-S-2-1", "description": null, "timestamp": null, "begin": null, "end": null, "altitudeMode": null, "tessellate": 1, "extrude": 0, "visibility": 0, "drawOrder": null, "icon": null, "Folder": "ALD-1D-25/1" }, "geometry": { "type": "LineString", "coordinates": [ [ -106.518546783042694, 31.751008016456609, 0.0 ], [ -106.519180548568997, 31.751205631867649, 0.0 ], [ -106.5199922833079, 31.749192549986699, 0.0 ], [ -106.517426717911206, 31.748374498152, 0.0 ], [ -106.516747950937898, 31.748201052212561, 0.0 ], [ -106.516136171426396, 31.74799908559725, 0.0 ], [ -106.516375335654203, 31.74732907735396, 0.0 ], [ -106.514470226005798, 31.746754890497229, 0.0 ], [ -106.514705104427804, 31.746142969119379, 0.0 ] ] } },
{ "type": "Feature", "properties": { "id": null, "Name": "ALD-S-2-2", "description": null, "timestamp": null, "begin": null, "end": null, "altitudeMode": null, "tessellate": 1, "extrude": 0, "visibility": 0, "drawOrder": null, "icon": null, "Folder": "ALD-1D-26/2" }, "geometry": { "type": "LineString", "coordinates": [ [ -106.517658555395798, 31.752842899150451, 0.0 ], [ -106.5173641122351, 31.753470169458989, 0.0 ], [ -106.515672234662503, 31.752933573420538, 0.0 ], [ -106.515579103255106, 31.75278291901876, 0.0 ], [ -106.515293160671803, 31.753180852620911, 0.0 ], [ -106.514928551051995, 31.75419281011385, 0.0 ], [ -106.513730738298506, 31.753851159259959, 0.0 ], [ -106.513142208702106, 31.753540345652461, 0.0 ], [ -106.513030345794704, 31.753498097744561, 0.0 ], [ -106.511700514320395, 31.753092449855199, 0.0 ], [ -106.5117828633106, 31.75264193794051, 0.0 ], [ -106.512198432226995, 31.752518562457869, 0.0 ], [ -106.512383978192105, 31.752025877520179, 0.0 ], [ -106.512916125018194, 31.752208970216401, 0.0 ], [ -106.513333619220404, 31.752304000201981, 0.0 ], [ -106.513707954503005, 31.752431323377809, 0.0 ] ] } },
{ "type": "Feature", "properties": { "id": null, "Name": "ALD-S-2-3", "description": null, "timestamp": null, "begin": null, "end": null, "altitudeMode": null, "tessellate": 1, "extrude": 0, "visibility": 0, "drawOrder": null, "icon": null, "Folder": "ALD-1D-27/3" }, "geometry": { "type": "LineString", "coordinates": [ [ -106.5145692590594, 31.756973124742569, 0.0 ], [ -106.511425305300804, 31.755998529737131, 0.0 ], [ -106.511416674669903, 31.756561718788479, 0.0 ], [ -106.511024258987405, 31.757887155158571, 0.0 ], [ -106.510373757372193, 31.757711597820659, 0.0 ] ] } },
{ "type": "Feature", "properties": { "id": null, "Name": "ALD-S-2-4", "description": null, "timestamp": null, "begin": null, "end": null, "altitudeMode": null, "tessellate": 1, "extrude": 0, "visibility": 0, "drawOrder": null, "icon": null, "Folder": "ALD-1D-28/4" }, "geometry": { "type": "LineString", "coordinates": [ [ -106.514618770732199, 31.756969584606619, 0.0 ], [ -106.514254448536803, 31.75685423948039, 0.0 ], [ -106.514044389874201, 31.75679377849152, 0.0 ], [ -106.513894186268203, 31.75735517189548, 0.0 ], [ -106.513268486709705, 31.757156575429359, 0.0 ], [ -106.512890254980405, 31.757055537670929, 0.0 ], [ -106.512557577756894, 31.756952172854241, 0.0 ], [ -106.512525694456698, 31.757313464821561, 0.0 ], [ -106.512489299131403, 31.757727833780152, 0.0 ], [ -106.512419202739594, 31.758271093838811, 0.0 ], [ -106.512417965028305, 31.758327188180449, 0.0 ], [ -106.512312497933607, 31.758677080050489, 0.0 ], [ -106.512160528352098, 31.7590368629109, 0.0 ], [ -106.512611173955904, 31.759176300850289, 0.0 ], [ -106.512911242206698, 31.759278975871609, 0.0 ], [ -106.512672308147003, 31.759879182567101, 0.0 ], [ -106.512482295601203, 31.760167673571889, 0.0 ], [ -106.512342598802107, 31.76058236649839, 0.0 ], [ -106.511548158300798, 31.760351686250161, 0.0 ], [ -106.511410237266205, 31.760884271708189, 0.0 ] ] } },
{ "type": "Feature", "properties": { "id": null, "Name": "ALD-S-2-5", "description": null, "timestamp": null, "begin": null, "end": null, "altitudeMode": null, "tessellate": 1, "extrude": 0, "visibility": 0, "drawOrder": null, "icon": null, "Folder": "ALD-1D-29/5" }, "geometry": { "type": "LineString", "coordinates": [ [ -106.515917849795102, 31.757324533048632, 0.0 ], [ -106.516403831098799, 31.756077308629759, 0.0 ], [ -106.511658231905102, 31.75461663019783, 0.0 ], [ -106.511617886462503, 31.75522451725784, 0.0 ], [ -106.5109370108853, 31.75500243655793, 0.0 ], [ -106.510693800969506, 31.756343374559101, 0.0 ] ] } },
{ "type": "Feature", "properties": { "id": null, "Name": "ALD-S-2-6", "description": null, "timestamp": null, "begin": null, "end": null, "altitudeMode": null, "tessellate": 1, "extrude": 0, "visibility": 0, "drawOrder": null, "icon": null, "Folder": "ALD-1D-30/6" }, "geometry": { "type": "LineString", "coordinates": [ [ -106.519990220281898, 31.75630601501339, 0.0 ], [ -106.519346563398301, 31.756131951933771, 0.0 ], [ -106.519237032166998, 31.756500158596321, 0.0 ], [ -106.519121757636, 31.756909512050171, 0.0 ], [ -106.518382504022, 31.7566750315737, 0.0 ], [ -106.518071722806994, 31.757606794143321, 0.0 ], [ -106.517945566018994, 31.757982675865868, 0.0 ], [ -106.517411647181007, 31.75781291599553, 0.0 ], [ -106.517207726285406, 31.75813900942607, 0.0 ], [ -106.516715735397, 31.758876533518858, 0.0 ] ] } },
{ "type": "Feature", "properties": { "id": null, "Name": "ALD-S-2-6/1", "description": null, "timestamp": null, "begin": null, "end": null, "altitudeMode": null, "tessellate": 1, "extrude": 0, "visibility": 0, "drawOrder": null, "icon": null, "Folder": "ALD-1D-30/6" }, "geometry": { "type": "LineString", "coordinates": [ [ -106.519972110333299, 31.756272262196511, 0.0 ], [ -106.520128728279403, 31.755877317439001, 0.0 ], [ -106.520269144436895, 31.75555584955713, 0.0 ], [ -106.520614806583595, 31.755840569456559, 0.0 ], [ -106.520803839129997, 31.755895673659399, 0.0 ] ] } },
{ "type": "Feature", "properties": { "id": null, "Name": "ALD-S-2-7", "description": null, "timestamp": null, "begin": null, "end": null, "altitudeMode": null, "tessellate": 1, "extrude": 0, "visibility": 0, "drawOrder": null, "icon": null, "Folder": "ALD-1D-31/7" }, "geometry": { "type": "LineString", "coordinates": [ [ -106.522758279600495, 31.74995705926554, 0.0 ], [ -106.522096743551302, 31.749775712955739, 0.0 ], [ -106.521127714130699, 31.751839908329899, 0.0 ], [ -106.519783698730805, 31.751394571310691, 0.0 ], [ -106.518927210062202, 31.753540619325261, 0.0 ], [ -106.518753492559497, 31.753922814965001, 0.0 ], [ -106.518547697725197, 31.754432132951251, 0.0 ], [ -106.517874658380407, 31.754261534246162, 0.0 ], [ -106.517220957977798, 31.754071213340382, 0.0 ] ] } },
{ "type": "Feature", "properties": { "id": null, "Name": "ALD-S-2-8", "description": null, "timestamp": null, "begin": null, "end": null, "altitudeMode": null, "tessellate": 1, "extrude": 0, "visibility": 0, "drawOrder": null, "icon": null, "Folder": "ALD-1D-32/8" }, "geometry": { "type": "LineString", "coordinates": [ [ -106.524354779256399, 31.74184177163054, 0.0 ], [ -106.523718930874693, 31.741645508169981, 0.0 ], [ -106.522924703376901, 31.743684232036649, 0.0 ], [ -106.5221919288187, 31.745515241188489, 0.0 ], [ -106.521901618273603, 31.74625289044549, 0.0 ], [ -106.519931947774495, 31.745674931594099, 0.0 ], [ -106.519187579958398, 31.745481967135369, 0.0 ], [ -106.518578031372499, 31.74527042083616, 0.0 ], [ -106.517865909385307, 31.745067257281509, 0.0 ], [ -106.517304341769105, 31.744907657391501, 0.0 ] ] } },
{ "type": "Feature", "properties": { "id": null, "Name": "ALD-S-2-9", "description": null, "timestamp": null, "begin": null, "end": null, "altitudeMode": null, "tessellate": 1, "extrude": 0, "visibility": 0, "drawOrder": null, "icon": null, "Folder": "ALD-1D-33/9" }, "geometry": { "type": "LineString", "coordinates": [ [ -106.521606124721501, 31.742516771663581, 0.0 ], [ -106.520748977715002, 31.742458485471989, 0.0 ], [ -106.520069515398006, 31.742436410241819, 0.0 ], [ -106.519739518367999, 31.742477547015682, 0.0 ], [ -106.519438417573497, 31.742475937791241, 0.0 ], [ -106.519524330681705, 31.741238449534521, 0.0 ], [ -106.521369173815501, 31.740242879549399, 0.0 ], [ -106.5213631031001, 31.74127640398472, 0.0 ], [ -106.521613626297196, 31.741332996312341, 0.0 ], [ -106.522036866724093, 31.74133882029507, 0.0 ], [ -106.522448893368306, 31.741391135970261, 0.0 ], [ -106.522497852275293, 31.740702794926332, 0.0 ], [ -106.523055859757093, 31.740405774351981, 0.0 ] ] } },
{ "type": "Feature", "properties": { "id": null, "Name": "ALD-S-2-9-1", "description": null, "timestamp": null, "begin": null, "end": null, "altitudeMode": null, "tessellate": 1, "extrude": 0, "visibility": 0, "drawOrder": null, "icon": null, "Folder": "ALD-1D-33/9" }, "geometry": { "type": "LineString", "coordinates": [ [ -106.521571874905504, 31.742494640129181, 0.0 ], [ -106.523825448261206, 31.74314681084649, 0.0 ], [ -106.523334649216906, 31.74437335815573, 0.0 ] ] } },
{ "type": "Feature", "properties": { "id": null, "Name": "ALD-S-2-10", "description": null, "timestamp": null, "begin": null, "end": null, "altitudeMode": null, "tessellate": 1, "extrude": 0, "visibility": 0, "drawOrder": null, "icon": null, "Folder": "ALD-1D-34/10" }, "geometry": { "type": "LineString", "coordinates": [ [ -106.520124829357698, 31.747128555789661, 0.0 ], [ -106.516862479113797, 31.74611986376204, 0.0 ], [ -106.516632759677606, 31.746756155123219, 0.0 ], [ -106.513389342647798, 31.745807467758841, 0.0 ] ] } },
{ "type": "Feature", "properties": { "id": null, "Name": "ALD-S-3-1", "description": null, "timestamp": null, "begin": null, "end": null, "altitudeMode": null, "tessellate": 1, "extrude": 0, "visibility": 0, "drawOrder": null, "icon": null, "Folder": "ALD-1I-49/1" }, "geometry": { "type": "LineString", "coordinates": [ [ -106.5000044179274, 31.728414747523139, 0.0 ], [ -106.500448941226594, 31.728551926466729, 0.0 ], [ -106.500180046610893, 31.72904988522162, 0.0 ], [ -106.500169793192796, 31.72917669172319, 0.0 ], [ -106.499946954919494, 31.729722829941121, 0.0 ], [ -106.499905683935395, 31.729814823294969, 0.0 ], [ -106.499757874780798, 31.730065656580479, 0.0 ], [ -106.499627728990404, 31.730433906343421, 0.0 ], [ -106.5001596486007, 31.730570655838029, 0.0 ], [ -106.499855170401503, 31.73123953149738, 0.0 ], [ -106.499603376224698, 31.73192106402762, 0.0 ], [ -106.499365861920495, 31.73248906086652, 0.0 ], [ -106.498905734607902, 31.73234382848382, 0.0 ], [ -106.498555477121499, 31.73299760410643, 0.0 ], [ -106.498124440189798, 31.7328147079945, 0.0 ] ] } },
{ "type": "Feature", "properties": { "id": null, "Name": "ALD-S-3-2", "description": null, "timestamp": null, "begin": null, "end": null, "altitudeMode": null, "tessellate": 1, "extrude": 0, "visibility": 0, "drawOrder": null, "icon": null, "Folder": "ALD-1I-50/2" }, "geometry": { "type": "LineString", "coordinates": [ [ -106.500597817865099, 31.727026712535132, 0.0 ], [ -106.500719095806303, 31.726732399239609, 0.0 ], [ -106.500704986703596, 31.726440048800669, 0.0 ], [ -106.500805547969094, 31.726244132732681, 0.0 ], [ -106.502607827684699, 31.725190707397729, 0.0 ], [ -106.504519122828995, 31.727537819926141, 0.0 ], [ -106.504931746658499, 31.727230071174809, 0.0 ] ] } },
{ "type": "Feature", "properties": { "id": null, "Name": "ALD-S-3-2-1", "description": null, "timestamp": null, "begin": null, "end": null, "altitudeMode": null, "tessellate": 1, "extrude": 0, "visibility": 0, "drawOrder": null, "icon": null, "Folder": "ALD-1I-50/2" }, "geometry": { "type": "LineString", "coordinates": [ [ -106.500590377896103, 31.72704461788976, 0.0 ], [ -106.500548643287402, 31.72713668775156, 0.0 ], [ -106.499155889879106, 31.726743790088719, 0.0 ] ] } },
{ "type": "Feature", "properties": { "id": null, "Name": "ALD-S-3-3", "description": null, "timestamp": null, "begin": null, "end": null, "altitudeMode": null, "tessellate": 1, "extrude": 0, "visibility": 0, "drawOrder": null, "icon": null, "Folder": "ALD-1I-51/3" }, "geometry": { "type": "LineString", "coordinates": [ [ -106.499635364399197, 31.726890119947232, 0.0 ], [ -106.500041147625694, 31.725815039387118, 0.0 ], [ -106.500164291110295, 31.72526968718681, 0.0 ], [ -106.500358775486703, 31.725698400630979, 0.0 ], [ -106.501981656812106, 31.727691085081229, 0.0 ], [ -106.5013848486754, 31.728025580329479, 0.0 ], [ -106.502152822246103, 31.729018419592649, 0.0 ], [ -106.501821304525293, 31.728978142144751, 0.0 ], [ -106.501266347596598, 31.730303727837949, 0.0 ] ] } },
{ "type": "Feature", "properties": { "id": null, "Name": "ALD-S-3-5", "description": null, "timestamp": null, "begin": null, "end": null, "altitudeMode": null, "tessellate": 1, "extrude": 0, "visibility": 0, "drawOrder": null, "icon": null, "Folder": "ALD-1D-53/5" }, "geometry": { "type": "LineString", "coordinates": [ [ -106.499107755999503, 31.728202937408419, 0.0 ], [ -106.496754233612805, 31.73387263496296, 0.0 ], [ -106.494117078582505, 31.733077743594489, 0.0 ], [ -106.493696302756902, 31.732957230427679, 0.0 ] ] } },
{ "type": "Feature", "properties": { "id": null, "Name": "ALD-S-3-4", "description": null, "timestamp": null, "begin": null, "end": null, "altitudeMode": null, "tessellate": 1, "extrude": 0, "visibility": 0, "drawOrder": null, "icon": null, "Folder": "ALD-1D-52/4" }, "geometry": { "type": "LineString", "coordinates": [ [ -106.499440379797903, 31.727438955657071, 0.0 ], [ -106.499656369274206, 31.726890986688911, 0.0 ], [ -106.499169700246696, 31.72675438128174, 0.0 ], [ -106.498744762738298, 31.726621102469839, 0.0 ], [ -106.498193626303006, 31.726468597130481, 0.0 ], [ -106.497788634387703, 31.726347022344161, 0.0 ], [ -106.497377540148506, 31.726219946846872, 0.0 ], [ -106.496941782664393, 31.726094407741101, 0.0 ], [ -106.4964585801808, 31.72595162321235, 0.0 ], [ -106.496040243326902, 31.725827255314559, 0.0 ], [ -106.495831120705603, 31.726360902385931, 0.0 ], [ -106.495264309339305, 31.72774310515781, 0.0 ], [ -106.494997177242197, 31.7283862504433, 0.0 ], [ -106.494749443981704, 31.72901679837161, 0.0 ], [ -106.495174710060496, 31.72913845482022, 0.0 ], [ -106.497451386449697, 31.72979913906773, 0.0 ], [ -106.497588656306505, 31.729472609075081, 0.0 ], [ -106.497706490795693, 31.729166834100411, 0.0 ] ] } },
{ "type": "Feature", "properties": { "id": null, "Name": "ALD-S-3-6", "description": null, "timestamp": null, "begin": null, "end": null, "altitudeMode": null, "tessellate": 1, "extrude": 0, "visibility": 0, "drawOrder": null, "icon": null, "Folder": "ALD-1I-54/6" }, "geometry": { "type": "LineString", "coordinates": [ [ -106.495028953184303, 31.73299791432904, 0.0 ], [ -106.496434056417797, 31.729515352264759, 0.0 ], [ -106.498357371980902, 31.730084760760551, 0.0 ], [ -106.498853269796896, 31.728829767273432, 0.0 ] ] } },
{ "type": "Feature", "properties": { "id": null, "Name": "ALD-S-3-7", "description": null, "timestamp": null, "begin": null, "end": null, "altitudeMode": null, "tessellate": 1, "extrude": 0, "visibility": 0, "drawOrder": null, "icon": null, "Folder": "ALD-1I-55/7" }, "geometry": { "type": "LineString", "coordinates": [ [ -106.497797635501001, 31.731306891676951, 0.0 ], [ -106.496019154995693, 31.730771456022989, 0.0 ], [ -106.496303752911004, 31.730097626654079, 0.0 ], [ -106.495281422833003, 31.729784089718951, 0.0 ], [ -106.495021065282799, 31.730447181303902, 0.0 ], [ -106.494162076285207, 31.730228250923449, 0.0 ], [ -106.493684040357905, 31.731537045324529, 0.0 ], [ -106.493405376908498, 31.7321972476845, 0.0 ] ] } },
{ "type": "Feature", "properties": { "id": null, "Name": "ALD-S-3-8", "description": null, "timestamp": null, "begin": null, "end": null, "altitudeMode": null, "tessellate": 1, "extrude": 0, "visibility": 0, "drawOrder": null, "icon": null, "Folder": "ALD-1I-56/8" }, "geometry": { "type": "LineString", "coordinates": [ [ -106.496152460282602, 31.73298317714368, 0.0 ], [ -106.494337295791496, 31.732440404431902, 0.0 ], [ -106.495360585976599, 31.72989492083072, 0.0 ], [ -106.493546082552598, 31.729406206749189, 0.0 ] ] } },
{ "type": "Feature", "properties": { "id": null, "Name": "ALD-S-3-9", "description": null, "timestamp": null, "begin": null, "end": null, "altitudeMode": null, "tessellate": 1, "extrude": 0, "visibility": 0, "drawOrder": null, "icon": null, "Folder": "ALD-1I-57/9" }, "geometry": { "type": "LineString", "coordinates": [ [ -106.4956458706246, 31.734230646892609, 0.0 ], [ -106.492918683482301, 31.73345934826051, 0.0 ], [ -106.493166495869005, 31.7328205760986, 0.0 ], [ -106.491290161705805, 31.73224923955766, 0.0 ] ] } },
{ "type": "Feature", "properties": { "id": null, "Name": "ALD-S-3-10", "description": null, "timestamp": null, "begin": null, "end": null, "altitudeMode": null, "tessellate": 1, "extrude": 0, "visibility": 0, "drawOrder": null, "icon": null, "Folder": "ALD-1I-58/10" }, "geometry": { "type": "LineString", "coordinates": [ [ -106.495165491418206, 31.73546397642891, 0.0 ], [ -106.491529951687596, 31.734433469416189, 0.0 ], [ -106.492031332079307, 31.733185835453469, 0.0 ], [ -106.491562502589701, 31.73305056305605, 0.0 ], [ -106.490670371483603, 31.732776501601489, 0.0 ], [ -106.490722112184699, 31.732689186875248, 0.0 ], [ -106.490285656150107, 31.732564955372851, 0.0 ], [ -106.491040844332602, 31.730751042420561, 0.0 ] ] } },
{ "type": "Feature", "properties": { "id": null, "Name": "ALD-S-4-2", "description": null, "timestamp": null, "begin": null, "end": null, "altitudeMode": null, "tessellate": 1, "extrude": 0, "visibility": 0, "drawOrder": null, "icon": null, "Folder": "ALD-1D-74/2" }, "geometry": { "type": "LineString", "coordinates": [ [ -106.483624342344299, 31.72855223772698, 0.0 ], [ -106.483995433530097, 31.72993312824838, 0.0 ], [ -106.484194797475197, 31.729997818697679, 0.0 ], [ -106.484671253552506, 31.730315788415378, 0.0 ], [ -106.489609453127301, 31.73172319805688, 0.0 ] ] } },
{ "type": "Feature", "properties": { "id": null, "Name": "ALD-S-4-3", "description": null, "timestamp": null, "begin": null, "end": null, "altitudeMode": null, "tessellate": 1, "extrude": 0, "visibility": 0, "drawOrder": null, "icon": null, "Folder": "ALD-1D-75/3" }, "geometry": { "type": "LineString", "coordinates": [ [ -106.483407978627199, 31.727686960455461, 0.0 ], [ -106.483079722256903, 31.727785356194179, 0.0 ], [ -106.482745698758805, 31.72700594501077, 0.0 ], [ -106.480968541540307, 31.727580531477042, 0.0 ], [ -106.481965460438005, 31.730097897251941, 0.0 ], [ -106.481537367018802, 31.730251102666809, 0.0 ], [ -106.481823239821097, 31.730996478294671, 0.0 ], [ -106.482096463189805, 31.731667766388998, 0.0 ], [ -106.483452568142894, 31.731476537976491, 0.0 ] ] } },
{ "type": "Feature", "properties": { "id": null, "Name": "ALD-S-4-4", "description": null, "timestamp": null, "begin": null, "end": null, "altitudeMode": null, "tessellate": 1, "extrude": 0, "visibility": 0, "drawOrder": null, "icon": null, "Folder": "ALD-1D-76/4" }, "geometry": { "type": "LineString", "coordinates": [ [ -106.4832724841025, 31.727295163822308, 0.0 ], [ -106.483207629626904, 31.72705587451626, 0.0 ], [ -106.483527522387206, 31.72710507434045, 0.0 ], [ -106.484310863340895, 31.727342511489489, 0.0 ], [ -106.486013193537104, 31.727839193232541, 0.0 ], [ -106.486003273150601, 31.727727416926069, 0.0 ], [ -106.487081272457303, 31.7280370559325, 0.0 ], [ -106.488000923591798, 31.72831214178948, 0.0 ], [ -106.488410660826901, 31.728431788278019, 0.0 ], [ -106.488850862255305, 31.728680247607521, 0.0 ], [ -106.489741108325106, 31.728955069363991, 0.0 ], [ -106.491081719218101, 31.72934004392912, 0.0 ], [ -106.492855188947601, 31.729874459071119, 0.0 ] ] } },
{ "type": "Feature", "properties": { "id": null, "Name": "ALD-S-4-5", "description": null, "timestamp": null, "begin": null, "end": null, "altitudeMode": null, "tessellate": 1, "extrude": 0, "visibility": 0, "drawOrder": null, "icon": null, "Folder": "ALD-1D-77/5" }, "geometry": { "type": "LineString", "coordinates": [ [ -106.476062956993005, 31.722421765527852, 0.0 ], [ -106.475214659561004, 31.721740931677701, 0.0 ], [ -106.476579209454499, 31.721293235549819, 0.0 ], [ -106.476785300969397, 31.72162691920088, 0.0 ], [ -106.477125346386003, 31.721506913695801, 0.0 ], [ -106.478184778458498, 31.72415516768233, 0.0 ], [ -106.479005380037506, 31.72396063946384, 0.0 ], [ -106.480093530733598, 31.726487486703132, 0.0 ], [ -106.482833519999303, 31.725686066260799, 0.0 ] ] } },
{ "type": "Feature", "properties": { "id": null, "Name": "ALD-S-4-6", "description": null, "timestamp": null, "begin": null, "end": null, "altitudeMode": null, "tessellate": 1, "extrude": 0, "visibility": 0, "drawOrder": null, "icon": null, "Folder": "ALD-1D-78/6" }, "geometry": { "type": "LineString", "coordinates": [ [ -106.4828230835748, 31.725535901225751, 0.0 ], [ -106.482299400223596, 31.723690838775561, 0.0 ], [ -106.480251314112706, 31.72431305617047, 0.0 ], [ -106.478523076585901, 31.71977779179565, 0.0 ], [ -106.477609425354999, 31.72006031228592, 0.0 ] ] } },
{ "type": "Feature", "properties": { "id": null, "Name": "ALD-S-4-7", "description": null, "timestamp": null, "begin": null, "end": null, "altitudeMode": null, "tessellate": 1, "extrude": 0, "visibility": 0, "drawOrder": null, "icon": null, "Folder": "ALD-1D-79/7" }, "geometry": { "type": "LineString", "coordinates": [ [ -106.483933558318597, 31.725731291349351, 0.0 ], [ -106.485461891212594, 31.721976472190342, 0.0 ], [ -106.484126609784695, 31.72157642075274, 0.0 ], [ -106.483345387386393, 31.723454601585232, 0.0 ], [ -106.482422856762895, 31.723194550999239, 0.0 ] ] } },
{ "type": "Feature", "properties": { "id": null, "Name": "ALD-S-4-8", "description": null, "timestamp": null, "begin": null, "end": null, "altitudeMode": null, "tessellate": 1, "extrude": 0, "visibility": 0, "drawOrder": null, "icon": null, "Folder": "ALD-1D-80/8" }, "geometry": { "type": "LineString", "coordinates": [ [ -106.486098349568096, 31.72641148318721, 0.0 ], [ -106.486643400356598, 31.725167486761091, 0.0 ], [ -106.486917287156601, 31.72451117344831, 0.0 ], [ -106.486032089070093, 31.724224454382519, 0.0 ], [ -106.486002133835399, 31.724213717824689, 0.0 ], [ -106.486292652550503, 31.72360771695169, 0.0 ], [ -106.486781037077606, 31.722426941612859, 0.0 ], [ -106.487034793351299, 31.721722429313228, 0.0 ], [ -106.487263628057505, 31.721063462884871, 0.0 ], [ -106.486809161783896, 31.720924824368812, 0.0 ], [ -106.485136730171405, 31.720416058849541, 0.0 ], [ -106.485259318511396, 31.719764293108181, 0.0 ], [ -106.483692340100305, 31.719285904177731, 0.0 ] ] } },
{ "type": "Feature", "properties": { "id": null, "Name": "ALD-S-4-9", "description": null, "timestamp": null, "begin": null, "end": null, "altitudeMode": null, "tessellate": 1, "extrude": 0, "visibility": 0, "drawOrder": null, "icon": null, "Folder": "ALD-1D-81/9" }, "geometry": { "type": "LineString", "coordinates": [ [ -106.488489662434105, 31.727116603691201, 0.0 ], [ -106.490490860411796, 31.72200776089759, 0.0 ], [ -106.489469832944806, 31.721723080882491, 0.0 ], [ -106.488506854847301, 31.724157499496879, 0.0 ] ] } },
{ "type": "Feature", "properties": { "id": null, "Name": "ALD-S-4-10", "description": null, "timestamp": null, "begin": null, "end": null, "altitudeMode": null, "tessellate": 1, "extrude": 0, "visibility": 0, "drawOrder": null, "icon": null, "Folder": "ALD-1D-82/10" }, "geometry": { "type": "LineString", "coordinates": [ [ -106.489793778732604, 31.727470796590818, 0.0 ], [ -106.492217204649194, 31.72142194493324, 0.0 ] ] } },
{ "type": "Feature", "properties": { "id": null, "Name": "ALD-S-4-11", "description": null, "timestamp": null, "begin": null, "end": null, "altitudeMode": null, "tessellate": 1, "extrude": 0, "visibility": 0, "drawOrder": null, "icon": null, "Folder": "ALD-1D-83/11" }, "geometry": { "type": "LineString", "coordinates": [ [ -106.491148369014496, 31.72794661628679, 0.0 ], [ -106.493119021936195, 31.723101492832861, 0.0 ], [ -106.493619858331996, 31.721824413332669, 0.0 ] ] } },
{ "type": "Feature", "properties": { "id": null, "Name": "ALD-S-4-12", "description": null, "timestamp": null, "begin": null, "end": null, "altitudeMode": null, "tessellate": 1, "extrude": 0, "visibility": 0, "drawOrder": null, "icon": null, "Folder": "ALD-1D-84/12" }, "geometry": { "type": "LineString", "coordinates": [ [ -106.498118538190397, 31.724297329652231, 0.0 ], [ -106.495014118067004, 31.723370742778311, 0.0 ], [ -106.494262690714294, 31.725289704974639, 0.0 ], [ -106.493976282086507, 31.725931693744489, 0.0 ], [ -106.492973772686099, 31.72849938120574, 0.0 ] ] } },
{ "type": "Feature", "properties": { "id": null, "Name": "ALD-S-5-1", "description": null, "timestamp": null, "begin": null, "end": null, "altitudeMode": null, "tessellate": 1, "extrude": 0, "visibility": 0, "drawOrder": null, "icon": null, "Folder": "ALD-2I-1/1" }, "geometry": { "type": "LineString", "coordinates": [ [ -106.502068214481994, 31.743262769510501, 0.0 ], [ -106.502964702061703, 31.743539318064979, 0.0 ], [ -106.501575729741901, 31.74696655994083, 0.0 ], [ -106.5013257056752, 31.74759095114992, 0.0 ], [ -106.501143993134505, 31.747855321511029, 0.0 ], [ -106.500733189396399, 31.748795438453229, 0.0 ] ] } },
{ "type": "Feature", "properties": { "id": null, "Name": "ALD-S-5-2", "description": null, "timestamp": null, "begin": null, "end": null, "altitudeMode": null, "tessellate": 1, "extrude": 0, "visibility": 0, "drawOrder": null, "icon": null, "Folder": "ALD-2I-2/2" }, "geometry": { "type": "LineString", "coordinates": [ [ -106.499207454957201, 31.746572234838361, 0.0 ], [ -106.499724759940904, 31.746735457416239, 0.0 ], [ -106.500591241799498, 31.746988725504782, 0.0 ], [ -106.500736712237398, 31.7466305599878, 0.0 ], [ -106.500866626104099, 31.746342542242061, 0.0 ], [ -106.503563806406305, 31.747135614158271, 0.0 ], [ -106.503039515798207, 31.748411380115321, 0.0 ], [ -106.503955172140195, 31.748678519005981, 0.0 ], [ -106.5038488617338, 31.748942075868921, 0.0 ] ] } },
{ "type": "Feature", "properties": { "id": null, "Name": "ALD-S-5-3", "description": null, "timestamp": null, "begin": null, "end": null, "altitudeMode": null, "tessellate": 1, "extrude": 0, "visibility": 0, "drawOrder": null, "icon": null, "Folder": "ALD-2I-3/3" }, "geometry": { "type": "LineString", "coordinates": [ [ -106.498792049186605, 31.74645515017869, 0.0 ], [ -106.497746254148396, 31.748977955753439, 0.0 ], [ -106.497491003819306, 31.749607220938309, 0.0 ], [ -106.498373346101204, 31.749886392060201, 0.0 ], [ -106.498650568100103, 31.74924573371786, 0.0 ], [ -106.498888452487407, 31.748605090082339, 0.0 ] ] } },
{ "type": "Feature", "properties": { "id": null, "Name": "ALD-S-5-4", "description": null, "timestamp": null, "begin": null, "end": null, "altitudeMode": null, "tessellate": 1, "extrude": 0, "visibility": 0, "drawOrder": null, "icon": null, "Folder": "ALD-2I-4/4" }, "geometry": { "type": "LineString", "coordinates": [ [ -106.498320898330505, 31.746309751445992, 0.0 ], [ -106.497880154160299, 31.746178853030219, 0.0 ], [ -106.496338348302203, 31.749966173327749, 0.0 ], [ -106.497644633739796, 31.75034833745725, 0.0 ], [ -106.497506813724499, 31.750674444442499, 0.0 ] ] } },
{ "type": "Feature", "properties": { "id": null, "Name": "ALD-S-5-5", "description": null, "timestamp": null, "begin": null, "end": null, "altitudeMode": null, "tessellate": 1, "extrude": 0, "visibility": 0, "drawOrder": null, "icon": null, "Folder": "ALD-2I-5/5" }, "geometry": { "type": "LineString", "coordinates": [ [ -106.497881805696295, 31.746175425544479, 0.0 ], [ -106.498391326406306, 31.744881488344841, 0.0 ], [ -106.497435756382899, 31.744623606442349, 0.0 ], [ -106.498488001715998, 31.742097715857341, 0.0 ] ] } },
{ "type": "Feature", "properties": { "id": null, "Name": "ALD-S-5-6", "description": null, "timestamp": null, "begin": null, "end": null, "altitudeMode": null, "tessellate": 1, "extrude": 0, "visibility": 0, "drawOrder": null, "icon": null, "Folder": "ALD-2I-6/6" }, "geometry": { "type": "LineString", "coordinates": [ [ -106.496505113934802, 31.74576020306214, 0.0 ], [ -106.495747567204702, 31.74768099167601, 0.0 ], [ -106.494407906973905, 31.747279069996811, 0.0 ], [ -106.493636967552007, 31.749195937695269, 0.0 ], [ -106.494535090449403, 31.749469021604732, 0.0 ], [ -106.494391056257697, 31.74981400280868, 0.0 ] ] } },
{ "type": "Feature", "properties": { "id": null, "Name": "ALD-S-5-7", "description": null, "timestamp": null, "begin": null, "end": null, "altitudeMode": null, "tessellate": 1, "extrude": 0, "visibility": 0, "drawOrder": null, "icon": null, "Folder": "ALD-2I-7/7" }, "geometry": { "type": "LineString", "coordinates": [ [ -106.496209506186602, 31.74534026475326, 0.0 ], [ -106.496348151258502, 31.745002020430722, 0.0 ], [ -106.495439016280201, 31.744733354272629, 0.0 ], [ -106.496224676016993, 31.742828114492909, 0.0 ], [ -106.494848959993902, 31.742419970885081, 0.0 ], [ -106.494437586846701, 31.742302061874781, 0.0 ] ] } },
{ "type": "Feature", "properties": { "id": null, "Name": "ALD-S-5-8", "description": null, "timestamp": null, "begin": null, "end": null, "altitudeMode": null, "tessellate": 1, "extrude": 0, "visibility": 0, "drawOrder": null, "icon": null, "Folder": "ALD-2I-8/8" }, "geometry": { "type": "LineString", "coordinates": [ [ -106.498230132575301, 31.74029869088713, 0.0 ], [ -106.498348281307997, 31.740002116119051, 0.0 ], [ -106.496080760214994, 31.73935887645716, 0.0 ], [ -106.495194752401602, 31.741529039259401, 0.0 ], [ -106.495083090589304, 31.74176847707885, 0.0 ], [ -106.494723090238494, 31.741668258889099, 0.0 ], [ -106.494539451725402, 31.741637222856571, 0.0 ] ] } },
{ "type": "Feature", "properties": { "id": null, "Name": "ALD-S-5-9", "description": null, "timestamp": null, "begin": null, "end": null, "altitudeMode": null, "tessellate": 1, "extrude": 0, "visibility": 0, "drawOrder": null, "icon": null, "Folder": "ALD-2I-9/9" }, "geometry": { "type": "LineString", "coordinates": [ [ -106.498605769508998, 31.73939103920813, 0.0 ], [ -106.498861149355506, 31.73872645099982, 0.0 ], [ -106.495697621835802, 31.73780257787919, 0.0 ], [ -106.495046554315905, 31.73939694671915, 0.0 ] ] } },
{ "type": "Feature", "properties": { "id": null, "Name": "ALD-S-5-10", "description": null, "timestamp": null, "begin": null, "end": null, "altitudeMode": null, "tessellate": 1, "extrude": 0, "visibility": 0, "drawOrder": null, "icon": null, "Folder": "ALD-2I-10/10" }, "geometry": { "type": "LineString", "coordinates": [ [ -106.500012435491598, 31.738359263297792, 0.0 ], [ -106.499246878207998, 31.740278020505329, 0.0 ], [ -106.501964832077604, 31.741077380434561, 0.0 ], [ -106.502372448199495, 31.741101065130039, 0.0 ], [ -106.502272020986894, 31.74152163916127, 0.0 ] ] } },
{ "type": "Feature", "properties": { "id": null, "Name": "ALD-S-6-1", "description": null, "timestamp": null, "begin": null, "end": null, "altitudeMode": null, "tessellate": 1, "extrude": 0, "visibility": 0, "drawOrder": null, "icon": null, "Folder": "ALD-2D-25/1" }, "geometry": { "type": "LineString", "coordinates": [ [ -106.504709745661202, 31.736288025878618, 0.0 ], [ -106.505860182810807, 31.740466909594129, 0.0 ], [ -106.506706725140205, 31.74303743971852, 0.0 ], [ -106.506722556431498, 31.743373197715421, 0.0 ], [ -106.506914514663805, 31.743989596571389, 0.0 ] ] } },
{ "type": "Feature", "properties": { "id": null, "Name": "ALD-S-6-2", "description": null, "timestamp": null, "begin": null, "end": null, "altitudeMode": null, "tessellate": 1, "extrude": 0, "visibility": 0, "drawOrder": null, "icon": null, "Folder": "ALD-2D-26/2" }, "geometry": { "type": "LineString", "coordinates": [ [ -106.505495242306395, 31.736161489857569, 0.0 ], [ -106.506650982152095, 31.735920264670622, 0.0 ], [ -106.507200058568998, 31.737778889836811, 0.0 ], [ -106.508114223698698, 31.73761537789246, 0.0 ], [ -106.508622663006307, 31.7393162987244, 0.0 ], [ -106.5089967614975, 31.739267732519391, 0.0 ], [ -106.510636284932104, 31.73898173205458, 0.0 ], [ -106.5107459458318, 31.7394484324704, 0.0 ] ] } },
{ "type": "Feature", "properties": { "id": null, "Name": "ALD-S-6-3", "description": null, "timestamp": null, "begin": null, "end": null, "altitudeMode": null, "tessellate": 1, "extrude": 0, "visibility": 0, "drawOrder": null, "icon": null, "Folder": "ALD-2D-27/3" }, "geometry": { "type": "LineString", "coordinates": [ [ -106.505497335801707, 31.736156828263059, 0.0 ], [ -106.509610823983394, 31.73526637918016, 0.0 ], [ -106.5097918628461, 31.735968369653321, 0.0 ], [ -106.509860053488396, 31.736247802448261, 0.0 ], [ -106.511772759902598, 31.735819638662878, 0.0 ] ] } },
{ "type": "Feature", "properties": { "id": null, "Name": "ALD-S-6-4", "description": null, "timestamp": null, "begin": null, "end": null, "altitudeMode": null, "tessellate": 1, "extrude": 0, "visibility": 0, "drawOrder": null, "icon": null, "Folder": "ALD-2D-28/4" }, "geometry": { "type": "LineString", "coordinates": [ [ -106.505934735023104, 31.730510623439649, 0.0 ], [ -106.506550981303306, 31.730468527405328, 0.0 ], [ -106.5071565681137, 31.730529417442469, 0.0 ], [ -106.507208835509601, 31.730643647850201, 0.0 ], [ -106.507079404737198, 31.730960266222521, 0.0 ], [ -106.507041171178301, 31.731253314034621, 0.0 ], [ -106.507026990623103, 31.731390217278591, 0.0 ], [ -106.506490953582201, 31.7313173553989, 0.0 ], [ -106.506472968156501, 31.731494658418981, 0.0 ], [ -106.506438565641702, 31.73171955529066, 0.0 ], [ -106.506339842035899, 31.73225764323497, 0.0 ], [ -106.506153733297793, 31.7322186132218, 0.0 ], [ -106.5056932153513, 31.732153470273861, 0.0 ], [ -106.505563764894504, 31.73213290222531, 0.0 ], [ -106.505397272160707, 31.733086701049089, 0.0 ], [ -106.507056918363801, 31.73330261665652, 0.0 ] ] } },
{ "type": "Feature", "properties": { "id": null, "Name": "ALD-S-6-5", "description": null, "timestamp": null, "begin": null, "end": null, "altitudeMode": null, "tessellate": 1, "extrude": 0, "visibility": 0, "drawOrder": null, "icon": null, "Folder": "ALD-2D-29/5" }, "geometry": { "type": "LineString", "coordinates": [ [ -106.505882108674797, 31.73314137550031, 0.0 ], [ -106.503435821781693, 31.732820870527529, 0.0 ], [ -106.503265459866299, 31.733689985912129, 0.0 ], [ -106.503113711168893, 31.734475914431052, 0.0 ], [ -106.503323538444405, 31.734634471259511, 0.0 ], [ -106.504267392819798, 31.734732861649778, 0.0 ], [ -106.504413754045203, 31.735175538741931, 0.0 ], [ -106.504499743198707, 31.735561072225661, 0.0 ], [ -106.5046009822222, 31.735938080106472, 0.0 ] ] } },
{ "type": "Feature", "properties": { "id": null, "Name": "ALD-S-6-6", "description": null, "timestamp": null, "begin": null, "end": null, "altitudeMode": null, "tessellate": 1, "extrude": 0, "visibility": 0, "drawOrder": null, "icon": null, "Folder": "ALD-2D-30/6" }, "geometry": { "type": "LineString", "coordinates": [ [ -106.505942727106401, 31.730489946651261, 0.0 ], [ -106.505871345599303, 31.730390856237829, 0.0 ], [ -106.505584065547396, 31.730056052517359, 0.0 ], [ -106.504572849882507, 31.728753170496422, 0.0 ], [ -106.503157816649804, 31.726985688805581, 0.0 ], [ -106.501990229681397, 31.725529319778591, 0.0 ], [ -106.501582791285102, 31.7250158431128, 0.0 ] ] } },
{ "type": "Feature", "properties": { "id": null, "Name": "ALD-S-6-6/1", "description": null, "timestamp": null, "begin": null, "end": null, "altitudeMode": null, "tessellate": 1, "extrude": 0, "visibility": 0, "drawOrder": null, "icon": null, "Folder": "ALD-2D-30/6" }, "geometry": { "type": "LineString", "coordinates": [ [ -106.501584807220695, 31.725016287312052, 0.0 ], [ -106.502198329283502, 31.72465613232837, 0.0 ], [ -106.501784967307998, 31.72420702039652, 0.0 ] ] } },
{ "type": "Feature", "properties": { "id": null, "Name": "ALD-S-6-7", "description": null, "timestamp": null, "begin": null, "end": null, "altitudeMode": null, "tessellate": 1, "extrude": 0, "visibility": 0, "drawOrder": null, "icon": null, "Folder": "ALD-2D-31/7" }, "geometry": { "type": "LineString", "coordinates": [ [ -106.502049365921593, 31.733282829137789, 0.0 ], [ -106.500683315622794, 31.732878687746162, 0.0 ], [ -106.500939005335596, 31.732246223557169, 0.0 ], [ -106.501186835860906, 31.731640144973721, 0.0 ], [ -106.501682522628201, 31.731733158884222, 0.0 ], [ -106.502144712356795, 31.731894209502741, 0.0 ], [ -106.502555317920795, 31.732013513194079, 0.0 ], [ -106.502654306223405, 31.731896833019711, 0.0 ], [ -106.503694766850202, 31.731471648478799, 0.0 ], [ -106.503414022914697, 31.730652503498519, 0.0 ], [ -106.503421110603696, 31.730099325998889, 0.0 ], [ -106.5032292743401, 31.729756023951651, 0.0 ], [ -106.502237589280099, 31.730194049382231, 0.0 ] ] } },
{ "type": "Feature", "properties": { "id": null, "Name": "ALD-S-6-8", "description": null, "timestamp": null, "begin": null, "end": null, "altitudeMode": null, "tessellate": 1, "extrude": 0, "visibility": 0, "drawOrder": null, "icon": null, "Folder": "ALD-2D-32/8" }, "geometry": { "type": "LineString", "coordinates": [ [ -106.505728392621094, 31.731237527433869, 0.0 ], [ -106.504772279183598, 31.731203271858, 0.0 ], [ -106.502508204704995, 31.732496660210959, 0.0 ], [ -106.502289268987994, 31.732666618772772, 0.0 ], [ -106.501907513621802, 31.733605065928341, 0.0 ], [ -106.5017986190106, 31.733903127773679, 0.0 ], [ -106.502600227464498, 31.73410757136892, 0.0 ], [ -106.502139010064795, 31.735408049268809, 0.0 ], [ -106.501650680466696, 31.735253455086539, 0.0 ], [ -106.501406084560401, 31.735893777281209, 0.0 ] ] } },
{ "type": "Feature", "properties": { "id": null, "Name": "ALD-S-6-9", "description": null, "timestamp": null, "begin": null, "end": null, "altitudeMode": null, "tessellate": 1, "extrude": 0, "visibility": 0, "drawOrder": null, "icon": null, "Folder": "ALD-2D-33/9" }, "geometry": { "type": "LineString", "coordinates": [ [ -106.502322089109796, 31.73514534634073, 0.0 ], [ -106.502199730123294, 31.735449537466121, 0.0 ], [ -106.500377918861105, 31.734922931147679, 0.0 ], [ -106.500675696539702, 31.734264384268389, 0.0 ], [ -106.498387160302499, 31.733640398507841, 0.0 ] ] } },
{ "type": "Feature", "properties": { "id": null, "Name": "ALD-S-6-10", "description": null, "timestamp": null, "begin": null, "end": null, "altitudeMode": null, "tessellate": 1, "extrude": 0, "visibility": 0, "drawOrder": null, "icon": null, "Folder": "ALD-2D-34/10" }, "geometry": { "type": "LineString", "coordinates": [ [ -106.502032114815904, 31.735820758672251, 0.0 ], [ -106.501941097435903, 31.736083398921139, 0.0 ], [ -106.501411238501703, 31.735895405023001, 0.0 ], [ -106.501147932399803, 31.736556151057371, 0.0 ], [ -106.498998723842703, 31.735923470192969, 0.0 ], [ -106.498104131956694, 31.735640995580152, 0.0 ], [ -106.496739282529603, 31.735300842154139, 0.0 ], [ -106.496804116692402, 31.73517029559655, 0.0 ], [ -106.496359237550294, 31.73506307873507, 0.0 ] ] } },
{ "type": "Feature", "properties": { "id": null, "Name": "ALD-S-6-11", "description": null, "timestamp": null, "begin": null, "end": null, "altitudeMode": null, "tessellate": 1, "extrude": 0, "visibility": 0, "drawOrder": null, "icon": null, "Folder": "ALD-2D-35/11" }, "geometry": { "type": "LineString", "coordinates": [ [ -106.501173266371794, 31.738000525838089, 0.0 ], [ -106.502080274617398, 31.738265324120508, 0.0 ], [ -106.502812833954493, 31.736326467082499, 0.0 ] ] } },
{ "type": "Feature", "properties": { "id": null, "Name": "ALD-S-7-1", "description": null, "timestamp": null, "begin": null, "end": null, "altitudeMode": null, "tessellate": 1, "extrude": 0, "visibility": 0, "drawOrder": null, "icon": null, "Folder": "ALD-2I-49/1" }, "geometry": { "type": "LineString", "coordinates": [ [ -106.5053433979147, 31.747648167972269, 0.0 ], [ -106.5061557535915, 31.745776277702841, 0.0 ], [ -106.504774730017004, 31.745377351075771, 0.0 ], [ -106.504318606613396, 31.74523428707565, 0.0 ], [ -106.501613785219106, 31.744432497068399, 0.0 ], [ -106.501104708655902, 31.744288680502802, 0.0 ], [ -106.500683746236206, 31.744138867026429, 0.0 ], [ -106.500262344116905, 31.74400537842309, 0.0 ], [ -106.499317505025303, 31.743735946643991, 0.0 ], [ -106.498458975161299, 31.74348228976562, 0.0 ] ] } },
{ "type": "Feature", "properties": { "id": null, "Name": "ALD-S-7-2", "description": null, "timestamp": null, "begin": null, "end": null, "altitudeMode": null, "tessellate": 1, "extrude": 0, "visibility": 0, "drawOrder": null, "icon": null, "Folder": "ALD-2I-50/2" }, "geometry": { "type": "LineString", "coordinates": [ [ -106.504001923610801, 31.75090525364887, 0.0 ], [ -106.504063488389804, 31.75054398631859, 0.0 ], [ -106.504186620398002, 31.750227037186178, 0.0 ], [ -106.503958194735901, 31.750155863474308, 0.0 ], [ -106.5039042825222, 31.749882419187401, 0.0 ], [ -106.504004669539796, 31.749779991086442, 0.0 ], [ -106.503961124668606, 31.749594711342102, 0.0 ], [ -106.503339538540999, 31.749524492062811, 0.0 ], [ -106.502996531199202, 31.749540264965891, 0.0 ], [ -106.502372048298696, 31.749442596353159, 0.0 ], [ -106.501812228614, 31.749443884188061, 0.0 ], [ -106.5012673079259, 31.749306516549272, 0.0 ], [ -106.500660481546007, 31.749133293121769, 0.0 ], [ -106.500295508896599, 31.748993601825688, 0.0 ], [ -106.499854895160794, 31.74891398499026, 0.0 ], [ -106.499390755451302, 31.748764797664879, 0.0 ], [ -106.499268775861395, 31.74905740558739, 0.0 ], [ -106.499128517968401, 31.749401187627239, 0.0 ], [ -106.499003360892004, 31.749736685454121, 0.0 ], [ -106.498928179071299, 31.74985656883289, 0.0 ] ] } },
{ "type": "Feature", "properties": { "id": null, "Name": "ALD-S-7-3", "description": null, "timestamp": null, "begin": null, "end": null, "altitudeMode": null, "tessellate": 1, "extrude": 0, "visibility": 0, "drawOrder": null, "icon": null, "Folder": "ALD-2I-51/3" }, "geometry": { "type": "LineString", "coordinates": [ [ -106.503482335415498, 31.75214452649168, 0.0 ], [ -106.502131964036195, 31.7517546783372, 0.0 ], [ -106.501111738453702, 31.754299702976532, 0.0 ], [ -106.501574137768699, 31.754417053658649, 0.0 ], [ -106.502037071846004, 31.754550286763511, 0.0 ], [ -106.502425575756405, 31.75469003791768, 0.0 ], [ -106.502889669176199, 31.754831794512231, 0.0 ], [ -106.503311360502806, 31.754955875817309, 0.0 ], [ -106.503798189260394, 31.75510477166312, 0.0 ], [ -106.5050912592299, 31.755489730108948, 0.0 ], [ -106.505598968320001, 31.755657632534952, 0.0 ], [ -106.505265961759406, 31.756467405951302, 0.0 ] ] } },
{ "type": "Feature", "properties": { "id": null, "Name": "ALD-S-7-4", "description": null, "timestamp": null, "begin": null, "end": null, "altitudeMode": null, "tessellate": 1, "extrude": 0, "visibility": 0, "drawOrder": null, "icon": null, "Folder": "ALD-2I-52/4" }, "geometry": { "type": "LineString", "coordinates": [ [ -106.5043297757381, 31.753844853639499, 0.0 ], [ -106.505484845785702, 31.750973252539062, 0.0 ], [ -106.505632479593103, 31.750654839079939, 0.0 ], [ -106.506044660555304, 31.75078498436665, 0.0 ], [ -106.506522192810095, 31.750928762859839, 0.0 ], [ -106.507071734921396, 31.749570292582469, 0.0 ], [ -106.507178564761901, 31.749189789907831, 0.0 ], [ -106.507435933566299, 31.74873307584571, 0.0 ], [ -106.507590945176801, 31.748149143760418, 0.0 ], [ -106.507720467941994, 31.74739578086897, 0.0 ], [ -106.508006904325001, 31.74623368193058, 0.0 ] ] } },
{ "type": "Feature", "properties": { "id": null, "Name": "ALD-S-7-5", "description": null, "timestamp": null, "begin": null, "end": null, "altitudeMode": null, "tessellate": 1, "extrude": 0, "visibility": 0, "drawOrder": null, "icon": null, "Folder": "ALD-2I-53/5" }, "geometry": { "type": "LineString", "coordinates": [ [ -106.505250739722896, 31.753390860969851, 0.0 ], [ -106.505472745718905, 31.753469989151359, 0.0 ], [ -106.504465877880193, 31.755950598246532, 0.0 ], [ -106.503528487675297, 31.755634417975958, 0.0 ], [ -106.503256497607893, 31.756295841787072, 0.0 ], [ -106.5019684679378, 31.755873716734222, 0.0 ] ] } },
{ "type": "Feature", "properties": { "id": null, "Name": "ALD-S-7-5-1", "description": null, "timestamp": null, "begin": null, "end": null, "altitudeMode": null, "tessellate": 1, "extrude": 0, "visibility": 0, "drawOrder": null, "icon": null, "Folder": "ALD-2I-53/5" }, "geometry": { "type": "LineString", "coordinates": [ [ -106.505235852630094, 31.753388497716639, 0.0 ], [ -106.505460024784298, 31.753465040302409, 0.0 ], [ -106.505336517229694, 31.753770508399441, 0.0 ], [ -106.506229093405295, 31.751599334657961, 0.0 ] ] } },
{ "type": "Feature", "properties": { "id": null, "Name": "ALD-S-7-7", "description": null, "timestamp": null, "begin": null, "end": null, "altitudeMode": null, "tessellate": 1, "extrude": 0, "visibility": 0, "drawOrder": null, "icon": null, "Folder": "ALD-2I-55/7" }, "geometry": { "type": "LineString", "coordinates": [ [ -106.507182940381398, 31.751859612971931, 0.0 ], [ -106.509245871942298, 31.752450844959601, 0.0 ], [ -106.508869699040403, 31.755234466191119, 0.0 ], [ -106.509165680991998, 31.755299375648249, 0.0 ], [ -106.509074464169501, 31.755528951344409, 0.0 ], [ -106.508903210682504, 31.755830684411158, 0.0 ], [ -106.510123265219207, 31.7561924630254, 0.0 ], [ -106.510001992769304, 31.756330366447578, 0.0 ], [ -106.509866139657703, 31.756950812934321, 0.0 ], [ -106.509751723490197, 31.757518172631091, 0.0 ], [ -106.509266645378602, 31.75736905069007, 0.0 ], [ -106.508989304430798, 31.757739297637379, 0.0 ], [ -106.508902751109105, 31.757927092556411, 0.0 ], [ -106.508827411822594, 31.758127636003881, 0.0 ], [ -106.508658560356494, 31.75856061214828, 0.0 ] ] } },
{ "type": "Feature", "properties": { "id": null, "Name": "ALD-S-7-8", "description": null, "timestamp": null, "begin": null, "end": null, "altitudeMode": null, "tessellate": 1, "extrude": 0, "visibility": 0, "drawOrder": null, "icon": null, "Folder": "ALD-2I-56/8" }, "geometry": { "type": "LineString", "coordinates": [ [ -106.507736367922007, 31.750404335216849, 0.0 ], [ -106.510427327981603, 31.75122319535469, 0.0 ], [ -106.510594448496505, 31.750797004591341, 0.0 ], [ -106.510747237198203, 31.750735692461699, 0.0 ], [ -106.510916350079995, 31.750893330517261, 0.0 ], [ -106.511340140017595, 31.751018874024069, 0.0 ], [ -106.511864062990298, 31.751161727251759, 0.0 ], [ -106.512093876945897, 31.750928689436339, 0.0 ], [ -106.512248460991103, 31.750602120314941, 0.0 ], [ -106.512418847952503, 31.75051274067679, 0.0 ], [ -106.512936191232896, 31.75067741951727, 0.0 ], [ -106.513557741245094, 31.75085729695645, 0.0 ], [ -106.514178534916297, 31.751139055815852, 0.0 ], [ -106.514460459665003, 31.75040570240435, 0.0 ], [ -106.515090886824296, 31.75059233424459, 0.0 ], [ -106.515317724674503, 31.750041534529561, 0.0 ] ] } },
{ "type": "Feature", "properties": { "id": null, "Name": "ALD-S-7-9", "description": null, "timestamp": null, "begin": null, "end": null, "altitudeMode": null, "tessellate": 1, "extrude": 0, "visibility": 0, "drawOrder": null, "icon": null, "Folder": "ALD-2I-57/9" }, "geometry": { "type": "LineString", "coordinates": [ [ -106.508137374409898, 31.749474215202, 0.0 ], [ -106.509092690880493, 31.74963415910468, 0.0 ], [ -106.509253962147199, 31.74951311352444, 0.0 ], [ -106.509251107927199, 31.748978943436249, 0.0 ], [ -106.509352795537794, 31.748603432717989, 0.0 ], [ -106.509882998254, 31.7486825358327, 0.0 ], [ -106.510722362085303, 31.74878388463517, 0.0 ], [ -106.510913328530194, 31.748370783457801, 0.0 ], [ -106.511048861711004, 31.74804846764027, 0.0 ], [ -106.511216036808605, 31.747640369355789, 0.0 ], [ -106.511331994170007, 31.747433726793631, 0.0 ], [ -106.511001883791096, 31.747329142995891, 0.0 ], [ -106.5106263442824, 31.747225431502891, 0.0 ], [ -106.510262111865799, 31.74718773547022, 0.0 ], [ -106.5097229562259, 31.74709857629038, 0.0 ], [ -106.509307527058795, 31.747060524816821, 0.0 ], [ -106.509232597594306, 31.74717184768636, 0.0 ], [ -106.509042261988995, 31.747998069699939, 0.0 ] ] } },
{ "type": "Feature", "properties": { "id": null, "Name": "ALD-S-7-10", "description": null, "timestamp": null, "begin": null, "end": null, "altitudeMode": null, "tessellate": 1, "extrude": 0, "visibility": 0, "drawOrder": null, "icon": null, "Folder": "ALD-2I-58/10" }, "geometry": { "type": "LineString", "coordinates": [ [ -106.509244681240702, 31.745355792844052, 0.0 ], [ -106.513808092003501, 31.746718030493309, 0.0 ], [ -106.515077157113296, 31.747100941020442, 0.0 ], [ -106.514882766878301, 31.74762176604894, 0.0 ], [ -106.514579194828698, 31.74834271068206, 0.0 ], [ -106.513919992178103, 31.74816912816139, 0.0 ], [ -106.513679732788802, 31.748739347675219, 0.0 ], [ -106.512994919937796, 31.748553441800119, 0.0 ], [ -106.512723149373798, 31.749288963364531, 0.0 ], [ -106.512544376996999, 31.749812806548459, 0.0 ], [ -106.511894151343796, 31.749634016536209, 0.0 ] ] } },
{ "type": "Feature", "properties": { "id": null, "Name": "ALD-S-8-12", "description": "1055 MTS", "timestamp": null, "begin": null, "end": null, "altitudeMode": null, "tessellate": 1, "extrude": 0, "visibility": 0, "drawOrder": null, "icon": null, "Folder": "DISTRIBUCION_ORIGINAL" }, "geometry": { "type": "LineString", "coordinates": [ [ -106.511266675671706, 31.742739892760181, 0.0 ], [ -106.511766690367097, 31.742615759291329, 0.0 ], [ -106.511325958888094, 31.74147342529298, 0.0 ], [ -106.510487603398005, 31.741658990969881, 0.0 ], [ -106.510342097600798, 31.741200388056509, 0.0 ], [ -106.508359487400199, 31.741679878558859, 0.0 ], [ -106.507853269751095, 31.74177306437122, 0.0 ], [ -106.505358765984596, 31.742337863561591, 0.0 ], [ -106.505124715340699, 31.741650653147548, 0.0 ] ] } },
{ "type": "Feature", "properties": { "id": null, "Name": "ALD-S-7-23", "description": "1237 mts", "timestamp": null, "begin": null, "end": null, "altitudeMode": null, "tessellate": 1, "extrude": 0, "visibility": 0, "drawOrder": null, "icon": null, "Folder": "DISTRIBUCION_ORIGINAL" }, "geometry": { "type": "LineString", "coordinates": [ [ -106.506433990357394, 31.75365530026307, 0.0 ], [ -106.505719530185601, 31.755362281593271, 0.0 ], [ -106.505386219683601, 31.756180319973421, 0.0 ], [ -106.507106309364801, 31.75670569994281, 0.0 ], [ -106.507509578524093, 31.75683703286035, 0.0 ], [ -106.507737327029901, 31.756280104919188, 0.0 ], [ -106.5077150023386, 31.75600463176923, 0.0 ], [ -106.507921747418294, 31.75551941895721, 0.0 ], [ -106.508115825087998, 31.754981972875601, 0.0 ], [ -106.509542533263698, 31.755422749532979, 0.0 ], [ -106.509583872718494, 31.755061990006599, 0.0 ], [ -106.509731795779203, 31.754030695734741, 0.0 ], [ -106.508460142996796, 31.753658648935421, 0.0 ], [ -106.507629533547004, 31.753391529128301, 0.0 ] ] } },
{ "type": "Feature", "properties": { "id": null, "Name": "ALD-S-3-21", "description": "1,210 mts", "timestamp": null, "begin": null, "end": null, "altitudeMode": null, "tessellate": 1, "extrude": 0, "visibility": 0, "drawOrder": null, "icon": null, "Folder": "DISTRIBUCION_ORIGINAL" }, "geometry": { "type": "LineString", "coordinates": [ [ -106.499662746207605, 31.72690228370568, 0.0 ], [ -106.499112796027504, 31.728216559867871, 0.0 ], [ -106.498928985831398, 31.72871427355744, 0.0 ], [ -106.499691492163606, 31.728930325624411, 0.0 ], [ -106.500589030923294, 31.72917601271735, 0.0 ], [ -106.501113578782594, 31.72932459644921, 0.0 ], [ -106.501357550701499, 31.72880871659029, 0.0 ], [ -106.501859582412905, 31.728973272778511, 0.0 ], [ -106.502174461839104, 31.729028388701799, 0.0 ], [ -106.501400595392596, 31.72803856161347, 0.0 ], [ -106.502002403907397, 31.727665695398741, 0.0 ], [ -106.500819216692094, 31.726239402141619, 0.0 ], [ -106.502902849690898, 31.725008754250371, 0.0 ] ] } },
{ "type": "Feature", "properties": { "id": null, "Name": "ALD-S-3-14", "description": "774 mts", "timestamp": null, "begin": null, "end": null, "altitudeMode": null, "tessellate": 1, "extrude": 0, "visibility": 0, "drawOrder": null, "icon": null, "Folder": "DISTRIBUCION_ORIGINAL" }, "geometry": { "type": "LineString", "coordinates": [ [ -106.499139537446595, 31.731746719967791, 0.0 ], [ -106.499619870817099, 31.73188989381125, 0.0 ], [ -106.500200170881101, 31.730528475677129, 0.0 ], [ -106.4996683971804, 31.730336142714052, 0.0 ], [ -106.499965790437699, 31.729715958949861, 0.0 ], [ -106.500190373722205, 31.729192824530639, 0.0 ], [ -106.500178495368502, 31.729040778121249, 0.0 ], [ -106.500415889573205, 31.728570679392242, 0.0 ], [ -106.500911821303404, 31.7286942531459, 0.0 ], [ -106.501338749018998, 31.72880992285609, 0.0 ], [ -106.501835932939798, 31.728956437023459, 0.0 ], [ -106.501695072277798, 31.72933137089807, 0.0 ], [ -106.501560074565802, 31.729663506462661, 0.0 ], [ -106.501427573843102, 31.729982458024189, 0.0 ] ] } },
{ "type": "Feature", "properties": { "id": null, "Name": "ALD-S-3-14-1", "description": "264 mts", "timestamp": null, "begin": null, "end": null, "altitudeMode": null, "tessellate": 1, "extrude": 0, "visibility": 0, "drawOrder": null, "icon": null, "Folder": "DISTRIBUCION_ORIGINAL" }, "geometry": { "type": "LineString", "coordinates": [ [ -106.499618614464495, 31.731896903546929, 0.0 ], [ -106.499369338904899, 31.732517116334389, 0.0 ], [ -106.498924502066203, 31.732378155087169, 0.0 ], [ -106.498798926048096, 31.73265674200745, 0.0 ], [ -106.498584301534706, 31.73299101782586, 0.0 ], [ -106.498211976079006, 31.732890926403861, 0.0 ], [ -106.4981090107146, 31.73318628395284, 0.0 ] ] } },
{ "type": "Feature", "properties": { "id": null, "Name": "ALD-S-1-23", "description": "809 mts", "timestamp": null, "begin": null, "end": null, "altitudeMode": null, "tessellate": 1, "extrude": 0, "visibility": 0, "drawOrder": null, "icon": null, "Folder": "DISTRIBUCION_ORIGINAL" }, "geometry": { "type": "LineString", "coordinates": [ [ -106.492704873142301, 31.729117309630901, 0.0 ], [ -106.494015373434294, 31.729524379788689, 0.0 ], [ -106.492564998706897, 31.733046792945959, 0.0 ], [ -106.492462560136204, 31.7333213769754, 0.0 ], [ -106.494231869080807, 31.733831785534591, 0.0 ], [ -106.494770993131496, 31.733997404346951, 0.0 ] ] } },
{ "type": "Feature", "properties": { "id": null, "Name": "ALD-S-1-23-1", "description": "313 mts", "timestamp": null, "begin": null, "end": null, "altitudeMode": null, "tessellate": 1, "extrude": 0, "visibility": 0, "drawOrder": null, "icon": null, "Folder": "DISTRIBUCION_ORIGINAL" }, "geometry": { "type": "LineString", "coordinates": [ [ -106.493513802675693, 31.730779374554789, 0.0 ], [ -106.490387778558002, 31.729858210038071, 0.0 ] ] } },
{ "type": "Feature", "properties": { "id": null, "Name": "Distribución Planta Baja", "description": "Nombre del brazo: Distribución Planta Baja\nCalibre: 12h\nTopologia \nCapacidad", "timestamp": null, "begin": null, "end": null, "altitudeMode": null, "tessellate": 1, "extrude": 0, "visibility": 0, "drawOrder": null, "icon": null, "Folder": "DISTRIBUCION_ORIGINAL" }, "geometry": { "type": "LineString", "coordinates": [ [ -106.487421437193007, 31.739422779055431, 0.0 ], [ -106.487378960835002, 31.739410531611419, 0.0 ], [ -106.487353940180697, 31.739464716025299, 0.0 ], [ -106.487298748730197, 31.739456019198212, 0.0 ], [ -106.487313693862802, 31.739409121339179, 0.0 ], [ -106.487334048897495, 31.73941207363093, 0.0 ], [ -106.487393821644801, 31.739289160568529, 0.0 ], [ -106.487472668153003, 31.739125500806889, 0.0 ], [ -106.487395401032103, 31.739104547550159, 0.0 ], [ -106.487320510483002, 31.739267725425499, 0.0 ], [ -106.487190879169304, 31.739226729447712, 0.0 ], [ -106.487156394204206, 31.739312004443189, 0.0 ], [ -106.487042196255601, 31.739300042885318, 0.0 ], [ -106.487021752575799, 31.73937127472346, 0.0 ], [ -106.486844876227494, 31.739365249477579, 0.0 ], [ -106.486836427712603, 31.739476949187999, 0.0 ], [ -106.486765810813907, 31.739525065680041, 0.0 ], [ -106.486642900741799, 31.739520503035319, 0.0 ], [ -106.486642772285805, 31.739559510942762, 0.0 ] ] } },
{ "type": "Feature", "properties": { "id": null, "Name": "ALD-S-1-12", "description": "Nombre del brazo: ALD-S-1-12\nCalibre: 12h\nTopologia \nCapacidad", "timestamp": null, "begin": null, "end": null, "altitudeMode": null, "tessellate": 1, "extrude": 0, "visibility": 0, "drawOrder": null, "icon": null, "Folder": "DISTRIBUCION_ORIGINAL" }, "geometry": { "type": "LineString", "coordinates": [ [ -106.491707300504302, 31.741509482145279, 0.0 ], [ -106.488096210336906, 31.7404249310602, 0.0 ], [ -106.488370025282705, 31.73973238027035, 0.0 ], [ -106.487419884692201, 31.739423354537021, 0.0 ] ] } },
{ "type": "Feature", "properties": { "id": null, "Name": "ALD-S-2-11", "description": null, "timestamp": null, "begin": null, "end": null, "altitudeMode": null, "tessellate": 1, "extrude": 0, "visibility": 0, "drawOrder": null, "icon": null, "Folder": "DISTRIBUCION_ORIGINAL" }, "geometry": { "type": "LineString", "coordinates": [ [ -106.522945802265895, 31.743676609918399, 0.0 ], [ -106.523587562772306, 31.743871188450061, 0.0 ], [ -106.523372724153703, 31.744440378980329, 0.0 ], [ -106.522670849952505, 31.744291541127939, 0.0 ] ] } },
{ "type": "Feature", "properties": { "id": null, "Name": "ALD-S-8-1", "description": null, "timestamp": null, "begin": null, "end": null, "altitudeMode": null, "tessellate": 1, "extrude": 0, "visibility": 0, "drawOrder": null, "icon": null, "Folder": "DISTRIBUCION_ORIGINAL" }, "geometry": { "type": "LineString", "coordinates": [ [ -106.510965608677907, 31.744356141783271, 0.0 ], [ -106.511455629913797, 31.744499997817911, 0.0 ], [ -106.512000913994697, 31.744664795041739, 0.0 ], [ -106.5123448488158, 31.74474166799499, 0.0 ], [ -106.512307914872395, 31.744847331570401, 0.0 ], [ -106.512941186207399, 31.745024001004548, 0.0 ], [ -106.513624118580793, 31.745220513451581, 0.0 ], [ -106.513834510560898, 31.74458146689744, 0.0 ], [ -106.514317882668294, 31.743158261811079, 0.0 ], [ -106.514934971144598, 31.74346540541875, 0.0 ], [ -106.515163337985399, 31.74282654369939, 0.0 ], [ -106.515281735885097, 31.742431732515339, 0.0 ] ] } },
{ "type": "Feature", "properties": { "id": null, "Name": "ALD-S-8-2", "description": null, "timestamp": null, "begin": null, "end": null, "altitudeMode": null, "tessellate": 1, "extrude": 0, "visibility": 0, "drawOrder": null, "icon": null, "Folder": "DISTRIBUCION_ORIGINAL" }, "geometry": { "type": "LineString", "coordinates": [ [ -106.511097400787506, 31.743521114293632, 0.0 ], [ -106.511847612471101, 31.74329822902369, 0.0 ], [ -106.512359452347596, 31.743435662550979, 0.0 ], [ -106.515428665633195, 31.744306871604959, 0.0 ], [ -106.515849155413804, 31.743020582169279, 0.0 ], [ -106.516506923146594, 31.742874154561171, 0.0 ], [ -106.517332734127095, 31.742390250226279, 0.0 ], [ -106.517382402837896, 31.74330634575503, 0.0 ] ] } },
{ "type": "Feature", "properties": { "id": null, "Name": "ALD-S-8-3", "description": null, "timestamp": null, "begin": null, "end": null, "altitudeMode": null, "tessellate": 1, "extrude": 0, "visibility": 0, "drawOrder": null, "icon": null, "Folder": "DISTRIBUCION_ORIGINAL" }, "geometry": { "type": "LineString", "coordinates": [ [ -106.510665973285896, 31.74219626135136, 0.0 ], [ -106.512602757788201, 31.741684133533418, 0.0 ], [ -106.512124470468393, 31.740387729141698, 0.0 ], [ -106.513002417325694, 31.740166778519129, 0.0 ], [ -106.512871822627105, 31.739377435780259, 0.0 ], [ -106.511993027833597, 31.73959148783495, 0.0 ], [ -106.511745405972903, 31.73869377374406, 0.0 ], [ -106.511516587155995, 31.737822340825161, 0.0 ], [ -106.510548081301593, 31.738047439929328, 0.0 ], [ -106.510399774254594, 31.737624557065129, 0.0 ], [ -106.510289691682203, 31.73710001957695, 0.0 ], [ -106.5099775635843, 31.736589016207159, 0.0 ], [ -106.509893232858005, 31.736242586116202, 0.0 ], [ -106.509502537862204, 31.736347374850059, 0.0 ] ] } },
{ "type": "Feature", "properties": { "id": null, "Name": "ALD-S-8-5", "description": null, "timestamp": null, "begin": null, "end": null, "altitudeMode": null, "tessellate": 1, "extrude": 0, "visibility": 0, "drawOrder": null, "icon": null, "Folder": "DISTRIBUCION_ORIGINAL" }, "geometry": { "type": "LineString", "coordinates": [ [ -106.510949800889904, 31.744361362746989, 0.0 ], [ -106.510167748966396, 31.744140531677399, 0.0 ], [ -106.510197406772207, 31.744037928774059, 0.0 ], [ -106.509521659860894, 31.743848527321038, 0.0 ], [ -106.509058826022198, 31.743984252586699, 0.0 ], [ -106.508633516976104, 31.74263923462663, 0.0 ], [ -106.505677044950005, 31.743299614251921, 0.0 ], [ -106.505082286066099, 31.741660354718579, 0.0 ] ] } },
{ "type": "Feature", "properties": { "id": null, "Name": "ALD-S-8-6", "description": null, "timestamp": null, "begin": null, "end": null, "altitudeMode": null, "tessellate": 1, "extrude": 0, "visibility": 0, "drawOrder": null, "icon": null, "Folder": "DISTRIBUCION_ORIGINAL" }, "geometry": { "type": "LineString", "coordinates": [ [ -106.509261521074606, 31.737462870363451, 0.0 ], [ -106.509519998142096, 31.738240251007511, 0.0 ], [ -106.506473878867595, 31.738846400094729, 0.0 ], [ -106.506953318619196, 31.74065331724259, 0.0 ], [ -106.505001858292303, 31.741036657650589, 0.0 ], [ -106.504879721397401, 31.74111668307723, 0.0 ] ] } },
{ "type": "Feature", "properties": { "id": null, "Name": "ALD-S-8-7", "description": null, "timestamp": null, "begin": null, "end": null, "altitudeMode": null, "tessellate": 1, "extrude": 0, "visibility": 0, "drawOrder": null, "icon": null, "Folder": "DISTRIBUCION_ORIGINAL" }, "geometry": { "type": "LineString", "coordinates": [ [ -106.504877209280096, 31.741039290695021, 0.0 ], [ -106.504149361730597, 31.73848417964432, 0.0 ], [ -106.505190009048803, 31.738184967471732, 0.0 ], [ -106.5048390913948, 31.737272693033589, 0.0 ], [ -106.5057007092921, 31.737073259077359, 0.0 ], [ -106.505585007027506, 31.73615888989762, 0.0 ] ] } },
{ "type": "Feature", "properties": { "id": null, "Name": "ALD-S-8-8", "description": null, "timestamp": null, "begin": null, "end": null, "altitudeMode": null, "tessellate": 1, "extrude": 0, "visibility": 0, "drawOrder": null, "icon": null, "Folder": "DISTRIBUCION_ORIGINAL" }, "geometry": { "type": "LineString", "coordinates": [ [ -106.503134705105694, 31.740708115436899, 0.0 ], [ -106.5021733461342, 31.7404162491855, 0.0 ], [ -106.500366201333307, 31.739867906087191, 0.0 ], [ -106.499045796728495, 31.73948140165011, 0.0 ], [ -106.498652881613097, 31.740480630198359, 0.0 ] ] } },
{ "type": "Feature", "properties": { "id": null, "Name": "ALD-S-8-9", "description": null, "timestamp": null, "begin": null, "end": null, "altitudeMode": null, "tessellate": 1, "extrude": 0, "visibility": 0, "drawOrder": null, "icon": null, "Folder": "DISTRIBUCION_ORIGINAL" }, "geometry": { "type": "LineString", "coordinates": [ [ -106.502634696688702, 31.74197311038137, 0.0 ], [ -106.500355331917405, 31.741301168310478, 0.0 ], [ -106.499464383967506, 31.74106072515389, 0.0 ], [ -106.499212286762202, 31.741683174088958, 0.0 ], [ -106.496955698500997, 31.74103994670071, 0.0 ], [ -106.496496154357601, 31.742216174229, 0.0 ] ] } },
{ "type": "Feature", "properties": { "id": null, "Name": "ALD-S-8-10", "description": null, "timestamp": null, "begin": null, "end": null, "altitudeMode": null, "tessellate": 1, "extrude": 0, "visibility": 0, "drawOrder": null, "icon": null, "Folder": "DISTRIBUCION_ORIGINAL" }, "geometry": { "type": "LineString", "coordinates": [ [ -106.502370685227703, 31.74263259463331, 0.0 ], [ -106.505095273448006, 31.7434365273824, 0.0 ], [ -106.504809687959707, 31.74407537730405, 0.0 ], [ -106.505995966364196, 31.744416054481519, 0.0 ] ] } },
{ "type": "Feature", "properties": { "id": null, "Name": "ALD-1I-64/16", "description": null, "timestamp": null, "begin": null, "end": null, "altitudeMode": null, "tessellate": -1, "extrude": 0, "visibility": 0, "drawOrder": null, "icon": null, "Folder": "1N" }, "geometry": { "type": "Point", "coordinates": [ -106.499674134745007, 31.726891339815271, 0.0 ] } },
{ "type": "Feature", "properties": { "id": null, "Name": "ALD-1I-64/16-1-1", "description": "<b>AGREGADA 22 ENERO 2026</b>", "timestamp": null, "begin": null, "end": null, "altitudeMode": null, "tessellate": -1, "extrude": 0, "visibility": 0, "drawOrder": null, "icon": null, "Folder": "2N" }, "geometry": { "type": "Point", "coordinates": [ -106.497191284125506, 31.725455081776811, 0.0 ] } },
{ "type": "Feature", "properties": { "id": null, "Name": "ALD-1I-64/16-2-2", "description": "<b>AGREGADA 22 ENERO 2026</b>", "timestamp": null, "begin": null, "end": null, "altitudeMode": null, "tessellate": -1, "extrude": 0, "visibility": 0, "drawOrder": null, "icon": null, "Folder": "2N" }, "geometry": { "type": "Point", "coordinates": [ -106.495538453983201, 31.72568523211082, 0.0 ] } },
{ "type": "Feature", "properties": { "id": null, "Name": "ALD-S-3-16", "description": null, "timestamp": null, "begin": null, "end": null, "altitudeMode": null, "tessellate": 1, "extrude": 0, "visibility": 0, "drawOrder": null, "icon": null, "Folder": "DISTRIBUCION" }, "geometry": { "type": "LineString", "coordinates": [ [ -106.499675637974903, 31.726887865819101, 0.0 ], [ -106.498754815533601, 31.7266373032075, 0.0 ], [ -106.496965329901101, 31.726019859215022, 0.0 ], [ -106.497180931718006, 31.72546913732582, 0.0 ], [ -106.4962948186094, 31.725232105111939, 0.0 ], [ -106.496075359937095, 31.72584643016263, 0.0 ], [ -106.495538532968098, 31.725690087588259, 0.0 ] ] } },
{ "type": "Feature", "properties": { "id": null, "Name": "ALD-1I-21/22", "description": null, "timestamp": null, "begin": null, "end": null, "altitudeMode": null, "tessellate": -1, "extrude": 0, "visibility": 0, "drawOrder": null, "icon": null, "Folder": "1N (#2)" }, "geometry": { "type": "Point", "coordinates": [ -106.490947419531295, 31.743342171590609, 0.0 ] } },
{ "type": "Feature", "properties": { "id": null, "Name": "ALD-1I-21/22-1-1", "description": null, "timestamp": null, "begin": null, "end": null, "altitudeMode": null, "tessellate": -1, "extrude": 0, "visibility": 0, "drawOrder": null, "icon": null, "Folder": "2N (#2)" }, "geometry": { "type": "Point", "coordinates": [ -106.487631474012005, 31.745235496795001, 0.0 ] } },
{ "type": "Feature", "properties": { "id": null, "Name": "ALD-S1-22", "description": null, "timestamp": null, "begin": null, "end": null, "altitudeMode": null, "tessellate": 1, "extrude": 0, "visibility": 0, "drawOrder": null, "icon": null, "Folder": "DISTRIBUCION (#2)" }, "geometry": { "type": "LineString", "coordinates": [ [ -106.4909276619927, 31.74340705028516, 0.0 ], [ -106.490012256068894, 31.743133530367398, 0.0 ], [ -106.488131529065598, 31.742529111573781, 0.0 ], [ -106.487095727863704, 31.74509593922226, 0.0 ], [ -106.487617402829898, 31.745241461915409, 0.0 ] ] } },
{ "type": "Feature", "properties": { "id": null, "Name": "ALD-1D-1/1-1-1", "description": null, "timestamp": null, "begin": null, "end": null, "altitudeMode": null, "tessellate": -1, "extrude": 0, "visibility": 0, "drawOrder": null, "icon": null, "Folder": "ALD-1D-1/1 / ALD FSP 0-7-7" }, "geometry": { "type": "Point", "coordinates": [ -106.526638, 31.743289, 0.0 ] } },
{ "type": "Feature", "properties": { "id": null, "Name": "ALD-1D-1/1-2-2", "description": null, "timestamp": null, "begin": null, "end": null, "altitudeMode": null, "tessellate": -1, "extrude": 0, "visibility": 0, "drawOrder": null, "icon": null, "Folder": "ALD-1D-1/1 / ALD FSP 0-7-7" }, "geometry": { "type": "Point", "coordinates": [ -106.526409, 31.743991, 0.0 ] } },
{ "type": "Feature", "properties": { "id": null, "Name": "ALD-1D-1/1-3-3", "description": null, "timestamp": null, "begin": null, "end": null, "altitudeMode": null, "tessellate": -1, "extrude": 0, "visibility": 0, "drawOrder": null, "icon": null, "Folder": "ALD-1D-1/1 / ALD FSP 0-7-7" }, "geometry": { "type": "Point", "coordinates": [ -106.525951266610207, 31.74515172952918, 0.0 ] } },
{ "type": "Feature", "properties": { "id": null, "Name": "ALD-1D-1/1-4-4", "description": null, "timestamp": null, "begin": null, "end": null, "altitudeMode": null, "tessellate": -1, "extrude": 0, "visibility": 0, "drawOrder": null, "icon": null, "Folder": "ALD-1D-1/1 / ALD FSP 0-7-7" }, "geometry": { "type": "Point", "coordinates": [ -106.525974, 31.746598, 0.0 ] } },
{ "type": "Feature", "properties": { "id": null, "Name": "ALD-1D-1/1-5-5", "description": null, "timestamp": null, "begin": null, "end": null, "altitudeMode": null, "tessellate": -1, "extrude": 0, "visibility": 0, "drawOrder": null, "icon": null, "Folder": "ALD-1D-1/1 / ALD FSP 0-7-7" }, "geometry": { "type": "Point", "coordinates": [ -106.527192, 31.745558, 0.0 ] } },
{ "type": "Feature", "properties": { "id": null, "Name": "ALD-1D-1/1-6-6", "description": null, "timestamp": null, "begin": null, "end": null, "altitudeMode": null, "tessellate": -1, "extrude": 0, "visibility": 0, "drawOrder": null, "icon": null, "Folder": "ALD-1D-1/1 / ALD FSP 0-7-7" }, "geometry": { "type": "Point", "coordinates": [ -106.527834, 31.744011751211971, 0.0 ] } },
{ "type": "Feature", "properties": { "id": null, "Name": "ALD-1D-1/1-7-7", "description": null, "timestamp": null, "begin": null, "end": null, "altitudeMode": null, "tessellate": -1, "extrude": 0, "visibility": 0, "drawOrder": null, "icon": null, "Folder": "ALD-1D-1/1 / ALD FSP 0-7-7" }, "geometry": { "type": "Point", "coordinates": [ -106.529227, 31.743253, 0.0 ] } },
{ "type": "Feature", "properties": { "id": null, "Name": "ALD-1D-1/1-8-1", "description": null, "timestamp": null, "begin": null, "end": null, "altitudeMode": null, "tessellate": -1, "extrude": 0, "visibility": 0, "drawOrder": null, "icon": null, "Folder": "ALD-1D-1/1 / ALD FSP 0-7-7" }, "geometry": { "type": "Point", "coordinates": [ -106.528577, 31.740337, 0.0 ] } },
{ "type": "Feature", "properties": { "id": null, "Name": "ALD-1D-2/2-1-1", "description": null, "timestamp": null, "begin": null, "end": null, "altitudeMode": null, "tessellate": -1, "extrude": 0, "visibility": 0, "drawOrder": null, "icon": null, "Folder": "ALD-1D-2/2 / ALD FSP 0-7-8" }, "geometry": { "type": "Point", "coordinates": [ -106.529113, 31.742628, 0.0 ] } },
{ "type": "Feature", "properties": { "id": null, "Name": "ALD-1D-2/2-2-2", "description": null, "timestamp": null, "begin": null, "end": null, "altitudeMode": null, "tessellate": -1, "extrude": 0, "visibility": 0, "drawOrder": null, "icon": null, "Folder": "ALD-1D-2/2 / ALD FSP 0-7-8" }, "geometry": { "type": "Point", "coordinates": [ -106.529432, 31.741878, 0.0 ] } },
{ "type": "Feature", "properties": { "id": null, "Name": "ALD-1D-2/2-3-3", "description": null, "timestamp": null, "begin": null, "end": null, "altitudeMode": null, "tessellate": -1, "extrude": 0, "visibility": 0, "drawOrder": null, "icon": null, "Folder": "ALD-1D-2/2 / ALD FSP 0-7-8" }, "geometry": { "type": "Point", "coordinates": [ -106.529911, 31.740664, 0.0 ] } },
{ "type": "Feature", "properties": { "id": null, "Name": "ALD-1D-2/2-4-4", "description": null, "timestamp": null, "begin": null, "end": null, "altitudeMode": null, "tessellate": -1, "extrude": 0, "visibility": 0, "drawOrder": null, "icon": null, "Folder": "ALD-1D-2/2 / ALD FSP 0-7-8" }, "geometry": { "type": "Point", "coordinates": [ -106.530404, 31.739395, 0.0 ] } },
{ "type": "Feature", "properties": { "id": null, "Name": "ALD-1D-2/2-5-5", "description": null, "timestamp": null, "begin": null, "end": null, "altitudeMode": null, "tessellate": -1, "extrude": 0, "visibility": 0, "drawOrder": null, "icon": null, "Folder": "ALD-1D-2/2 / ALD FSP 0-7-8" }, "geometry": { "type": "Point", "coordinates": [ -106.531373, 31.739664, 0.0 ] } },
{ "type": "Feature", "properties": { "id": null, "Name": "ALD-1D-2/2-6-6", "description": null, "timestamp": null, "begin": null, "end": null, "altitudeMode": null, "tessellate": -1, "extrude": 0, "visibility": 0, "drawOrder": null, "icon": null, "Folder": "ALD-1D-2/2 / ALD FSP 0-7-8" }, "geometry": { "type": "Point", "coordinates": [ -106.532976, 31.740119, 0.0 ] } },
{ "type": "Feature", "properties": { "id": null, "Name": "ALD-1D-2/2-7-7", "description": null, "timestamp": null, "begin": null, "end": null, "altitudeMode": null, "tessellate": -1, "extrude": 0, "visibility": 0, "drawOrder": null, "icon": null, "Folder": "ALD-1D-2/2 / ALD FSP 0-7-8" }, "geometry": { "type": "Point", "coordinates": [ -106.53423, 31.740457, 0.0 ] } },
{ "type": "Feature", "properties": { "id": null, "Name": "ALD-1D-2/2-8-8", "description": null, "timestamp": null, "begin": null, "end": null, "altitudeMode": null, "tessellate": -1, "extrude": 0, "visibility": 0, "drawOrder": null, "icon": null, "Folder": "ALD-1D-2/2 / ALD FSP 0-7-8" }, "geometry": { "type": "Point", "coordinates": [ -106.534229, 31.738824, 0.0 ] } },
{ "type": "Feature", "properties": { "id": null, "Name": "ALD-1D-3/3-1-1", "description": null, "timestamp": null, "begin": null, "end": null, "altitudeMode": null, "tessellate": -1, "extrude": 0, "visibility": 0, "drawOrder": null, "icon": null, "Folder": "ALD-1D-3/3 / ALD FSP 0-7-9" }, "geometry": { "type": "Point", "coordinates": [ -106.53006, 31.742083, 0.0 ] } },
{ "type": "Feature", "properties": { "id": null, "Name": "ALD-1D-3/3-2-2", "description": null, "timestamp": null, "begin": null, "end": null, "altitudeMode": null, "tessellate": -1, "extrude": 0, "visibility": 0, "drawOrder": null, "icon": null, "Folder": "ALD-1D-3/3 / ALD FSP 0-7-9" }, "geometry": { "type": "Point", "coordinates": [ -106.53087, 31.741917, 0.0 ] } },
{ "type": "Feature", "properties": { "id": null, "Name": "ALD-1D-3/3-3-3", "description": null, "timestamp": null, "begin": null, "end": null, "altitudeMode": null, "tessellate": -1, "extrude": 0, "visibility": 0, "drawOrder": null, "icon": null, "Folder": "ALD-1D-3/3 / ALD FSP 0-7-9" }, "geometry": { "type": "Point", "coordinates": [ -106.53172, 31.741199, 0.0 ] } },
{ "type": "Feature", "properties": { "id": null, "Name": "ALD-1D-3/3-4-4", "description": null, "timestamp": null, "begin": null, "end": null, "altitudeMode": null, "tessellate": -1, "extrude": 0, "visibility": 0, "drawOrder": null, "icon": null, "Folder": "ALD-1D-3/3 / ALD FSP 0-7-9" }, "geometry": { "type": "Point", "coordinates": [ -106.53326, 31.741522, 0.0 ] } },
{ "type": "Feature", "properties": { "id": null, "Name": "ALD-1D-3/3-5-5", "description": null, "timestamp": null, "begin": null, "end": null, "altitudeMode": null, "tessellate": -1, "extrude": 0, "visibility": 0, "drawOrder": null, "icon": null, "Folder": "ALD-1D-3/3 / ALD FSP 0-7-9" }, "geometry": { "type": "Point", "coordinates": [ -106.533332, 31.742591, 0.0 ] } },
{ "type": "Feature", "properties": { "id": null, "Name": "ALD-1D-3/3-6-6/1-1", "description": null, "timestamp": null, "begin": null, "end": null, "altitudeMode": null, "tessellate": -1, "extrude": 0, "visibility": 0, "drawOrder": null, "icon": null, "Folder": "ALD-1D-3/3 / ALD FSP 0-7-9" }, "geometry": { "type": "Point", "coordinates": [ -106.531051, 31.742907, 0.0 ] } },
{ "type": "Feature", "properties": { "id": null, "Name": "ALD-1D-3/3-7-7/2", "description": null, "timestamp": null, "begin": null, "end": null, "altitudeMode": null, "tessellate": -1, "extrude": 0, "visibility": 0, "drawOrder": null, "icon": null, "Folder": "ALD-1D-3/3 / ALD FSP 0-7-9" }, "geometry": { "type": "Point", "coordinates": [ -106.530942, 31.743771, 0.0 ] } },
{ "type": "Feature", "properties": { "id": null, "Name": "ALD-1D-3/3-8-8/3", "description": null, "timestamp": null, "begin": null, "end": null, "altitudeMode": null, "tessellate": -1, "extrude": 0, "visibility": 0, "drawOrder": null, "icon": null, "Folder": "ALD-1D-3/3 / ALD FSP 0-7-9" }, "geometry": { "type": "Point", "coordinates": [ -106.531991, 31.744094, 0.0 ] } },
{ "type": "Feature", "properties": { "id": null, "Name": "ALD-1D-4/4-1-1", "description": null, "timestamp": null, "begin": null, "end": null, "altitudeMode": null, "tessellate": -1, "extrude": 0, "visibility": 0, "drawOrder": null, "icon": null, "Folder": "ALD-1D-4/4 / ALD FSP 0-7-10" }, "geometry": { "type": "Point", "coordinates": [ -106.527268408094798, 31.746975717887569, 0.0 ] } },
{ "type": "Feature", "properties": { "id": null, "Name": "ALD-1D-4/4-2-2", "description": null, "timestamp": null, "begin": null, "end": null, "altitudeMode": null, "tessellate": -1, "extrude": 0, "visibility": 0, "drawOrder": null, "icon": null, "Folder": "ALD-1D-4/4 / ALD FSP 0-7-10" }, "geometry": { "type": "Point", "coordinates": [ -106.528252, 31.746645, 0.0 ] } },
{ "type": "Feature", "properties": { "id": null, "Name": "ALD-1D-4/4-3-3", "description": null, "timestamp": null, "begin": null, "end": null, "altitudeMode": null, "tessellate": -1, "extrude": 0, "visibility": 0, "drawOrder": null, "icon": null, "Folder": "ALD-1D-4/4 / ALD FSP 0-7-10" }, "geometry": { "type": "Point", "coordinates": [ -106.528837, 31.745129, 0.0 ] } },
{ "type": "Feature", "properties": { "id": null, "Name": "ALD-1D-4/4-4-4", "description": null, "timestamp": null, "begin": null, "end": null, "altitudeMode": null, "tessellate": -1, "extrude": 0, "visibility": 0, "drawOrder": null, "icon": null, "Folder": "ALD-1D-4/4 / ALD FSP 0-7-10" }, "geometry": { "type": "Point", "coordinates": [ -106.529265, 31.7441, 0.0 ] } },
{ "type": "Feature", "properties": { "id": null, "Name": "ALD-1D-4/4-5-5", "description": null, "timestamp": null, "begin": null, "end": null, "altitudeMode": null, "tessellate": -1, "extrude": 0, "visibility": 0, "drawOrder": null, "icon": null, "Folder": "ALD-1D-4/4 / ALD FSP 0-7-10" }, "geometry": { "type": "Point", "coordinates": [ -106.530426, 31.744443, 0.0 ] } },
{ "type": "Feature", "properties": { "id": null, "Name": "ALD-1D-4/4-6-6/1", "description": null, "timestamp": null, "begin": null, "end": null, "altitudeMode": null, "tessellate": -1, "extrude": 0, "visibility": 0, "drawOrder": null, "icon": null, "Folder": "ALD-1D-4/4 / ALD FSP 0-7-10" }, "geometry": { "type": "Point", "coordinates": [ -106.529338, 31.747567, 0.0 ] } },
{ "type": "Feature", "properties": { "id": null, "Name": "ALD-1D-4/4-7-7/2", "description": null, "timestamp": null, "begin": null, "end": null, "altitudeMode": null, "tessellate": -1, "extrude": 0, "visibility": 0, "drawOrder": null, "icon": null, "Folder": "ALD-1D-4/4 / ALD FSP 0-7-10" }, "geometry": { "type": "Point", "coordinates": [ -106.530623, 31.747989, 0.0 ] } },
{ "type": "Feature", "properties": { "id": null, "Name": "ALD-1D-4/4-8-8/1", "description": null, "timestamp": null, "begin": null, "end": null, "altitudeMode": null, "tessellate": -1, "extrude": 0, "visibility": 0, "drawOrder": null, "icon": null, "Folder": "ALD-1D-4/4 / ALD FSP 0-7-10" }, "geometry": { "type": "Point", "coordinates": [ -106.529179, 31.746088, 0.0 ] } },
{ "type": "Feature", "properties": { "id": null, "Name": "ALD-1D-5/5-1-1", "description": null, "timestamp": null, "begin": null, "end": null, "altitudeMode": null, "tessellate": -1, "extrude": 0, "visibility": 0, "drawOrder": null, "icon": null, "Folder": "ALD-1D-5/5 / ALD FSP 0-7-11" }, "geometry": { "type": "Point", "coordinates": [ -106.524088, 31.749742, 0.0 ] } },
{ "type": "Feature", "properties": { "id": null, "Name": "ALD-1D-5/5-2-2", "description": null, "timestamp": null, "begin": null, "end": null, "altitudeMode": null, "tessellate": -1, "extrude": 0, "visibility": 0, "drawOrder": null, "icon": null, "Folder": "ALD-1D-5/5 / ALD FSP 0-7-11" }, "geometry": { "type": "Point", "coordinates": [ -106.524479, 31.748736, 0.0 ] } },
{ "type": "Feature", "properties": { "id": null, "Name": "ALD-1D-5/5-3-3", "description": null, "timestamp": null, "begin": null, "end": null, "altitudeMode": null, "tessellate": -1, "extrude": 0, "visibility": 0, "drawOrder": null, "icon": null, "Folder": "ALD-1D-5/5 / ALD FSP 0-7-11" }, "geometry": { "type": "Point", "coordinates": [ -106.525129, 31.747183, 0.0 ] } },
{ "type": "Feature", "properties": { "id": null, "Name": "ALD-1D-5/5-4-4", "description": null, "timestamp": null, "begin": null, "end": null, "altitudeMode": null, "tessellate": -1, "extrude": 0, "visibility": 0, "drawOrder": null, "icon": null, "Folder": "ALD-1D-5/5 / ALD FSP 0-7-11" }, "geometry": { "type": "Point", "coordinates": [ -106.52644, 31.747562, 0.0 ] } },
{ "type": "Feature", "properties": { "id": null, "Name": "ALD-1D-5/5-5-5", "description": null, "timestamp": null, "begin": null, "end": null, "altitudeMode": null, "tessellate": -1, "extrude": 0, "visibility": 0, "drawOrder": null, "icon": null, "Folder": "ALD-1D-5/5 / ALD FSP 0-7-11" }, "geometry": { "type": "Point", "coordinates": [ -106.525921, 31.748848, 0.0 ] } },
{ "type": "Feature", "properties": { "id": null, "Name": "ALD-1D-5/5-6-6", "description": null, "timestamp": null, "begin": null, "end": null, "altitudeMode": null, "tessellate": -1, "extrude": 0, "visibility": 0, "drawOrder": null, "icon": null, "Folder": "ALD-1D-5/5 / ALD FSP 0-7-11" }, "geometry": { "type": "Point", "coordinates": [ -106.526603, 31.748642, 0.0 ] } },
{ "type": "Feature", "properties": { "id": null, "Name": "ALD-1D-5/5-7-7", "description": null, "timestamp": null, "begin": null, "end": null, "altitudeMode": null, "tessellate": -1, "extrude": 0, "visibility": 0, "drawOrder": null, "icon": null, "Folder": "ALD-1D-5/5 / ALD FSP 0-7-11" }, "geometry": { "type": "Point", "coordinates": [ -106.528233, 31.748233, 0.0 ] } },
{ "type": "Feature", "properties": { "id": null, "Name": "ALD-1D-5/5-8-8", "description": null, "timestamp": null, "begin": null, "end": null, "altitudeMode": null, "tessellate": -1, "extrude": 0, "visibility": 0, "drawOrder": null, "icon": null, "Folder": "ALD-1D-5/5 / ALD FSP 0-7-11" }, "geometry": { "type": "Point", "coordinates": [ -106.529579, 31.748368, 0.0 ] } },
{ "type": "Feature", "properties": { "id": null, "Name": "ALD-1D-6/6-1-1", "description": null, "timestamp": null, "begin": null, "end": null, "altitudeMode": null, "tessellate": -1, "extrude": 0, "visibility": 0, "drawOrder": null, "icon": null, "Folder": "ALD-1D-6/6 / ALD FSP 0-7-12" }, "geometry": { "type": "Point", "coordinates": [ -106.529069, 31.749506, 0.0 ] } },
{ "type": "Feature", "properties": { "id": null, "Name": "ALD-1D-6/6-2-2", "description": null, "timestamp": null, "begin": null, "end": null, "altitudeMode": null, "tessellate": -1, "extrude": 0, "visibility": 0, "drawOrder": null, "icon": null, "Folder": "ALD-1D-6/6 / ALD FSP 0-7-12" }, "geometry": { "type": "Point", "coordinates": [ -106.530228, 31.750015, 0.0 ] } },
{ "type": "Feature", "properties": { "id": null, "Name": "ALD-1D-6/6-3-3", "description": null, "timestamp": null, "begin": null, "end": null, "altitudeMode": null, "tessellate": -1, "extrude": 0, "visibility": 0, "drawOrder": null, "icon": null, "Folder": "ALD-1D-6/6 / ALD FSP 0-7-12" }, "geometry": { "type": "Point", "coordinates": [ -106.530835, 31.748701, 0.0 ] } },
{ "type": "Feature", "properties": { "id": null, "Name": "ALD-1D-6/6-4-4", "description": null, "timestamp": null, "begin": null, "end": null, "altitudeMode": null, "tessellate": -1, "extrude": 0, "visibility": 0, "drawOrder": null, "icon": null, "Folder": "ALD-1D-6/6 / ALD FSP 0-7-12" }, "geometry": { "type": "Point", "coordinates": [ -106.531708218368806, 31.748337962228941, 0.0 ] } },
{ "type": "Feature", "properties": { "id": null, "Name": "ALD-1D-6/6-5-5", "description": null, "timestamp": null, "begin": null, "end": null, "altitudeMode": null, "tessellate": -1, "extrude": 0, "visibility": 0, "drawOrder": null, "icon": null, "Folder": "ALD-1D-6/6 / ALD FSP 0-7-12" }, "geometry": { "type": "Point", "coordinates": [ -106.533339, 31.748879, 0.0 ] } },
{ "type": "Feature", "properties": { "id": null, "Name": "ALD-1D-6/6-6-6", "description": null, "timestamp": null, "begin": null, "end": null, "altitudeMode": null, "tessellate": -1, "extrude": 0, "visibility": 0, "drawOrder": null, "icon": null, "Folder": "ALD-1D-6/6 / ALD FSP 0-7-12" }, "geometry": { "type": "Point", "coordinates": [ -106.534375, 31.749216, 0.0 ] } },
{ "type": "Feature", "properties": { "id": null, "Name": "ALD-1D-6/6-7-7", "description": "<b>REFORZADA 18 NOVIEMBRE 2025</b>", "timestamp": null, "begin": null, "end": null, "altitudeMode": null, "tessellate": -1, "extrude": 0, "visibility": 0, "drawOrder": null, "icon": null, "Folder": "ALD-1D-6/6 / ALD FSP 0-7-12" }, "geometry": { "type": "Point", "coordinates": [ -106.533371709020201, 31.74982559015471, 0.0 ] } },
{ "type": "Feature", "properties": { "id": null, "Name": "ALD-1D-6/6-8-8", "description": null, "timestamp": null, "begin": null, "end": null, "altitudeMode": null, "tessellate": -1, "extrude": 0, "visibility": 0, "drawOrder": null, "icon": null, "Folder": "ALD-1D-6/6 / ALD FSP 0-7-12" }, "geometry": { "type": "Point", "coordinates": [ -106.534259, 31.749174, 0.0 ] } },
{ "type": "Feature", "properties": { "id": null, "Name": "ALD-1D-7/7-1-1", "description": null, "timestamp": null, "begin": null, "end": null, "altitudeMode": null, "tessellate": -1, "extrude": 0, "visibility": 0, "drawOrder": null, "icon": null, "Folder": "ALD-1D-7/7 / ALD FSP 0-7-13" }, "geometry": { "type": "Point", "coordinates": [ -106.525751, 31.752395, 0.0 ] } },
{ "type": "Feature", "properties": { "id": null, "Name": "ALD-1D-7/7-2-2", "description": null, "timestamp": null, "begin": null, "end": null, "altitudeMode": null, "tessellate": -1, "extrude": 0, "visibility": 0, "drawOrder": null, "icon": null, "Folder": "ALD-1D-7/7 / ALD FSP 0-7-13" }, "geometry": { "type": "Point", "coordinates": [ -106.526679693699293, 31.75268356832693, 0.0 ] } },
{ "type": "Feature", "properties": { "id": null, "Name": "ALD-1D-7/7-3-3", "description": null, "timestamp": null, "begin": null, "end": null, "altitudeMode": null, "tessellate": -1, "extrude": 0, "visibility": 0, "drawOrder": null, "icon": null, "Folder": "ALD-1D-7/7 / ALD FSP 0-7-13" }, "geometry": { "type": "Point", "coordinates": [ -106.528003, 31.752721, 0.0 ] } },
{ "type": "Feature", "properties": { "id": null, "Name": "ALD-1D-7/7-4-4", "description": null, "timestamp": null, "begin": null, "end": null, "altitudeMode": null, "tessellate": -1, "extrude": 0, "visibility": 0, "drawOrder": null, "icon": null, "Folder": "ALD-1D-7/7 / ALD FSP 0-7-13" }, "geometry": { "type": "Point", "coordinates": [ -106.528276, 31.752123, 0.0 ] } },
{ "type": "Feature", "properties": { "id": null, "Name": "ALD-1D-7/7-5-5", "description": null, "timestamp": null, "begin": null, "end": null, "altitudeMode": null, "tessellate": -1, "extrude": 0, "visibility": 0, "drawOrder": null, "icon": null, "Folder": "ALD-1D-7/7 / ALD FSP 0-7-13" }, "geometry": { "type": "Point", "coordinates": [ -106.528024, 31.751239, 0.0 ] } },
{ "type": "Feature", "properties": { "id": null, "Name": "ALD-1D-7/7-6-6", "description": null, "timestamp": null, "begin": null, "end": null, "altitudeMode": null, "tessellate": -1, "extrude": 0, "visibility": 0, "drawOrder": null, "icon": null, "Folder": "ALD-1D-7/7 / ALD FSP 0-7-13" }, "geometry": { "type": "Point", "coordinates": [ -106.529265, 31.751463, 0.0 ] } },
{ "type": "Feature", "properties": { "id": null, "Name": "ALD-1D-7/7-7-7", "description": null, "timestamp": null, "begin": null, "end": null, "altitudeMode": null, "tessellate": -1, "extrude": 0, "visibility": 0, "drawOrder": null, "icon": null, "Folder": "ALD-1D-7/7 / ALD FSP 0-7-13" }, "geometry": { "type": "Point", "coordinates": [ -106.52556, 31.751896, 0.0 ] } },
{ "type": "Feature", "properties": { "id": null, "Name": "ALD-1D-7/7-8-8", "description": null, "timestamp": null, "begin": null, "end": null, "altitudeMode": null, "tessellate": -1, "extrude": 0, "visibility": 0, "drawOrder": null, "icon": null, "Folder": "ALD-1D-7/7 / ALD FSP 0-7-13" }, "geometry": { "type": "Point", "coordinates": [ -106.525791, 31.751337, 0.0 ] } },
{ "type": "Feature", "properties": { "id": null, "Name": "ALD-1D-8/8-1-1", "description": "<b>CAJA COMPARTIDA</b>", "timestamp": null, "begin": null, "end": null, "altitudeMode": null, "tessellate": -1, "extrude": 0, "visibility": 0, "drawOrder": null, "icon": null, "Folder": "ALD-1D-8/8 / ALD FSP 0-7-14" }, "geometry": { "type": "Point", "coordinates": [ -106.528871, 31.753363, 0.0 ] } },
{ "type": "Feature", "properties": { "id": null, "Name": "ALD-1D-8/8-2-2", "description": null, "timestamp": null, "begin": null, "end": null, "altitudeMode": null, "tessellate": -1, "extrude": 0, "visibility": 0, "drawOrder": null, "icon": null, "Folder": "ALD-1D-8/8 / ALD FSP 0-7-14" }, "geometry": { "type": "Point", "coordinates": [ -106.530286, 31.753804, 0.0 ] } },
{ "type": "Feature", "properties": { "id": null, "Name": "ALD-1D-8/8-3-3", "description": null, "timestamp": null, "begin": null, "end": null, "altitudeMode": null, "tessellate": -1, "extrude": 0, "visibility": 0, "drawOrder": null, "icon": null, "Folder": "ALD-1D-8/8 / ALD FSP 0-7-14" }, "geometry": { "type": "Point", "coordinates": [ -106.53151, 31.753601, 0.0 ] } },
{ "type": "Feature", "properties": { "id": null, "Name": "ALD-1D-8/8-4-4", "description": null, "timestamp": null, "begin": null, "end": null, "altitudeMode": null, "tessellate": -1, "extrude": 0, "visibility": 0, "drawOrder": null, "icon": null, "Folder": "ALD-1D-8/8 / ALD FSP 0-7-14" }, "geometry": { "type": "Point", "coordinates": [ -106.530986, 31.752578, 0.0 ] } },
{ "type": "Feature", "properties": { "id": null, "Name": "ALD-1D-8/8-5-5", "description": null, "timestamp": null, "begin": null, "end": null, "altitudeMode": null, "tessellate": -1, "extrude": 0, "visibility": 0, "drawOrder": null, "icon": null, "Folder": "ALD-1D-8/8 / ALD FSP 0-7-14" }, "geometry": { "type": "Point", "coordinates": [ -106.528194, 31.75395, 0.0 ] } },
{ "type": "Feature", "properties": { "id": null, "Name": "ALD-1D-8/8-6-6", "description": null, "timestamp": null, "begin": null, "end": null, "altitudeMode": null, "tessellate": -1, "extrude": 0, "visibility": 0, "drawOrder": null, "icon": null, "Folder": "ALD-1D-8/8 / ALD FSP 0-7-14" }, "geometry": { "type": "Point", "coordinates": [ -106.528532, 31.755051, 0.0 ] } },
{ "type": "Feature", "properties": { "id": null, "Name": "ALD-1D-8/8-7-7", "description": null, "timestamp": null, "begin": null, "end": null, "altitudeMode": null, "tessellate": -1, "extrude": 0, "visibility": 0, "drawOrder": null, "icon": null, "Folder": "ALD-1D-8/8 / ALD FSP 0-7-14" }, "geometry": { "type": "Point", "coordinates": [ -106.527274, 31.755871, 0.0 ] } },
{ "type": "Feature", "properties": { "id": null, "Name": "ALD-1D-8/8-8-8", "description": null, "timestamp": null, "begin": null, "end": null, "altitudeMode": null, "tessellate": -1, "extrude": 0, "visibility": 0, "drawOrder": null, "icon": null, "Folder": "ALD-1D-8/8 / ALD FSP 0-7-14" }, "geometry": { "type": "Point", "coordinates": [ -106.528893, 31.756096, 0.0 ] } },
{ "type": "Feature", "properties": { "id": null, "Name": "ALD-1D-9/9-1-1", "description": null, "timestamp": null, "begin": null, "end": null, "altitudeMode": null, "tessellate": -1, "extrude": 0, "visibility": 0, "drawOrder": null, "icon": null, "Folder": "ALD-1D-9/9 / ALD FSP 0-7-15" }, "geometry": { "type": "Point", "coordinates": [ -106.523054, 31.757591, 0.0 ] } },
{ "type": "Feature", "properties": { "id": null, "Name": "ALD-1D-9/9-2-2", "description": null, "timestamp": null, "begin": null, "end": null, "altitudeMode": null, "tessellate": -1, "extrude": 0, "visibility": 0, "drawOrder": null, "icon": null, "Folder": "ALD-1D-9/9 / ALD FSP 0-7-15" }, "geometry": { "type": "Point", "coordinates": [ -106.52348, 31.756972, 0.0 ] } },
{ "type": "Feature", "properties": { "id": null, "Name": "ALD-1D-9/9-3-3", "description": null, "timestamp": null, "begin": null, "end": null, "altitudeMode": null, "tessellate": -1, "extrude": 0, "visibility": 0, "drawOrder": null, "icon": null, "Folder": "ALD-1D-9/9 / ALD FSP 0-7-15" }, "geometry": { "type": "Point", "coordinates": [ -106.524493, 31.756841, 0.0 ] } },
{ "type": "Feature", "properties": { "id": null, "Name": "ALD-1D-9/9-4-4", "description": null, "timestamp": null, "begin": null, "end": null, "altitudeMode": null, "tessellate": -1, "extrude": 0, "visibility": 0, "drawOrder": null, "icon": null, "Folder": "ALD-1D-9/9 / ALD FSP 0-7-15" }, "geometry": { "type": "Point", "coordinates": [ -106.525247, 31.75603670143337, 0.0 ] } },
{ "type": "Feature", "properties": { "id": null, "Name": "ALD-1D-9/9-5-5", "description": null, "timestamp": null, "begin": null, "end": null, "altitudeMode": null, "tessellate": -1, "extrude": 0, "visibility": 0, "drawOrder": null, "icon": null, "Folder": "ALD-1D-9/9 / ALD FSP 0-7-15" }, "geometry": { "type": "Point", "coordinates": [ -106.525444, 31.755282, 0.0 ] } },
{ "type": "Feature", "properties": { "id": null, "Name": "ALD-1D-9/9-6-6", "description": null, "timestamp": null, "begin": null, "end": null, "altitudeMode": null, "tessellate": -1, "extrude": 0, "visibility": 0, "drawOrder": null, "icon": null, "Folder": "ALD-1D-9/9 / ALD FSP 0-7-15" }, "geometry": { "type": "Point", "coordinates": [ -106.524332, 31.755363, 0.0 ] } },
{ "type": "Feature", "properties": { "id": null, "Name": "ALD-1D-9/9-7-7", "description": null, "timestamp": null, "begin": null, "end": null, "altitudeMode": null, "tessellate": -1, "extrude": 0, "visibility": 0, "drawOrder": null, "icon": null, "Folder": "ALD-1D-9/9 / ALD FSP 0-7-15" }, "geometry": { "type": "Point", "coordinates": [ -106.526508, 31.75481, 0.0 ] } },
{ "type": "Feature", "properties": { "id": null, "Name": "ALD-1D-9/9-8-8", "description": null, "timestamp": null, "begin": null, "end": null, "altitudeMode": null, "tessellate": -1, "extrude": 0, "visibility": 0, "drawOrder": null, "icon": null, "Folder": "ALD-1D-9/9 / ALD FSP 0-7-15" }, "geometry": { "type": "Point", "coordinates": [ -106.527282, 31.754414, 0.0 ] } },
{ "type": "Feature", "properties": { "id": null, "Name": "ALD-1D-10/10-1-1", "description": null, "timestamp": null, "begin": null, "end": null, "altitudeMode": null, "tessellate": -1, "extrude": 0, "visibility": 0, "drawOrder": null, "icon": null, "Folder": "ALD-1D-10/10 / ALD FSP 0-8-0" }, "geometry": { "type": "Point", "coordinates": [ -106.521067, 31.759030555555562, 0.0 ] } },
{ "type": "Feature", "properties": { "id": null, "Name": "ALD-1D-10/10-2-2", "description": null, "timestamp": null, "begin": null, "end": null, "altitudeMode": null, "tessellate": -1, "extrude": 0, "visibility": 0, "drawOrder": null, "icon": null, "Folder": "ALD-1D-10/10 / ALD FSP 0-8-0" }, "geometry": { "type": "Point", "coordinates": [ -106.522563, 31.758772, 0.0 ] } },
{ "type": "Feature", "properties": { "id": null, "Name": "ALD-1D-10/10-3-3", "description": null, "timestamp": null, "begin": null, "end": null, "altitudeMode": null, "tessellate": -1, "extrude": 0, "visibility": 0, "drawOrder": null, "icon": null, "Folder": "ALD-1D-10/10 / ALD FSP 0-8-0" }, "geometry": { "type": "Point", "coordinates": [ -106.523913, 31.758662, 0.0 ] } },
{ "type": "Feature", "properties": { "id": null, "Name": "ALD-1D-10/10-4-4", "description": null, "timestamp": null, "begin": null, "end": null, "altitudeMode": null, "tessellate": -1, "extrude": 0, "visibility": 0, "drawOrder": null, "icon": null, "Folder": "ALD-1D-10/10 / ALD FSP 0-8-0" }, "geometry": { "type": "Point", "coordinates": [ -106.525315, 31.75883, 0.0 ] } },
{ "type": "Feature", "properties": { "id": null, "Name": "ALD-1D-10/10-5-5", "description": null, "timestamp": null, "begin": null, "end": null, "altitudeMode": null, "tessellate": -1, "extrude": 0, "visibility": 0, "drawOrder": null, "icon": null, "Folder": "ALD-1D-10/10 / ALD FSP 0-8-0" }, "geometry": { "type": "Point", "coordinates": [ -106.525934, 31.759928, 0.0 ] } },
{ "type": "Feature", "properties": { "id": null, "Name": "ALD-1D-10/10-6-6", "description": null, "timestamp": null, "begin": null, "end": null, "altitudeMode": null, "tessellate": -1, "extrude": 0, "visibility": 0, "drawOrder": null, "icon": null, "Folder": "ALD-1D-10/10 / ALD FSP 0-8-0" }, "geometry": { "type": "Point", "coordinates": [ -106.526642, 31.76158, 0.0 ] } },
{ "type": "Feature", "properties": { "id": null, "Name": "ALD-1D-10/10-7-7", "description": null, "timestamp": null, "begin": null, "end": null, "altitudeMode": null, "tessellate": -1, "extrude": 0, "visibility": 0, "drawOrder": null, "icon": null, "Folder": "ALD-1D-10/10 / ALD FSP 0-8-0" }, "geometry": { "type": "Point", "coordinates": [ -106.523096, 31.759397, 0.0 ] } },
{ "type": "Feature", "properties": { "id": null, "Name": "ALD-1D-10/10-8-8", "description": null, "timestamp": null, "begin": null, "end": null, "altitudeMode": null, "tessellate": -1, "extrude": 0, "visibility": 0, "drawOrder": null, "icon": null, "Folder": "ALD-1D-10/10 / ALD FSP 0-8-0" }, "geometry": { "type": "Point", "coordinates": [ -106.525004, 31.759458, 0.0 ] } },
{ "type": "Feature", "properties": { "id": null, "Name": "ALD-1D-11/11-1-1", "description": null, "timestamp": null, "begin": null, "end": null, "altitudeMode": null, "tessellate": -1, "extrude": 0, "visibility": 0, "drawOrder": null, "icon": null, "Folder": "ALD-1D-11/11 / ALD FSP 0-8-1" }, "geometry": { "type": "Point", "coordinates": [ -106.519372801103103, 31.758854355765799, 0.0 ] } },
{ "type": "Feature", "properties": { "id": null, "Name": "ALD-1D-11/11-2-2", "description": null, "timestamp": null, "begin": null, "end": null, "altitudeMode": null, "tessellate": -1, "extrude": 0, "visibility": 0, "drawOrder": null, "icon": null, "Folder": "ALD-1D-11/11 / ALD FSP 0-8-1" }, "geometry": { "type": "Point", "coordinates": [ -106.517655, 31.758893, 0.0 ] } },
{ "type": "Feature", "properties": { "id": null, "Name": "ALD-1D-11/11-3-3", "description": null, "timestamp": null, "begin": null, "end": null, "altitudeMode": null, "tessellate": -1, "extrude": 0, "visibility": 0, "drawOrder": null, "icon": null, "Folder": "ALD-1D-11/11 / ALD FSP 0-8-1" }, "geometry": { "type": "Point", "coordinates": [ -106.516679, 31.760062, 0.0 ] } },
{ "type": "Feature", "properties": { "id": null, "Name": "ALD-1D-11/11-4-4", "description": null, "timestamp": null, "begin": null, "end": null, "altitudeMode": null, "tessellate": -1, "extrude": 0, "visibility": 0, "drawOrder": null, "icon": null, "Folder": "ALD-1D-11/11 / ALD FSP 0-8-1" }, "geometry": { "type": "Point", "coordinates": [ -106.515179, 31.760492, 0.0 ] } },
{ "type": "Feature", "properties": { "id": null, "Name": "ALD-1D-11/11-5-5", "description": "<b>REFORZADA 18 ABRIL 2026</b>", "timestamp": null, "begin": null, "end": null, "altitudeMode": null, "tessellate": -1, "extrude": 0, "visibility": 0, "drawOrder": null, "icon": null, "Folder": "ALD-1D-11/11 / ALD FSP 0-8-1" }, "geometry": { "type": "Point", "coordinates": [ -106.513657, 31.760997, 0.0 ] } },
{ "type": "Feature", "properties": { "id": null, "Name": "ALD-1D-11/11/6-6", "description": null, "timestamp": null, "begin": null, "end": null, "altitudeMode": null, "tessellate": -1, "extrude": 0, "visibility": 0, "drawOrder": null, "icon": null, "Folder": "ALD-1D-11/11 / ALD FSP 0-8-1" }, "geometry": { "type": "Point", "coordinates": [ -106.514012515830998, 31.762497272708661, 0.0 ] } },
{ "type": "Feature", "properties": { "id": null, "Name": "ALD-1D-11/11-7-7", "description": null, "timestamp": null, "begin": null, "end": null, "altitudeMode": null, "tessellate": -1, "extrude": 0, "visibility": 0, "drawOrder": null, "icon": null, "Folder": "ALD-1D-11/11 / ALD FSP 0-8-1" }, "geometry": { "type": "Point", "coordinates": [ -106.512385863913806, 31.7619533662245, 0.0 ] } },
{ "type": "Feature", "properties": { "id": null, "Name": "ALD-1D-11/11-8-8", "description": null, "timestamp": null, "begin": null, "end": null, "altitudeMode": null, "tessellate": -1, "extrude": 0, "visibility": 0, "drawOrder": null, "icon": null, "Folder": "ALD-1D-11/11 / ALD FSP 0-8-1" }, "geometry": { "type": "Point", "coordinates": [ -106.518583, 31.759724, 0.0 ] } },
{ "type": "Feature", "properties": { "id": null, "Name": "ALD-1D-12/12-1-1", "description": null, "timestamp": null, "begin": null, "end": null, "altitudeMode": null, "tessellate": -1, "extrude": 0, "visibility": 0, "drawOrder": null, "icon": null, "Folder": "ALD-1D-12/12 / ALD FSP 0-8-2" }, "geometry": { "type": "Point", "coordinates": [ -106.521452, 31.761621, 0.0 ] } },
{ "type": "Feature", "properties": { "id": null, "Name": "ALD-1D-12/12-2-2", "description": null, "timestamp": null, "begin": null, "end": null, "altitudeMode": null, "tessellate": -1, "extrude": 0, "visibility": 0, "drawOrder": null, "icon": null, "Folder": "ALD-1D-12/12 / ALD FSP 0-8-2" }, "geometry": { "type": "Point", "coordinates": [ -106.522595, 31.760783, 0.0 ] } },
{ "type": "Feature", "properties": { "id": null, "Name": "ALD-1D-12/12-3-3", "description": null, "timestamp": null, "begin": null, "end": null, "altitudeMode": null, "tessellate": -1, "extrude": 0, "visibility": 0, "drawOrder": null, "icon": null, "Folder": "ALD-1D-12/12 / ALD FSP 0-8-2" }, "geometry": { "type": "Point", "coordinates": [ -106.523813905988803, 31.76129398334184, 0.0 ] } },
{ "type": "Feature", "properties": { "id": null, "Name": "ALD-1D-12/12-4-4", "description": null, "timestamp": null, "begin": null, "end": null, "altitudeMode": null, "tessellate": -1, "extrude": 0, "visibility": 0, "drawOrder": null, "icon": null, "Folder": "ALD-1D-12/12 / ALD FSP 0-8-2" }, "geometry": { "type": "Point", "coordinates": [ -106.524586111111105, 31.762261111111108, 0.0 ] } },
{ "type": "Feature", "properties": { "id": null, "Name": "ALD-1D-12/12-5-5", "description": null, "timestamp": null, "begin": null, "end": null, "altitudeMode": null, "tessellate": -1, "extrude": 0, "visibility": 0, "drawOrder": null, "icon": null, "Folder": "ALD-1D-12/12 / ALD FSP 0-8-2" }, "geometry": { "type": "Point", "coordinates": [ -106.524740816886606, 31.763430446796679, 0.0 ] } },
{ "type": "Feature", "properties": { "id": null, "Name": "ALD-1D-12/12-6-6", "description": null, "timestamp": null, "begin": null, "end": null, "altitudeMode": null, "tessellate": -1, "extrude": 0, "visibility": 0, "drawOrder": null, "icon": null, "Folder": "ALD-1D-12/12 / ALD FSP 0-8-2" }, "geometry": { "type": "Point", "coordinates": [ -106.526414, 31.762892, 0.0 ] } },
{ "type": "Feature", "properties": { "id": null, "Name": "ALD-1D-12/12-7-7", "description": null, "timestamp": null, "begin": null, "end": null, "altitudeMode": null, "tessellate": -1, "extrude": 0, "visibility": 0, "drawOrder": null, "icon": null, "Folder": "ALD-1D-12/12 / ALD FSP 0-8-2" }, "geometry": { "type": "Point", "coordinates": [ -106.52745, 31.763919, 0.0 ] } },
{ "type": "Feature", "properties": { "id": null, "Name": "ALD-1D-12/12-8-8", "description": null, "timestamp": null, "begin": null, "end": null, "altitudeMode": null, "tessellate": -1, "extrude": 0, "visibility": 0, "drawOrder": null, "icon": null, "Folder": "ALD-1D-12/12 / ALD FSP 0-8-2" }, "geometry": { "type": "Point", "coordinates": [ -106.528083, 31.76567, 0.0 ] } },
{ "type": "Feature", "properties": { "id": null, "Name": "ALD-1D-13/13-1-1", "description": null, "timestamp": null, "begin": null, "end": null, "altitudeMode": null, "tessellate": -1, "extrude": 0, "visibility": 0, "drawOrder": null, "icon": null, "Folder": "ALD-1D-13/13 / ALD FSP 0-8-3" }, "geometry": { "type": "Point", "coordinates": [ -106.520354, 31.763773, 0.0 ] } },
{ "type": "Feature", "properties": { "id": null, "Name": "ALD-1D-13/13-2-2", "description": null, "timestamp": null, "begin": null, "end": null, "altitudeMode": null, "tessellate": -1, "extrude": 0, "visibility": 0, "drawOrder": null, "icon": null, "Folder": "ALD-1D-13/13 / ALD FSP 0-8-3" }, "geometry": { "type": "Point", "coordinates": [ -106.521401, 31.763027, 0.0 ] } },
{ "type": "Feature", "properties": { "id": null, "Name": "ALD-1D-13/13-3-3", "description": null, "timestamp": null, "begin": null, "end": null, "altitudeMode": null, "tessellate": -1, "extrude": 0, "visibility": 0, "drawOrder": null, "icon": null, "Folder": "ALD-1D-13/13 / ALD FSP 0-8-3" }, "geometry": { "type": "Point", "coordinates": [ -106.522641170270504, 31.762139459792721, 0.0 ] } },
{ "type": "Feature", "properties": { "id": null, "Name": "ALD-1D-13/13-4-4", "description": null, "timestamp": null, "begin": null, "end": null, "altitudeMode": null, "tessellate": -1, "extrude": 0, "visibility": 0, "drawOrder": null, "icon": null, "Folder": "ALD-1D-13/13 / ALD FSP 0-8-3" }, "geometry": { "type": "Point", "coordinates": [ -106.523374, 31.763138, 0.0 ] } },
{ "type": "Feature", "properties": { "id": null, "Name": "ALD-1D-13/13-5-5", "description": "<b>REFORZADA 11 NOVIENBRE 2025</b>", "timestamp": null, "begin": null, "end": null, "altitudeMode": null, "tessellate": -1, "extrude": 0, "visibility": 0, "drawOrder": null, "icon": null, "Folder": "ALD-1D-13/13 / ALD FSP 0-8-3" }, "geometry": { "type": "Point", "coordinates": [ -106.522730555555597, 31.76359722222222, 0.0 ] } },
{ "type": "Feature", "properties": { "id": null, "Name": "ALD-1D-13/13-6-6", "description": null, "timestamp": null, "begin": null, "end": null, "altitudeMode": null, "tessellate": -1, "extrude": 0, "visibility": 0, "drawOrder": null, "icon": null, "Folder": "ALD-1D-13/13 / ALD FSP 0-8-3" }, "geometry": { "type": "Point", "coordinates": [ -106.523218, 31.764665, 0.0 ] } },
{ "type": "Feature", "properties": { "id": null, "Name": "ALD-1D-13/13-7-7", "description": null, "timestamp": null, "begin": null, "end": null, "altitudeMode": null, "tessellate": -1, "extrude": 0, "visibility": 0, "drawOrder": null, "icon": null, "Folder": "ALD-1D-13/13 / ALD FSP 0-8-3" }, "geometry": { "type": "Point", "coordinates": [ -106.5247869841522, 31.764159967952349, 0.0 ] } },
{ "type": "Feature", "properties": { "id": null, "Name": "ALD-1D-13/13-8-8", "description": null, "timestamp": null, "begin": null, "end": null, "altitudeMode": null, "tessellate": -1, "extrude": 0, "visibility": 0, "drawOrder": null, "icon": null, "Folder": "ALD-1D-13/13 / ALD FSP 0-8-3" }, "geometry": { "type": "Point", "coordinates": [ -106.526322, 31.764961, 0.0 ] } },
{ "type": "Feature", "properties": { "id": null, "Name": "ALD-1D-14/14-1-1", "description": null, "timestamp": null, "begin": null, "end": null, "altitudeMode": null, "tessellate": -1, "extrude": 0, "visibility": 0, "drawOrder": null, "icon": null, "Folder": "ALD-1D-14/14 / ALD FSP 0-8-4" }, "geometry": { "type": "Point", "coordinates": [ -106.519828, 31.764178, 0.0 ] } },
{ "type": "Feature", "properties": { "id": null, "Name": "ALD-1D-14/14-2-2", "description": null, "timestamp": null, "begin": null, "end": null, "altitudeMode": null, "tessellate": -1, "extrude": 0, "visibility": 0, "drawOrder": null, "icon": null, "Folder": "ALD-1D-14/14 / ALD FSP 0-8-4" }, "geometry": { "type": "Point", "coordinates": [ -106.52033, 31.764716, 0.0 ] } },
{ "type": "Feature", "properties": { "id": null, "Name": "ALD-1D-14/14-3-3", "description": null, "timestamp": null, "begin": null, "end": null, "altitudeMode": null, "tessellate": -1, "extrude": 0, "visibility": 0, "drawOrder": null, "icon": null, "Folder": "ALD-1D-14/14 / ALD FSP 0-8-4" }, "geometry": { "type": "Point", "coordinates": [ -106.521473, 31.766029, 0.0 ] } },
{ "type": "Feature", "properties": { "id": null, "Name": "ALD-1D-14/14-4-4", "description": null, "timestamp": null, "begin": null, "end": null, "altitudeMode": null, "tessellate": -1, "extrude": 0, "visibility": 0, "drawOrder": null, "icon": null, "Folder": "ALD-1D-14/14 / ALD FSP 0-8-4" }, "geometry": { "type": "Point", "coordinates": [ -106.521983, 31.766543, 0.0 ] } },
{ "type": "Feature", "properties": { "id": null, "Name": "ALD-1D-14/14-5-5", "description": null, "timestamp": null, "begin": null, "end": null, "altitudeMode": null, "tessellate": -1, "extrude": 0, "visibility": 0, "drawOrder": null, "icon": null, "Folder": "ALD-1D-14/14 / ALD FSP 0-8-4" }, "geometry": { "type": "Point", "coordinates": [ -106.517444, 31.762728, 0.0 ] } },
{ "type": "Feature", "properties": { "id": null, "Name": "ALD-1D-14/14-6-6", "description": null, "timestamp": null, "begin": null, "end": null, "altitudeMode": null, "tessellate": -1, "extrude": 0, "visibility": 0, "drawOrder": null, "icon": null, "Folder": "ALD-1D-14/14 / ALD FSP 0-8-4" }, "geometry": { "type": "Point", "coordinates": [ -106.518534, 31.76116, 0.0 ] } },
{ "type": "Feature", "properties": { "id": null, "Name": "ALD-1D-14/14-7-7", "description": null, "timestamp": null, "begin": null, "end": null, "altitudeMode": null, "tessellate": -1, "extrude": 0, "visibility": 0, "drawOrder": null, "icon": null, "Folder": "ALD-1D-14/14 / ALD FSP 0-8-4" }, "geometry": { "type": "Point", "coordinates": [ -106.520372849357003, 31.759818043454452, 0.0 ] } },
{ "type": "Feature", "properties": { "id": null, "Name": "ALD-1D-14/14-8-8", "description": null, "timestamp": null, "begin": null, "end": null, "altitudeMode": null, "tessellate": -1, "extrude": 0, "visibility": 0, "drawOrder": null, "icon": null, "Folder": "ALD-1D-14/14 / ALD FSP 0-8-4" }, "geometry": { "type": "Point", "coordinates": [ -106.519739, 31.762118, 0.0 ] } },
{ "type": "Feature", "properties": { "id": null, "Name": "ALD-1D-15/15-1-1", "description": null, "timestamp": null, "begin": null, "end": null, "altitudeMode": null, "tessellate": -1, "extrude": 0, "visibility": 0, "drawOrder": null, "icon": null, "Folder": "ALD-1D-15/15 / ALD FSP 0-8-5" }, "geometry": { "type": "Point", "coordinates": [ -106.517531, 31.763806, 0.0 ] } },
{ "type": "Feature", "properties": { "id": null, "Name": "ALD-1D-15/15-2-2", "description": null, "timestamp": null, "begin": null, "end": null, "altitudeMode": null, "tessellate": -1, "extrude": 0, "visibility": 0, "drawOrder": null, "icon": null, "Folder": "ALD-1D-15/15 / ALD FSP 0-8-5" }, "geometry": { "type": "Point", "coordinates": [ -106.516403, 31.762525, 0.0 ] } },
{ "type": "Feature", "properties": { "id": null, "Name": "ALD-1D-15/15-3-3", "description": null, "timestamp": null, "begin": null, "end": null, "altitudeMode": null, "tessellate": -1, "extrude": 0, "visibility": 0, "drawOrder": null, "icon": null, "Folder": "ALD-1D-15/15 / ALD FSP 0-8-5" }, "geometry": { "type": "Point", "coordinates": [ -106.514766, 31.76285, 0.0 ] } },
{ "type": "Feature", "properties": { "id": null, "Name": "ALD-1D-15/15-4-4", "description": null, "timestamp": null, "begin": null, "end": null, "altitudeMode": null, "tessellate": -1, "extrude": 0, "visibility": 0, "drawOrder": null, "icon": null, "Folder": "ALD-1D-15/15 / ALD FSP 0-8-5" }, "geometry": { "type": "Point", "coordinates": [ -106.513071861261295, 31.763544577835908, 0.0 ] } },
{ "type": "Feature", "properties": { "id": null, "Name": "ALD-1D-15/15-5-5", "description": null, "timestamp": null, "begin": null, "end": null, "altitudeMode": null, "tessellate": -1, "extrude": 0, "visibility": 0, "drawOrder": null, "icon": null, "Folder": "ALD-1D-15/15 / ALD FSP 0-8-5" }, "geometry": { "type": "Point", "coordinates": [ -106.517029, 31.765525, 0.0 ] } },
{ "type": "Feature", "properties": { "id": null, "Name": "ALD-1D-15/15-7-7", "description": null, "timestamp": null, "begin": null, "end": null, "altitudeMode": null, "tessellate": -1, "extrude": 0, "visibility": 0, "drawOrder": null, "icon": null, "Folder": "ALD-1D-15/15 / ALD FSP 0-8-5" }, "geometry": { "type": "Point", "coordinates": [ -106.51374, 31.765292, 0.0 ] } },
{ "type": "Feature", "properties": { "id": null, "Name": "ALD-1D-15/15-8-8", "description": null, "timestamp": null, "begin": null, "end": null, "altitudeMode": null, "tessellate": -1, "extrude": 0, "visibility": 0, "drawOrder": null, "icon": null, "Folder": "ALD-1D-15/15 / ALD FSP 0-8-5" }, "geometry": { "type": "Point", "coordinates": [ -106.512719, 31.765069, 0.0 ] } },
{ "type": "Feature", "properties": { "id": null, "Name": "ALD-1D-16/16-1-1", "description": null, "timestamp": null, "begin": null, "end": null, "altitudeMode": null, "tessellate": -1, "extrude": 0, "visibility": 0, "drawOrder": null, "icon": null, "Folder": "ALD-1D-16/16 / ALD FSP 0-8-6" }, "geometry": { "type": "Point", "coordinates": [ -106.517842991812401, 31.766456578073011, 0.0 ] } },
{ "type": "Feature", "properties": { "id": null, "Name": "ALD-1D-16/16-2-2", "description": null, "timestamp": null, "begin": null, "end": null, "altitudeMode": null, "tessellate": -1, "extrude": 0, "visibility": 0, "drawOrder": null, "icon": null, "Folder": "ALD-1D-16/16 / ALD FSP 0-8-6" }, "geometry": { "type": "Point", "coordinates": [ -106.518428, 31.767106, 0.0 ] } },
{ "type": "Feature", "properties": { "id": null, "Name": "ALD-1D-16/16-3-3", "description": null, "timestamp": null, "begin": null, "end": null, "altitudeMode": null, "tessellate": -1, "extrude": 0, "visibility": 0, "drawOrder": null, "icon": null, "Folder": "ALD-1D-16/16 / ALD FSP 0-8-6" }, "geometry": { "type": "Point", "coordinates": [ -106.519035, 31.767767, 0.0 ] } },
{ "type": "Feature", "properties": { "id": null, "Name": "ALD-1D-16/16-4-4", "description": null, "timestamp": null, "begin": null, "end": null, "altitudeMode": null, "tessellate": -1, "extrude": 0, "visibility": 0, "drawOrder": null, "icon": null, "Folder": "ALD-1D-16/16 / ALD FSP 0-8-6" }, "geometry": { "type": "Point", "coordinates": [ -106.519796, 31.768611, 0.0 ] } },
{ "type": "Feature", "properties": { "id": null, "Name": "ALD-1D-16/16-5-5", "description": null, "timestamp": null, "begin": null, "end": null, "altitudeMode": null, "tessellate": -1, "extrude": 0, "visibility": 0, "drawOrder": null, "icon": null, "Folder": "ALD-1D-16/16 / ALD FSP 0-8-6" }, "geometry": { "type": "Point", "coordinates": [ -106.520581, 31.768341, 0.0 ] } },
{ "type": "Feature", "properties": { "id": null, "Name": "ALD-1D-16/16-6-6", "description": null, "timestamp": null, "begin": null, "end": null, "altitudeMode": null, "tessellate": -1, "extrude": 0, "visibility": 0, "drawOrder": null, "icon": null, "Folder": "ALD-1D-16/16 / ALD FSP 0-8-6" }, "geometry": { "type": "Point", "coordinates": [ -106.520741, 31.767433, 0.0 ] } },
{ "type": "Feature", "properties": { "id": null, "Name": "ALD-1D-16/16-7-7", "description": null, "timestamp": null, "begin": null, "end": null, "altitudeMode": null, "tessellate": -1, "extrude": 0, "visibility": 0, "drawOrder": null, "icon": null, "Folder": "ALD-1D-16/16 / ALD FSP 0-8-6" }, "geometry": { "type": "Point", "coordinates": [ -106.519424, 31.765966, 0.0 ] } },
{ "type": "Feature", "properties": { "id": null, "Name": "ALD-1D-16/16-8-8", "description": null, "timestamp": null, "begin": null, "end": null, "altitudeMode": null, "tessellate": -1, "extrude": 0, "visibility": 0, "drawOrder": null, "icon": null, "Folder": "ALD-1D-16/16 / ALD FSP 0-8-6" }, "geometry": { "type": "Point", "coordinates": [ -106.518617, 31.765031, 0.0 ] } },
{ "type": "Feature", "properties": { "id": null, "Name": "ALD-1D-17/17-1-1", "description": null, "timestamp": null, "begin": null, "end": null, "altitudeMode": null, "tessellate": -1, "extrude": 0, "visibility": 0, "drawOrder": null, "icon": null, "Folder": "ALD-1D-17/17  / ALD FSP 0-8-7" }, "geometry": { "type": "Point", "coordinates": [ -106.51515, 31.767309, 0.0 ] } },
{ "type": "Feature", "properties": { "id": null, "Name": "ALD-1D-17/17-2-2", "description": null, "timestamp": null, "begin": null, "end": null, "altitudeMode": null, "tessellate": -1, "extrude": 0, "visibility": 0, "drawOrder": null, "icon": null, "Folder": "ALD-1D-17/17  / ALD FSP 0-8-7" }, "geometry": { "type": "Point", "coordinates": [ -106.515262, 31.766076, 0.0 ] } },
{ "type": "Feature", "properties": { "id": null, "Name": "ALD-1D-17/17-3-3", "description": null, "timestamp": null, "begin": null, "end": null, "altitudeMode": null, "tessellate": -1, "extrude": 0, "visibility": 0, "drawOrder": null, "icon": null, "Folder": "ALD-1D-17/17  / ALD FSP 0-8-7" }, "geometry": { "type": "Point", "coordinates": [ -106.513803, 31.766861, 0.0 ] } },
{ "type": "Feature", "properties": { "id": null, "Name": "ALD-1D-17/17-4-4", "description": null, "timestamp": null, "begin": null, "end": null, "altitudeMode": null, "tessellate": -1, "extrude": 0, "visibility": 0, "drawOrder": null, "icon": null, "Folder": "ALD-1D-17/17  / ALD FSP 0-8-7" }, "geometry": { "type": "Point", "coordinates": [ -106.512753, 31.767389, 0.0 ] } },
{ "type": "Feature", "properties": { "id": null, "Name": "ALD-1D-17/17-5-5", "description": null, "timestamp": null, "begin": null, "end": null, "altitudeMode": null, "tessellate": -1, "extrude": 0, "visibility": 0, "drawOrder": null, "icon": null, "Folder": "ALD-1D-17/17  / ALD FSP 0-8-7" }, "geometry": { "type": "Point", "coordinates": [ -106.513684, 31.7689, 0.0 ] } },
{ "type": "Feature", "properties": { "id": null, "Name": "ALD-1D-17/17-6-6", "description": null, "timestamp": null, "begin": null, "end": null, "altitudeMode": null, "tessellate": -1, "extrude": 0, "visibility": 0, "drawOrder": null, "icon": null, "Folder": "ALD-1D-17/17  / ALD FSP 0-8-7" }, "geometry": { "type": "Point", "coordinates": [ -106.516035, 31.769478, 0.0 ] } },
{ "type": "Feature", "properties": { "id": null, "Name": "ALD-1D-17/17-7-7", "description": null, "timestamp": null, "begin": null, "end": null, "altitudeMode": null, "tessellate": -1, "extrude": 0, "visibility": 0, "drawOrder": null, "icon": null, "Folder": "ALD-1D-17/17  / ALD FSP 0-8-7" }, "geometry": { "type": "Point", "coordinates": [ -106.516932, 31.76775, 0.0 ] } },
{ "type": "Feature", "properties": { "id": null, "Name": "ALD-1D-17/17-8-8", "description": null, "timestamp": null, "begin": null, "end": null, "altitudeMode": null, "tessellate": -1, "extrude": 0, "visibility": 0, "drawOrder": null, "icon": null, "Folder": "ALD-1D-17/17  / ALD FSP 0-8-7" }, "geometry": { "type": "Point", "coordinates": [ -106.518552, 31.769663, 0.0 ] } },
{ "type": "Feature", "properties": { "id": null, "Name": "ALD-3-1/1-1-1", "description": null, "timestamp": null, "begin": null, "end": null, "altitudeMode": null, "tessellate": -1, "extrude": 0, "visibility": 0, "drawOrder": null, "icon": null, "Folder": "2N (#3)" }, "geometry": { "type": "Point", "coordinates": [ -106.528407842624901, 31.77320459873425, 0.0 ] } },
{ "type": "Feature", "properties": { "id": null, "Name": "ALD-3-1/1-2-2", "description": null, "timestamp": null, "begin": null, "end": null, "altitudeMode": null, "tessellate": -1, "extrude": 0, "visibility": 0, "drawOrder": null, "icon": null, "Folder": "2N (#3)" }, "geometry": { "type": "Point", "coordinates": [ -106.526832, 31.772545, 0.0 ] } },
{ "type": "Feature", "properties": { "id": null, "Name": "ALD-3-1/1-3-3", "description": "<b>AGREGADA 21 MAYO 2025</b>", "timestamp": null, "begin": null, "end": null, "altitudeMode": null, "tessellate": -1, "extrude": 0, "visibility": 0, "drawOrder": null, "icon": null, "Folder": "2N (#3)" }, "geometry": { "type": "Point", "coordinates": [ -106.525522422901503, 31.771763584375449, 0.0 ] } },
{ "type": "Feature", "properties": { "id": null, "Name": "ALD-3-1/1-5-5", "description": null, "timestamp": null, "begin": null, "end": null, "altitudeMode": null, "tessellate": -1, "extrude": 0, "visibility": 0, "drawOrder": null, "icon": null, "Folder": "2N (#3)" }, "geometry": { "type": "Point", "coordinates": [ -106.523729614433407, 31.773322156068058, 0.0 ] } },
{ "type": "Feature", "properties": { "id": null, "Name": "ALD-3-1/1-6-6", "description": null, "timestamp": null, "begin": null, "end": null, "altitudeMode": null, "tessellate": -1, "extrude": 0, "visibility": 0, "drawOrder": null, "icon": null, "Folder": "2N (#3)" }, "geometry": { "type": "Point", "coordinates": [ -106.523870147445805, 31.774808890371219, 0.0 ] } },
{ "type": "Feature", "properties": { "id": null, "Name": "ALD-3-1/1-7-7", "description": null, "timestamp": null, "begin": null, "end": null, "altitudeMode": null, "tessellate": -1, "extrude": 0, "visibility": 0, "drawOrder": null, "icon": null, "Folder": "2N (#3)" }, "geometry": { "type": "Point", "coordinates": [ -106.524584, 31.771345, 0.0 ] } },
{ "type": "Feature", "properties": { "id": null, "Name": "ALD-3-1/1-8-8", "description": null, "timestamp": null, "begin": null, "end": null, "altitudeMode": null, "tessellate": -1, "extrude": 0, "visibility": 0, "drawOrder": null, "icon": null, "Folder": "2N (#3)" }, "geometry": { "type": "Point", "coordinates": [ -106.526094, 31.770678, 0.0 ] } },
{ "type": "Feature", "properties": { "id": null, "Name": "ALD-3-1/1-4-4-1", "description": "<b>AGREGADA 27 ABRIL 2026</b>", "timestamp": null, "begin": null, "end": null, "altitudeMode": null, "tessellate": -1, "extrude": 0, "visibility": 0, "drawOrder": null, "icon": null, "Folder": "2N (#3)" }, "geometry": { "type": "Point", "coordinates": [ -106.524699480951895, 31.770690887273378, 0.0 ] } },
{ "type": "Feature", "properties": { "id": null, "Name": "ALD-3-S-11-1/1", "description": null, "timestamp": null, "begin": null, "end": null, "altitudeMode": null, "tessellate": 1, "extrude": 0, "visibility": 0, "drawOrder": null, "icon": null, "Folder": "DISTRIBUCION (#3)" }, "geometry": { "type": "LineString", "coordinates": [ [ -106.524556865533697, 31.77213266692738, 0.0 ], [ -106.524685658802099, 31.772116242930309, 0.0 ], [ -106.524621852266804, 31.771825697164459, 0.0 ], [ -106.524587540411602, 31.77134085711527, 0.0 ], [ -106.524608303953002, 31.77110979300101, 0.0 ], [ -106.524689415962897, 31.770655114651689, 0.0 ], [ -106.525120970445499, 31.77069349779374, 0.0 ], [ -106.525827919537704, 31.7706786223157, 0.0 ], [ -106.526106402617003, 31.77066083274557, 0.0 ] ] } },
{ "type": "Feature", "properties": { "id": null, "Name": "ALD-3-S-11-1", "description": null, "timestamp": null, "begin": null, "end": null, "altitudeMode": null, "tessellate": 1, "extrude": 0, "visibility": 0, "drawOrder": null, "icon": null, "Folder": "DISTRIBUCION (#3)" }, "geometry": { "type": "LineString", "coordinates": [ [ -106.529404978110605, 31.773558100557469, 0.0 ], [ -106.529095326453501, 31.77341713819353, 0.0 ], [ -106.528948905808804, 31.773378126411131, 0.0 ], [ -106.528454553748603, 31.773190579782661, 0.0 ], [ -106.528154881832407, 31.773081549139182, 0.0 ], [ -106.527737475497901, 31.772907220091259, 0.0 ], [ -106.527224041856698, 31.77269468889353, 0.0 ], [ -106.526830556300595, 31.772541561559869, 0.0 ], [ -106.526710458462702, 31.772742887968821, 0.0 ], [ -106.526515619557799, 31.773112715183739, 0.0 ], [ -106.526580222035506, 31.773131460693939, 0.0 ], [ -106.526393973938298, 31.77348892641178, 0.0 ], [ -106.525889534331, 31.773529044194309, 0.0 ], [ -106.525214150020702, 31.773593599575211, 0.0 ], [ -106.524629359359196, 31.773630194278809, 0.0 ], [ -106.524630688764404, 31.773214381423841, 0.0 ], [ -106.524610611470294, 31.772761063959411, 0.0 ], [ -106.524558104129994, 31.772132988386911, 0.0 ], [ -106.5240632997196, 31.772140958778039, 0.0 ], [ -106.523698773971603, 31.77214535459148, 0.0 ], [ -106.523652581118697, 31.77213774848083, 0.0 ], [ -106.523712243011303, 31.77308586035652, 0.0 ], [ -106.5237708841169, 31.773992044840071, 0.0 ], [ -106.523806574742096, 31.774406276541701, 0.0 ], [ -106.523874572470405, 31.774809542717431, 0.0 ] ] } },
{ "type": "Feature", "properties": { "id": null, "Name": "ALD-3-S-11-1/2", "description": null, "timestamp": null, "begin": null, "end": null, "altitudeMode": null, "tessellate": 1, "extrude": 0, "visibility": 0, "drawOrder": null, "icon": null, "Folder": "DISTRIBUCION (#3)" }, "geometry": { "type": "LineString", "coordinates": [ [ -106.524607913559294, 31.772809662836568, 0.0 ], [ -106.524566752751795, 31.772150940902339, 0.0 ], [ -106.524692513692798, 31.77213572724694, 0.0 ], [ -106.524626333708696, 31.771817560141191, 0.0 ], [ -106.525507892753197, 31.77176850557985, 0.0 ] ] } },
{ "type": "Feature", "properties": { "id": null, "Name": "ALD-3-S-11-1/3", "description": null, "timestamp": null, "begin": null, "end": null, "altitudeMode": null, "tessellate": 1, "extrude": 0, "visibility": 0, "drawOrder": null, "icon": null, "Folder": "DISTRIBUCION (#3)" }, "geometry": { "type": "LineString", "coordinates": [ [ -106.524608499468997, 31.77131663633811, 0.0 ], [ -106.524597759405097, 31.771153066386351, 0.0 ], [ -106.524704085281698, 31.77065709321888, 0.0 ] ] } },
{ "type": "Feature", "properties": { "id": null, "Name": "ALD-3-2/2-1-1", "description": "<b>REFORZADA 18 ENERO 2026</b>", "timestamp": null, "begin": null, "end": null, "altitudeMode": null, "tessellate": -1, "extrude": 0, "visibility": 0, "drawOrder": null, "icon": null, "Folder": "ALD-3-2 / ALD FSP 0-12-2" }, "geometry": { "type": "Point", "coordinates": [ -106.528581, 31.774256, 0.0 ] } },
{ "type": "Feature", "properties": { "id": null, "Name": "ALD-3-2/2-2-2", "description": null, "timestamp": null, "begin": null, "end": null, "altitudeMode": null, "tessellate": -1, "extrude": 0, "visibility": 0, "drawOrder": null, "icon": null, "Folder": "ALD-3-2 / ALD FSP 0-12-2" }, "geometry": { "type": "Point", "coordinates": [ -106.527050220292395, 31.774265635544939, 0.0 ] } },
{ "type": "Feature", "properties": { "id": null, "Name": "ALD-3-2/2-3-3", "description": null, "timestamp": null, "begin": null, "end": null, "altitudeMode": null, "tessellate": -1, "extrude": 0, "visibility": 0, "drawOrder": null, "icon": null, "Folder": "ALD-3-2 / ALD FSP 0-12-2" }, "geometry": { "type": "Point", "coordinates": [ -106.525313, 31.7746021757739, 0.0 ] } },
{ "type": "Feature", "properties": { "id": null, "Name": "ALD-3-2/2-4-4", "description": null, "timestamp": null, "begin": null, "end": null, "altitudeMode": null, "tessellate": -1, "extrude": 0, "visibility": 0, "drawOrder": null, "icon": null, "Folder": "ALD-3-2 / ALD FSP 0-12-2" }, "geometry": { "type": "Point", "coordinates": [ -106.524261, 31.77547174227189, 0.0 ] } },
{ "type": "Feature", "properties": { "id": null, "Name": "ALD-3-2/2-5-5", "description": null, "timestamp": null, "begin": null, "end": null, "altitudeMode": null, "tessellate": -1, "extrude": 0, "visibility": 0, "drawOrder": null, "icon": null, "Folder": "ALD-3-2 / ALD FSP 0-12-2" }, "geometry": { "type": "Point", "coordinates": [ -106.5270562617346, 31.775275881025909, 0.0 ] } },
{ "type": "Feature", "properties": { "id": null, "Name": "ALD-3-2/2-6-6", "description": null, "timestamp": null, "begin": null, "end": null, "altitudeMode": null, "tessellate": -1, "extrude": 0, "visibility": 0, "drawOrder": null, "icon": null, "Folder": "ALD-3-2 / ALD FSP 0-12-2" }, "geometry": { "type": "Point", "coordinates": [ -106.531475, 31.774925, 0.0 ] } },
{ "type": "Feature", "properties": { "id": null, "Name": "ALD-3-2/2-7-7", "description": null, "timestamp": null, "begin": null, "end": null, "altitudeMode": null, "tessellate": -1, "extrude": 0, "visibility": 0, "drawOrder": null, "icon": null, "Folder": "ALD-3-2 / ALD FSP 0-12-2" }, "geometry": { "type": "Point", "coordinates": [ -106.530311121974094, 31.774786, 0.0 ] } },
{ "type": "Feature", "properties": { "id": null, "Name": "ALD-3-2/2-8-8", "description": null, "timestamp": null, "begin": null, "end": null, "altitudeMode": null, "tessellate": -1, "extrude": 0, "visibility": 0, "drawOrder": null, "icon": null, "Folder": "ALD-3-2 / ALD FSP 0-12-2" }, "geometry": { "type": "Point", "coordinates": [ -106.528679753093499, 31.775112, 0.0 ] } },
{ "type": "Feature", "properties": { "id": null, "Name": "ALD-3-2/2-9/3", "description": "<b>AGREGADA 12 ENERO 2026</b>", "timestamp": null, "begin": null, "end": null, "altitudeMode": null, "tessellate": -1, "extrude": 0, "visibility": 0, "drawOrder": null, "icon": null, "Folder": "ALD-3-2 / ALD FSP 0-12-2" }, "geometry": { "type": "Point", "coordinates": [ -106.531924, 31.77415, 0.0 ] } },
{ "type": "Feature", "properties": { "id": null, "Name": "ALD-3-2/2-10/1", "description": "<b>AGREGADA 26 FEBRERO 2026</b>", "timestamp": null, "begin": null, "end": null, "altitudeMode": null, "tessellate": -1, "extrude": 0, "visibility": 0, "drawOrder": null, "icon": null, "Folder": "ALD-3-2 / ALD FSP 0-12-2" }, "geometry": { "type": "Point", "coordinates": [ -106.5292756383229, 31.772588168363601, 0.0 ] } },
{ "type": "Feature", "properties": { "id": null, "Name": "ALD-3-3/3-1-1", "description": null, "timestamp": null, "begin": null, "end": null, "altitudeMode": null, "tessellate": -1, "extrude": 0, "visibility": 0, "drawOrder": null, "icon": null, "Folder": "ALD-3-3 / ALD FSP 0-12-3" }, "geometry": { "type": "Point", "coordinates": [ -106.522532278722693, 31.771937997680801, 0.0 ] } },
{ "type": "Feature", "properties": { "id": null, "Name": "ALD-3-3/3-2-2", "description": null, "timestamp": null, "begin": null, "end": null, "altitudeMode": null, "tessellate": -1, "extrude": 0, "visibility": 0, "drawOrder": null, "icon": null, "Folder": "ALD-3-3 / ALD FSP 0-12-3" }, "geometry": { "type": "Point", "coordinates": [ -106.521452840539396, 31.77163544401747, 0.0 ] } },
{ "type": "Feature", "properties": { "id": null, "Name": "ALD-3-3/3-3-3", "description": null, "timestamp": null, "begin": null, "end": null, "altitudeMode": null, "tessellate": -1, "extrude": 0, "visibility": 0, "drawOrder": null, "icon": null, "Folder": "ALD-3-3 / ALD FSP 0-12-3" }, "geometry": { "type": "Point", "coordinates": [ -106.520824, 31.77259, 0.0 ] } },
{ "type": "Feature", "properties": { "id": null, "Name": "ALD-3-3/3-4-4", "description": null, "timestamp": null, "begin": null, "end": null, "altitudeMode": null, "tessellate": -1, "extrude": 0, "visibility": 0, "drawOrder": null, "icon": null, "Folder": "ALD-3-3 / ALD FSP 0-12-3" }, "geometry": { "type": "Point", "coordinates": [ -106.5195849549862, 31.771703, 0.0 ] } },
{ "type": "Feature", "properties": { "id": null, "Name": "ALD-3-3/3-5-5", "description": null, "timestamp": null, "begin": null, "end": null, "altitudeMode": null, "tessellate": -1, "extrude": 0, "visibility": 0, "drawOrder": null, "icon": null, "Folder": "ALD-3-3 / ALD FSP 0-12-3" }, "geometry": { "type": "Point", "coordinates": [ -106.519255, 31.770867866264741, 0.0 ] } },
{ "type": "Feature", "properties": { "id": null, "Name": "ALD-3-3/3-6-6", "description": null, "timestamp": null, "begin": null, "end": null, "altitudeMode": null, "tessellate": -1, "extrude": 0, "visibility": 0, "drawOrder": null, "icon": null, "Folder": "ALD-3-3 / ALD FSP 0-12-3" }, "geometry": { "type": "Point", "coordinates": [ -106.521538769344602, 31.773094176371011, 0.0 ] } },
{ "type": "Feature", "properties": { "id": null, "Name": "ALD-3-3/3-7-7", "description": null, "timestamp": null, "begin": null, "end": null, "altitudeMode": null, "tessellate": -1, "extrude": 0, "visibility": 0, "drawOrder": null, "icon": null, "Folder": "ALD-3-3 / ALD FSP 0-12-3" }, "geometry": { "type": "Point", "coordinates": [ -106.522504287626106, 31.772651238294529, 0.0 ] } },
{ "type": "Feature", "properties": { "id": null, "Name": "ALD-3-3/3-8-8/8", "description": null, "timestamp": null, "begin": null, "end": null, "altitudeMode": null, "tessellate": -1, "extrude": 0, "visibility": 0, "drawOrder": null, "icon": null, "Folder": "ALD-3-3 / ALD FSP 0-12-3" }, "geometry": { "type": "Point", "coordinates": [ -106.522093595605497, 31.774009253872581, 0.0 ] } },
{ "type": "Feature", "properties": { "id": null, "Name": "ALD-3-3/3-9-9", "description": null, "timestamp": null, "begin": null, "end": null, "altitudeMode": null, "tessellate": -1, "extrude": 0, "visibility": 0, "drawOrder": null, "icon": null, "Folder": "ALD-3-3 / ALD FSP 0-12-3" }, "geometry": { "type": "Point", "coordinates": [ -106.517909023543297, 31.771466364038179, 0.0 ] } },
{ "type": "Feature", "properties": { "id": null, "Name": "ALD-3-4/4-1-1", "description": null, "timestamp": null, "begin": null, "end": null, "altitudeMode": null, "tessellate": -1, "extrude": 0, "visibility": 0, "drawOrder": null, "icon": null, "Folder": "ALD-3-4 / ALD FSP 0-12-4" }, "geometry": { "type": "Point", "coordinates": [ -106.521715, 31.770207044632532, 0.0 ] } },
{ "type": "Feature", "properties": { "id": null, "Name": "ALD-3-4/4-2-2", "description": null, "timestamp": null, "begin": null, "end": null, "altitudeMode": null, "tessellate": -1, "extrude": 0, "visibility": 0, "drawOrder": null, "icon": null, "Folder": "ALD-3-4 / ALD FSP 0-12-4" }, "geometry": { "type": "Point", "coordinates": [ -106.521210036220793, 31.769058420861079, 0.0 ] } },
{ "type": "Feature", "properties": { "id": null, "Name": "ALD-3-4/4-3-3", "description": "<b>REFORZADA 01 ABRIL 2025</b>", "timestamp": null, "begin": null, "end": null, "altitudeMode": null, "tessellate": -1, "extrude": 0, "visibility": 0, "drawOrder": null, "icon": null, "Folder": "ALD-3-4 / ALD FSP 0-12-4" }, "geometry": { "type": "Point", "coordinates": [ -106.522379271017797, 31.769531567450091, 0.0 ] } },
{ "type": "Feature", "properties": { "id": null, "Name": "ALD-3-4/4-4-4", "description": null, "timestamp": null, "begin": null, "end": null, "altitudeMode": null, "tessellate": -1, "extrude": 0, "visibility": 0, "drawOrder": null, "icon": null, "Folder": "ALD-3-4 / ALD FSP 0-12-4" }, "geometry": { "type": "Point", "coordinates": [ -106.523212085996207, 31.770226064455962, 0.0 ] } },
{ "type": "Feature", "properties": { "id": null, "Name": "ALD-3-4/4-5-5", "description": null, "timestamp": null, "begin": null, "end": null, "altitudeMode": null, "tessellate": -1, "extrude": 0, "visibility": 0, "drawOrder": null, "icon": null, "Folder": "ALD-3-4 / ALD FSP 0-12-4" }, "geometry": { "type": "Point", "coordinates": [ -106.5219149173912, 31.770836100063931, 0.0 ] } },
{ "type": "Feature", "properties": { "id": null, "Name": "ALD-3-4/4-6-6", "description": null, "timestamp": null, "begin": null, "end": null, "altitudeMode": null, "tessellate": -1, "extrude": 0, "visibility": 0, "drawOrder": null, "icon": null, "Folder": "ALD-3-4 / ALD FSP 0-12-4" }, "geometry": { "type": "Point", "coordinates": [ -106.523365, 31.77181, 0.0 ] } },
{ "type": "Feature", "properties": { "id": null, "Name": "ALD-3-4/4-7-7", "description": null, "timestamp": null, "begin": null, "end": null, "altitudeMode": null, "tessellate": -1, "extrude": 0, "visibility": 0, "drawOrder": null, "icon": null, "Folder": "ALD-3-4 / ALD FSP 0-12-4" }, "geometry": { "type": "Point", "coordinates": [ -106.520968, 31.771018811552349, 0.0 ] } },
{ "type": "Feature", "properties": { "id": null, "Name": "ALD-3-4/4-8-8", "description": null, "timestamp": null, "begin": null, "end": null, "altitudeMode": null, "tessellate": -1, "extrude": 0, "visibility": 0, "drawOrder": null, "icon": null, "Folder": "ALD-3-4 / ALD FSP 0-12-4" }, "geometry": { "type": "Point", "coordinates": [ -106.520778156664605, 31.769767194662691, 0.0 ] } },
{ "type": "Feature", "properties": { "id": null, "Name": "ALD-3-5/5-1-1", "description": null, "timestamp": null, "begin": null, "end": null, "altitudeMode": null, "tessellate": -1, "extrude": 0, "visibility": 0, "drawOrder": null, "icon": null, "Folder": "ALD-3-5/5 / ALD FSP 0-12-5" }, "geometry": { "type": "Point", "coordinates": [ -106.527607, 31.762505, 0.0 ] } },
{ "type": "Feature", "properties": { "id": null, "Name": "ALD-3-5/5-2-2", "description": null, "timestamp": null, "begin": null, "end": null, "altitudeMode": null, "tessellate": -1, "extrude": 0, "visibility": 0, "drawOrder": null, "icon": null, "Folder": "ALD-3-5/5 / ALD FSP 0-12-5" }, "geometry": { "type": "Point", "coordinates": [ -106.528825, 31.761471027168181, 0.0 ] } },
{ "type": "Feature", "properties": { "id": null, "Name": "ALD-3-5/5-3-3", "description": null, "timestamp": null, "begin": null, "end": null, "altitudeMode": null, "tessellate": -1, "extrude": 0, "visibility": 0, "drawOrder": null, "icon": null, "Folder": "ALD-3-5/5 / ALD FSP 0-12-5" }, "geometry": { "type": "Point", "coordinates": [ -106.529655747938094, 31.761912087747479, 0.0 ] } },
{ "type": "Feature", "properties": { "id": null, "Name": "ALD-3-5/5-4-4", "description": null, "timestamp": null, "begin": null, "end": null, "altitudeMode": null, "tessellate": -1, "extrude": 0, "visibility": 0, "drawOrder": null, "icon": null, "Folder": "ALD-3-5/5 / ALD FSP 0-12-5" }, "geometry": { "type": "Point", "coordinates": [ -106.529676, 31.761217, 0.0 ] } },
{ "type": "Feature", "properties": { "id": null, "Name": "ALD-3-5/5-5-5", "description": null, "timestamp": null, "begin": null, "end": null, "altitudeMode": null, "tessellate": -1, "extrude": 0, "visibility": 0, "drawOrder": null, "icon": null, "Folder": "ALD-3-5/5 / ALD FSP 0-12-5" }, "geometry": { "type": "Point", "coordinates": [ -106.530006, 31.760408, 0.0 ] } },
{ "type": "Feature", "properties": { "id": null, "Name": "ALD-3-5/5-6-6", "description": null, "timestamp": null, "begin": null, "end": null, "altitudeMode": null, "tessellate": -1, "extrude": 0, "visibility": 0, "drawOrder": null, "icon": null, "Folder": "ALD-3-5/5 / ALD FSP 0-12-5" }, "geometry": { "type": "Point", "coordinates": [ -106.529062, 31.759844, 0.0 ] } },
{ "type": "Feature", "properties": { "id": null, "Name": "ALD-3-5/5-7-7/1", "description": null, "timestamp": null, "begin": null, "end": null, "altitudeMode": null, "tessellate": -1, "extrude": 0, "visibility": 0, "drawOrder": null, "icon": null, "Folder": "ALD-3-5/5 / ALD FSP 0-12-5" }, "geometry": { "type": "Point", "coordinates": [ -106.527623, 31.760935, 0.0 ] } },
{ "type": "Feature", "properties": { "id": null, "Name": "ALD-3-5/5-8-8/2", "description": null, "timestamp": null, "begin": null, "end": null, "altitudeMode": null, "tessellate": -1, "extrude": 0, "visibility": 0, "drawOrder": null, "icon": null, "Folder": "ALD-3-5/5 / ALD FSP 0-12-5" }, "geometry": { "type": "Point", "coordinates": [ -106.528544, 31.760464, 0.0 ] } },
{ "type": "Feature", "properties": { "id": null, "Name": "ALD-3-6/6-1-1", "description": null, "timestamp": null, "begin": null, "end": null, "altitudeMode": null, "tessellate": -1, "extrude": 0, "visibility": 0, "drawOrder": null, "icon": null, "Folder": "ALD-3-6/6 / ALD FSP 0-12-6" }, "geometry": { "type": "Point", "coordinates": [ -106.527338, 31.758981112965291, 0.0 ] } },
{ "type": "Feature", "properties": { "id": null, "Name": "ALD-3-6/6-2-2", "description": null, "timestamp": null, "begin": null, "end": null, "altitudeMode": null, "tessellate": -1, "extrude": 0, "visibility": 0, "drawOrder": null, "icon": null, "Folder": "ALD-3-6/6 / ALD FSP 0-12-6" }, "geometry": { "type": "Point", "coordinates": [ -106.528792, 31.758846, 0.0 ] } },
{ "type": "Feature", "properties": { "id": null, "Name": "ALD-3-6/6-3-3", "description": null, "timestamp": null, "begin": null, "end": null, "altitudeMode": null, "tessellate": -1, "extrude": 0, "visibility": 0, "drawOrder": null, "icon": null, "Folder": "ALD-3-6/6 / ALD FSP 0-12-6" }, "geometry": { "type": "Point", "coordinates": [ -106.529907, 31.759239, 0.0 ] } },
{ "type": "Feature", "properties": { "id": null, "Name": "ALD-3-6/6-4-4", "description": null, "timestamp": null, "begin": null, "end": null, "altitudeMode": null, "tessellate": -1, "extrude": 0, "visibility": 0, "drawOrder": null, "icon": null, "Folder": "ALD-3-6/6 / ALD FSP 0-12-6" }, "geometry": { "type": "Point", "coordinates": [ -106.531324, 31.758681, 0.0 ] } },
{ "type": "Feature", "properties": { "id": null, "Name": "ALD-3-6/6-5-5", "description": null, "timestamp": null, "begin": null, "end": null, "altitudeMode": null, "tessellate": -1, "extrude": 0, "visibility": 0, "drawOrder": null, "icon": null, "Folder": "ALD-3-6/6 / ALD FSP 0-12-6" }, "geometry": { "type": "Point", "coordinates": [ -106.532565, 31.758395, 0.0 ] } },
{ "type": "Feature", "properties": { "id": null, "Name": "ALD-3-6/6-6-6", "description": null, "timestamp": null, "begin": null, "end": null, "altitudeMode": null, "tessellate": -1, "extrude": 0, "visibility": 0, "drawOrder": null, "icon": null, "Folder": "ALD-3-6/6 / ALD FSP 0-12-6" }, "geometry": { "type": "Point", "coordinates": [ -106.533911, 31.758703671715189, 0.0 ] } },
{ "type": "Feature", "properties": { "id": null, "Name": "ALD-3-6/6-7-7", "description": null, "timestamp": null, "begin": null, "end": null, "altitudeMode": null, "tessellate": -1, "extrude": 0, "visibility": 0, "drawOrder": null, "icon": null, "Folder": "ALD-3-6/6 / ALD FSP 0-12-6" }, "geometry": { "type": "Point", "coordinates": [ -106.533946, 31.759551, 0.0 ] } },
{ "type": "Feature", "properties": { "id": null, "Name": "ALD-3-6/6-8-8", "description": null, "timestamp": null, "begin": null, "end": null, "altitudeMode": null, "tessellate": -1, "extrude": 0, "visibility": 0, "drawOrder": null, "icon": null, "Folder": "ALD-3-6/6 / ALD FSP 0-12-6" }, "geometry": { "type": "Point", "coordinates": [ -106.532564, 31.759613, 0.0 ] } },
{ "type": "Feature", "properties": { "id": null, "Name": "ALD-3-25/1-1-1", "description": null, "timestamp": null, "begin": null, "end": null, "altitudeMode": null, "tessellate": -1, "extrude": 0, "visibility": 0, "drawOrder": null, "icon": null, "Folder": "ALD-3-25/1 / ALD FSP 0-13-1" }, "geometry": { "type": "Point", "coordinates": [ -106.539897, 31.769528, 0.0 ] } },
{ "type": "Feature", "properties": { "id": null, "Name": "ALD-3-25/1-2-2", "description": null, "timestamp": null, "begin": null, "end": null, "altitudeMode": null, "tessellate": -1, "extrude": 0, "visibility": 0, "drawOrder": null, "icon": null, "Folder": "ALD-3-25/1 / ALD FSP 0-13-1" }, "geometry": { "type": "Point", "coordinates": [ -106.541883030295494, 31.76998069042865, 0.0 ] } },
{ "type": "Feature", "properties": { "id": null, "Name": "ALD-3-25/1-3-3", "description": null, "timestamp": null, "begin": null, "end": null, "altitudeMode": null, "tessellate": -1, "extrude": 0, "visibility": 0, "drawOrder": null, "icon": null, "Folder": "ALD-3-25/1 / ALD FSP 0-13-1" }, "geometry": { "type": "Point", "coordinates": [ -106.541826, 31.770615, 0.0 ] } },
{ "type": "Feature", "properties": { "id": null, "Name": "ALD-3-25/1-4-4", "description": null, "timestamp": null, "begin": null, "end": null, "altitudeMode": null, "tessellate": -1, "extrude": 0, "visibility": 0, "drawOrder": null, "icon": null, "Folder": "ALD-3-25/1 / ALD FSP 0-13-1" }, "geometry": { "type": "Point", "coordinates": [ -106.541531607098406, 31.77146529094464, 0.0 ] } },
{ "type": "Feature", "properties": { "id": null, "Name": "ALD-3-25/1-5-5", "description": null, "timestamp": null, "begin": null, "end": null, "altitudeMode": null, "tessellate": -1, "extrude": 0, "visibility": 0, "drawOrder": null, "icon": null, "Folder": "ALD-3-25/1 / ALD FSP 0-13-1" }, "geometry": { "type": "Point", "coordinates": [ -106.542233, 31.77226048162257, 0.0 ] } },
{ "type": "Feature", "properties": { "id": null, "Name": "ALD-3-25/1-6-6/1", "description": null, "timestamp": null, "begin": null, "end": null, "altitudeMode": null, "tessellate": -1, "extrude": 0, "visibility": 0, "drawOrder": null, "icon": null, "Folder": "ALD-3-25/1 / ALD FSP 0-13-1" }, "geometry": { "type": "Point", "coordinates": [ -106.543033, 31.770167, 0.0 ] } },
{ "type": "Feature", "properties": { "id": null, "Name": "ALD-3-25/1-7-7/2", "description": null, "timestamp": null, "begin": null, "end": null, "altitudeMode": null, "tessellate": -1, "extrude": 0, "visibility": 0, "drawOrder": null, "icon": null, "Folder": "ALD-3-25/1 / ALD FSP 0-13-1" }, "geometry": { "type": "Point", "coordinates": [ -106.544065, 31.770669, 0.0 ] } },
{ "type": "Feature", "properties": { "id": null, "Name": "ALD-3-25/1-8-8/3", "description": null, "timestamp": null, "begin": null, "end": null, "altitudeMode": null, "tessellate": -1, "extrude": 0, "visibility": 0, "drawOrder": null, "icon": null, "Folder": "ALD-3-25/1 / ALD FSP 0-13-1" }, "geometry": { "type": "Point", "coordinates": [ -106.544395, 31.77146752262508, 0.0 ] } },
{ "type": "Feature", "properties": { "id": null, "Name": "ALD-3-26/2-1-1", "description": null, "timestamp": null, "begin": null, "end": null, "altitudeMode": null, "tessellate": -1, "extrude": 0, "visibility": 0, "drawOrder": null, "icon": null, "Folder": "ALD-3-26/2 / ALD FSP 0-13-2" }, "geometry": { "type": "Point", "coordinates": [ -106.54547, 31.77067, 0.0 ] } },
{ "type": "Feature", "properties": { "id": null, "Name": "ALD-3-26/2-2-2", "description": null, "timestamp": null, "begin": null, "end": null, "altitudeMode": null, "tessellate": -1, "extrude": 0, "visibility": 0, "drawOrder": null, "icon": null, "Folder": "ALD-3-26/2 / ALD FSP 0-13-2" }, "geometry": { "type": "Point", "coordinates": [ -106.546869396724006, 31.771031563182682, 0.0 ] } },
{ "type": "Feature", "properties": { "id": null, "Name": "ALD-3-26/2-3-3", "description": null, "timestamp": null, "begin": null, "end": null, "altitudeMode": null, "tessellate": -1, "extrude": 0, "visibility": 0, "drawOrder": null, "icon": null, "Folder": "ALD-3-26/2 / ALD FSP 0-13-2" }, "geometry": { "type": "Point", "coordinates": [ -106.547737, 31.769884, 0.0 ] } },
{ "type": "Feature", "properties": { "id": null, "Name": "ALD-3-26/2-4-4", "description": null, "timestamp": null, "begin": null, "end": null, "altitudeMode": null, "tessellate": -1, "extrude": 0, "visibility": 0, "drawOrder": null, "icon": null, "Folder": "ALD-3-26/2 / ALD FSP 0-13-2" }, "geometry": { "type": "Point", "coordinates": [ -106.548751, 31.768645, 0.0 ] } },
{ "type": "Feature", "properties": { "id": null, "Name": "ALD-3-26/2-5-5", "description": null, "timestamp": null, "begin": null, "end": null, "altitudeMode": null, "tessellate": -1, "extrude": 0, "visibility": 0, "drawOrder": null, "icon": null, "Folder": "ALD-3-26/2 / ALD FSP 0-13-2" }, "geometry": { "type": "Point", "coordinates": [ -106.549516803753903, 31.767688795339659, 0.0 ] } },
{ "type": "Feature", "properties": { "id": null, "Name": "ALD-3-26/2-6-6", "description": null, "timestamp": null, "begin": null, "end": null, "altitudeMode": null, "tessellate": -1, "extrude": 0, "visibility": 0, "drawOrder": null, "icon": null, "Folder": "ALD-3-26/2 / ALD FSP 0-13-2" }, "geometry": { "type": "Point", "coordinates": [ -106.549838494442994, 31.767351116402281, 0.0 ] } },
{ "type": "Feature", "properties": { "id": null, "Name": "ALD-3-26/2-7-7", "description": null, "timestamp": null, "begin": null, "end": null, "altitudeMode": null, "tessellate": -1, "extrude": 0, "visibility": 0, "drawOrder": null, "icon": null, "Folder": "ALD-3-26/2 / ALD FSP 0-13-2" }, "geometry": { "type": "Point", "coordinates": [ -106.550139370574698, 31.76703173135817, 0.0 ] } },
{ "type": "Feature", "properties": { "id": null, "Name": "ALD-3-26/2-8-8", "description": null, "timestamp": null, "begin": null, "end": null, "altitudeMode": null, "tessellate": -1, "extrude": 0, "visibility": 0, "drawOrder": null, "icon": null, "Folder": "ALD-3-26/2 / ALD FSP 0-13-2" }, "geometry": { "type": "Point", "coordinates": [ -106.551332900251793, 31.765790388476269, 0.0 ] } },
{ "type": "Feature", "properties": { "id": null, "Name": "ALD-3-29/5-1-1", "description": null, "timestamp": null, "begin": null, "end": null, "altitudeMode": null, "tessellate": -1, "extrude": 0, "visibility": 0, "drawOrder": null, "icon": null, "Folder": "ALD-3-29/5 / ALD FSP 0-13-3" }, "geometry": { "type": "Point", "coordinates": [ -106.551905, 31.772242, 0.0 ] } },
{ "type": "Feature", "properties": { "id": null, "Name": "ALD-3-29/5-2-2", "description": null, "timestamp": null, "begin": null, "end": null, "altitudeMode": null, "tessellate": -1, "extrude": 0, "visibility": 0, "drawOrder": null, "icon": null, "Folder": "ALD-3-29/5 / ALD FSP 0-13-3" }, "geometry": { "type": "Point", "coordinates": [ -106.553126495045504, 31.77266030752271, 0.0 ] } },
{ "type": "Feature", "properties": { "id": null, "Name": "ALD-3-29/5-3-3", "description": null, "timestamp": null, "begin": null, "end": null, "altitudeMode": null, "tessellate": -1, "extrude": 0, "visibility": 0, "drawOrder": null, "icon": null, "Folder": "ALD-3-29/5 / ALD FSP 0-13-3" }, "geometry": { "type": "Point", "coordinates": [ -106.552831213876999, 31.771419058808409, 0.0 ] } },
{ "type": "Feature", "properties": { "id": null, "Name": "ALD-3-29/5-4-4", "description": null, "timestamp": null, "begin": null, "end": null, "altitudeMode": null, "tessellate": -1, "extrude": 0, "visibility": 0, "drawOrder": null, "icon": null, "Folder": "ALD-3-29/5 / ALD FSP 0-13-3" }, "geometry": { "type": "Point", "coordinates": [ -106.553025, 31.770352, 0.0 ] } },
{ "type": "Feature", "properties": { "id": null, "Name": "ALD-3-29/5-5-5", "description": null, "timestamp": null, "begin": null, "end": null, "altitudeMode": null, "tessellate": -1, "extrude": 0, "visibility": 0, "drawOrder": null, "icon": null, "Folder": "ALD-3-29/5 / ALD FSP 0-13-3" }, "geometry": { "type": "Point", "coordinates": [ -106.554447, 31.770831, 0.0 ] } },
{ "type": "Feature", "properties": { "id": null, "Name": "ALD-3-29/5-6-6", "description": null, "timestamp": null, "begin": null, "end": null, "altitudeMode": null, "tessellate": -1, "extrude": 0, "visibility": 0, "drawOrder": null, "icon": null, "Folder": "ALD-3-29/5 / ALD FSP 0-13-3" }, "geometry": { "type": "Point", "coordinates": [ -106.55514, 31.769948, 0.0 ] } },
{ "type": "Feature", "properties": { "id": null, "Name": "ALD-3-29/5-7-7", "description": null, "timestamp": null, "begin": null, "end": null, "altitudeMode": null, "tessellate": -1, "extrude": 0, "visibility": 0, "drawOrder": null, "icon": null, "Folder": "ALD-3-29/5 / ALD FSP 0-13-3" }, "geometry": { "type": "Point", "coordinates": [ -106.555533928553501, 31.769500758211841, 0.0 ] } },
{ "type": "Feature", "properties": { "id": null, "Name": "ALD-3-29/5-8-8", "description": null, "timestamp": null, "begin": null, "end": null, "altitudeMode": null, "tessellate": -1, "extrude": 0, "visibility": 0, "drawOrder": null, "icon": null, "Folder": "ALD-3-29/5 / ALD FSP 0-13-3" }, "geometry": { "type": "Point", "coordinates": [ -106.555874451640094, 31.769027524652142, 0.0 ] } },
{ "type": "Feature", "properties": { "id": null, "Name": "ALD-3-28/4-1-1", "description": null, "timestamp": null, "begin": null, "end": null, "altitudeMode": null, "tessellate": -1, "extrude": 0, "visibility": 0, "drawOrder": null, "icon": null, "Folder": "ALD-3-28/4 / ALD FSP 0-13-4" }, "geometry": { "type": "Point", "coordinates": [ -106.549838, 31.772998, 0.0 ] } },
{ "type": "Feature", "properties": { "id": null, "Name": "ALD-3-28/4-2-2", "description": null, "timestamp": null, "begin": null, "end": null, "altitudeMode": null, "tessellate": -1, "extrude": 0, "visibility": 0, "drawOrder": null, "icon": null, "Folder": "ALD-3-28/4 / ALD FSP 0-13-4" }, "geometry": { "type": "Point", "coordinates": [ -106.550488, 31.772079061710379, 0.0 ] } },
{ "type": "Feature", "properties": { "id": null, "Name": "ALD-3-28/4-3-3", "description": null, "timestamp": null, "begin": null, "end": null, "altitudeMode": null, "tessellate": -1, "extrude": 0, "visibility": 0, "drawOrder": null, "icon": null, "Folder": "ALD-3-28/4 / ALD FSP 0-13-4" }, "geometry": { "type": "Point", "coordinates": [ -106.551366, 31.770914, 0.0 ] } },
{ "type": "Feature", "properties": { "id": null, "Name": "ALD-3-28/4-4-4", "description": null, "timestamp": null, "begin": null, "end": null, "altitudeMode": null, "tessellate": -1, "extrude": 0, "visibility": 0, "drawOrder": null, "icon": null, "Folder": "ALD-3-28/4 / ALD FSP 0-13-4" }, "geometry": { "type": "Point", "coordinates": [ -106.552397, 31.769449, 0.0 ] } },
{ "type": "Feature", "properties": { "id": null, "Name": "ALD-3-28/4-5-5", "description": null, "timestamp": null, "begin": null, "end": null, "altitudeMode": null, "tessellate": -1, "extrude": 0, "visibility": 0, "drawOrder": null, "icon": null, "Folder": "ALD-3-28/4 / ALD FSP 0-13-4" }, "geometry": { "type": "Point", "coordinates": [ -106.553525, 31.768091, 0.0 ] } },
{ "type": "Feature", "properties": { "id": null, "Name": "ALD-3-28/4-6-6", "description": null, "timestamp": null, "begin": null, "end": null, "altitudeMode": null, "tessellate": -1, "extrude": 0, "visibility": 0, "drawOrder": null, "icon": null, "Folder": "ALD-3-28/4 / ALD FSP 0-13-4" }, "geometry": { "type": "Point", "coordinates": [ -106.553415, 31.767181, 0.0 ] } },
{ "type": "Feature", "properties": { "id": null, "Name": "ALD-3-28/4-7-7", "description": null, "timestamp": null, "begin": null, "end": null, "altitudeMode": null, "tessellate": -1, "extrude": 0, "visibility": 0, "drawOrder": null, "icon": null, "Folder": "ALD-3-28/4 / ALD FSP 0-13-4" }, "geometry": { "type": "Point", "coordinates": [ -106.552211609963905, 31.767277581236911, 0.0 ] } },
{ "type": "Feature", "properties": { "id": null, "Name": "ALD-3-28/4-8-8", "description": null, "timestamp": null, "begin": null, "end": null, "altitudeMode": null, "tessellate": -1, "extrude": 0, "visibility": 0, "drawOrder": null, "icon": null, "Folder": "ALD-3-28/4 / ALD FSP 0-13-4" }, "geometry": { "type": "Point", "coordinates": [ -106.551114, 31.768517, 0.0 ] } },
{ "type": "Feature", "properties": { "id": null, "Name": "ALD-3-27/3-1-1", "description": null, "timestamp": null, "begin": null, "end": null, "altitudeMode": null, "tessellate": -1, "extrude": 0, "visibility": 0, "drawOrder": null, "icon": null, "Folder": "ALD-3-27/3 / ALD FSP 0-13-5" }, "geometry": { "type": "Point", "coordinates": [ -106.546177, 31.771951, 0.0 ] } },
{ "type": "Feature", "properties": { "id": null, "Name": "ALD-3-27/3-2-2", "description": null, "timestamp": null, "begin": null, "end": null, "altitudeMode": null, "tessellate": -1, "extrude": 0, "visibility": 0, "drawOrder": null, "icon": null, "Folder": "ALD-3-27/3 / ALD FSP 0-13-5" }, "geometry": { "type": "Point", "coordinates": [ -106.547552178939497, 31.771823669402391, 0.0 ] } },
{ "type": "Feature", "properties": { "id": null, "Name": "ALD-3-27/3-3-3", "description": null, "timestamp": null, "begin": null, "end": null, "altitudeMode": null, "tessellate": -1, "extrude": 0, "visibility": 0, "drawOrder": null, "icon": null, "Folder": "ALD-3-27/3 / ALD FSP 0-13-5" }, "geometry": { "type": "Point", "coordinates": [ -106.548461058726502, 31.771499334991152, 0.0 ] } },
{ "type": "Feature", "properties": { "id": null, "Name": "ALD-3-27/3-4-4", "description": null, "timestamp": null, "begin": null, "end": null, "altitudeMode": null, "tessellate": -1, "extrude": 0, "visibility": 0, "drawOrder": null, "icon": null, "Folder": "ALD-3-27/3 / ALD FSP 0-13-5" }, "geometry": { "type": "Point", "coordinates": [ -106.549867, 31.770932, 0.0 ] } },
{ "type": "Feature", "properties": { "id": null, "Name": "ALD-3-27/3-5-5", "description": null, "timestamp": null, "begin": null, "end": null, "altitudeMode": null, "tessellate": -1, "extrude": 0, "visibility": 0, "drawOrder": null, "icon": null, "Folder": "ALD-3-27/3 / ALD FSP 0-13-5" }, "geometry": { "type": "Point", "coordinates": [ -106.550292, 31.770244, 0.0 ] } },
{ "type": "Feature", "properties": { "id": null, "Name": "ALD-3-27/3-6-6", "description": null, "timestamp": null, "begin": null, "end": null, "altitudeMode": null, "tessellate": -1, "extrude": 0, "visibility": 0, "drawOrder": null, "icon": null, "Folder": "ALD-3-27/3 / ALD FSP 0-13-5" }, "geometry": { "type": "Point", "coordinates": [ -106.549796605886101, 31.768978157392741, 0.0 ] } },
{ "type": "Feature", "properties": { "id": null, "Name": "ALD-3-27/3-7-7", "description": null, "timestamp": null, "begin": null, "end": null, "altitudeMode": null, "tessellate": -1, "extrude": 0, "visibility": 0, "drawOrder": null, "icon": null, "Folder": "ALD-3-27/3 / ALD FSP 0-13-5" }, "geometry": { "type": "Point", "coordinates": [ -106.551792979476303, 31.76678607670836, 0.0 ] } },
{ "type": "Feature", "properties": { "id": null, "Name": "ALD-3-27/3-8-8", "description": null, "timestamp": null, "begin": null, "end": null, "altitudeMode": null, "tessellate": -1, "extrude": 0, "visibility": 0, "drawOrder": null, "icon": null, "Folder": "ALD-3-27/3 / ALD FSP 0-13-5" }, "geometry": { "type": "Point", "coordinates": [ -106.553997, 31.765388, 0.0 ] } },
{ "type": "Feature", "properties": { "id": null, "Name": "ALD-3-31/7-1-1", "description": null, "timestamp": null, "begin": null, "end": null, "altitudeMode": null, "tessellate": -1, "extrude": 0, "visibility": 0, "drawOrder": null, "icon": null, "Folder": "ALD-3-31/7 / ALD FSP 0-13-7" }, "geometry": { "type": "Point", "coordinates": [ -106.558005749303504, 31.770192193088679, 0.0 ] } },
{ "type": "Feature", "properties": { "id": null, "Name": "ALD-3-31/7-2-2", "description": null, "timestamp": null, "begin": null, "end": null, "altitudeMode": null, "tessellate": -1, "extrude": 0, "visibility": 0, "drawOrder": null, "icon": null, "Folder": "ALD-3-31/7 / ALD FSP 0-13-7" }, "geometry": { "type": "Point", "coordinates": [ -106.557836108813206, 31.770780610193579, 0.0 ] } },
{ "type": "Feature", "properties": { "id": null, "Name": "ALD-3-31/7-3-3", "description": null, "timestamp": null, "begin": null, "end": null, "altitudeMode": null, "tessellate": -1, "extrude": 0, "visibility": 0, "drawOrder": null, "icon": null, "Folder": "ALD-3-31/7 / ALD FSP 0-13-7" }, "geometry": { "type": "Point", "coordinates": [ -106.558997, 31.771388824720599, 0.0 ] } },
{ "type": "Feature", "properties": { "id": null, "Name": "ALD-3-31/7-4-4", "description": null, "timestamp": null, "begin": null, "end": null, "altitudeMode": null, "tessellate": -1, "extrude": 0, "visibility": 0, "drawOrder": null, "icon": null, "Folder": "ALD-3-31/7 / ALD FSP 0-13-7" }, "geometry": { "type": "Point", "coordinates": [ -106.560052532593005, 31.771980283909741, 0.0 ] } },
{ "type": "Feature", "properties": { "id": null, "Name": "ALD-3-31/7-5-5", "description": null, "timestamp": null, "begin": null, "end": null, "altitudeMode": null, "tessellate": -1, "extrude": 0, "visibility": 0, "drawOrder": null, "icon": null, "Folder": "ALD-3-31/7 / ALD FSP 0-13-7" }, "geometry": { "type": "Point", "coordinates": [ -106.561161, 31.772616, 0.0 ] } },
{ "type": "Feature", "properties": { "id": null, "Name": "ALD-3-31/7-6-6", "description": null, "timestamp": null, "begin": null, "end": null, "altitudeMode": null, "tessellate": -1, "extrude": 0, "visibility": 0, "drawOrder": null, "icon": null, "Folder": "ALD-3-31/7 / ALD FSP 0-13-7" }, "geometry": { "type": "Point", "coordinates": [ -106.561863187987001, 31.771651387619158, 0.0 ] } },
{ "type": "Feature", "properties": { "id": null, "Name": "ALD-3-31/7-7-7", "description": null, "timestamp": null, "begin": null, "end": null, "altitudeMode": null, "tessellate": -1, "extrude": 0, "visibility": 0, "drawOrder": null, "icon": null, "Folder": "ALD-3-31/7 / ALD FSP 0-13-7" }, "geometry": { "type": "Point", "coordinates": [ -106.563763, 31.772846, 0.0 ] } },
{ "type": "Feature", "properties": { "id": null, "Name": "ALD-3-31/7-8-8", "description": null, "timestamp": null, "begin": null, "end": null, "altitudeMode": null, "tessellate": -1, "extrude": 0, "visibility": 0, "drawOrder": null, "icon": null, "Folder": "ALD-3-31/7 / ALD FSP 0-13-7" }, "geometry": { "type": "Point", "coordinates": [ -106.564957, 31.773508, 0.0 ] } },
{ "type": "Feature", "properties": { "id": null, "Name": "ALD-3-49/1-1-1", "description": null, "timestamp": null, "begin": null, "end": null, "altitudeMode": null, "tessellate": -1, "extrude": 0, "visibility": 0, "drawOrder": null, "icon": null, "Folder": "ALD-3-49/1 / ALD FSP 0-13-10" }, "geometry": { "type": "Point", "coordinates": [ -106.552492, 31.773867791044491, 0.0 ] } },
{ "type": "Feature", "properties": { "id": null, "Name": "ALD-3-49/1-2-2", "description": null, "timestamp": null, "begin": null, "end": null, "altitudeMode": null, "tessellate": -1, "extrude": 0, "visibility": 0, "drawOrder": null, "icon": null, "Folder": "ALD-3-49/1 / ALD FSP 0-13-10" }, "geometry": { "type": "Point", "coordinates": [ -106.553966239167707, 31.77362429269353, 0.0 ] } },
{ "type": "Feature", "properties": { "id": null, "Name": "ALD-3-49/1-3-3", "description": null, "timestamp": null, "begin": null, "end": null, "altitudeMode": null, "tessellate": -1, "extrude": 0, "visibility": 0, "drawOrder": null, "icon": null, "Folder": "ALD-3-49/1 / ALD FSP 0-13-10" }, "geometry": { "type": "Point", "coordinates": [ -106.555143, 31.772004, 0.0 ] } },
{ "type": "Feature", "properties": { "id": null, "Name": "ALD-3-49/1-4-4", "description": null, "timestamp": null, "begin": null, "end": null, "altitudeMode": null, "tessellate": -1, "extrude": 0, "visibility": 0, "drawOrder": null, "icon": null, "Folder": "ALD-3-49/1 / ALD FSP 0-13-10" }, "geometry": { "type": "Point", "coordinates": [ -106.555948988028405, 31.77095703248871, 0.0 ] } },
{ "type": "Feature", "properties": { "id": null, "Name": "ALD-3-49/1-5-5", "description": null, "timestamp": null, "begin": null, "end": null, "altitudeMode": null, "tessellate": -1, "extrude": 0, "visibility": 0, "drawOrder": null, "icon": null, "Folder": "ALD-3-49/1 / ALD FSP 0-13-10" }, "geometry": { "type": "Point", "coordinates": [ -106.5563009769525, 31.770537781606691, 0.0 ] } },
{ "type": "Feature", "properties": { "id": null, "Name": "ALD-3-49/1-6-6", "description": null, "timestamp": null, "begin": null, "end": null, "altitudeMode": null, "tessellate": -1, "extrude": 0, "visibility": 0, "drawOrder": null, "icon": null, "Folder": "ALD-3-49/1 / ALD FSP 0-13-10" }, "geometry": { "type": "Point", "coordinates": [ -106.557387, 31.769180429501901, 0.0 ] } },
{ "type": "Feature", "properties": { "id": null, "Name": "ALD-3-49/1-7-7", "description": null, "timestamp": null, "begin": null, "end": null, "altitudeMode": null, "tessellate": -1, "extrude": 0, "visibility": 0, "drawOrder": null, "icon": null, "Folder": "ALD-3-49/1 / ALD FSP 0-13-10" }, "geometry": { "type": "Point", "coordinates": [ -106.559029, 31.770108, 0.0 ] } },
{ "type": "Feature", "properties": { "id": null, "Name": "ALD-3-49/1-8-8", "description": null, "timestamp": null, "begin": null, "end": null, "altitudeMode": null, "tessellate": -1, "extrude": 0, "visibility": 0, "drawOrder": null, "icon": null, "Folder": "ALD-3-49/1 / ALD FSP 0-13-10" }, "geometry": { "type": "Point", "coordinates": [ -106.56051, 31.770901, 0.0 ] } },
{ "type": "Feature", "properties": { "id": null, "Name": "ALD-3-50/2-1-1", "description": null, "timestamp": null, "begin": null, "end": null, "altitudeMode": null, "tessellate": -1, "extrude": 0, "visibility": 0, "drawOrder": null, "icon": null, "Folder": "ALD-3-50/2 / ALD FSP 0-13-11" }, "geometry": { "type": "Point", "coordinates": [ -106.556530837557602, 31.772129682197129, 0.0 ] } },
{ "type": "Feature", "properties": { "id": null, "Name": "ALD-3-50/2-2-2", "description": null, "timestamp": null, "begin": null, "end": null, "altitudeMode": null, "tessellate": -1, "extrude": 0, "visibility": 0, "drawOrder": null, "icon": null, "Folder": "ALD-3-50/2 / ALD FSP 0-13-11" }, "geometry": { "type": "Point", "coordinates": [ -106.5535465928333, 31.77698298292087, 0.0 ] } },
{ "type": "Feature", "properties": { "id": null, "Name": "ALD-3-50/2-3-3", "description": null, "timestamp": null, "begin": null, "end": null, "altitudeMode": null, "tessellate": -1, "extrude": 0, "visibility": 0, "drawOrder": null, "icon": null, "Folder": "ALD-3-50/2 / ALD FSP 0-13-11" }, "geometry": { "type": "Point", "coordinates": [ -106.554621, 31.776783, 0.0 ] } },
{ "type": "Feature", "properties": { "id": null, "Name": "ALD-3-50/2-4-4", "description": null, "timestamp": null, "begin": null, "end": null, "altitudeMode": null, "tessellate": -1, "extrude": 0, "visibility": 0, "drawOrder": null, "icon": null, "Folder": "ALD-3-50/2 / ALD FSP 0-13-11" }, "geometry": { "type": "Point", "coordinates": [ -106.555519, 31.775536, 0.0 ] } },
{ "type": "Feature", "properties": { "id": null, "Name": "ALD-3-50/2-5-5", "description": null, "timestamp": null, "begin": null, "end": null, "altitudeMode": null, "tessellate": -1, "extrude": 0, "visibility": 0, "drawOrder": null, "icon": null, "Folder": "ALD-3-50/2 / ALD FSP 0-13-11" }, "geometry": { "type": "Point", "coordinates": [ -106.556408, 31.774406, 0.0 ] } },
{ "type": "Feature", "properties": { "id": null, "Name": "ALD-3-50/2-6-6", "description": null, "timestamp": null, "begin": null, "end": null, "altitudeMode": null, "tessellate": -1, "extrude": 0, "visibility": 0, "drawOrder": null, "icon": null, "Folder": "ALD-3-50/2 / ALD FSP 0-13-11" }, "geometry": { "type": "Point", "coordinates": [ -106.55539, 31.773837, 0.0 ] } },
{ "type": "Feature", "properties": { "id": null, "Name": "ALD-3-50/2-7-7", "description": null, "timestamp": null, "begin": null, "end": null, "altitudeMode": null, "tessellate": -1, "extrude": 0, "visibility": 0, "drawOrder": null, "icon": null, "Folder": "ALD-3-50/2 / ALD FSP 0-13-11" }, "geometry": { "type": "Point", "coordinates": [ -106.55743, 31.773023, 0.0 ] } },
{ "type": "Feature", "properties": { "id": null, "Name": "ALD-3-50/2-8-8", "description": null, "timestamp": null, "begin": null, "end": null, "altitudeMode": null, "tessellate": -1, "extrude": 0, "visibility": 0, "drawOrder": null, "icon": null, "Folder": "ALD-3-50/2 / ALD FSP 0-13-11" }, "geometry": { "type": "Point", "coordinates": [ -106.558276, 31.771842, 0.0 ] } },
{ "type": "Feature", "properties": { "id": null, "Name": "ALD-3-51/3-1-1", "description": null, "timestamp": null, "begin": null, "end": null, "altitudeMode": null, "tessellate": -1, "extrude": 0, "visibility": 0, "drawOrder": null, "icon": null, "Folder": "ALD-3-51/3 / ALD FSP 0-13-12" }, "geometry": { "type": "Point", "coordinates": [ -106.556617, 31.776145, 0.0 ] } },
{ "type": "Feature", "properties": { "id": null, "Name": "ALD-3-51/3-2-2", "description": null, "timestamp": null, "begin": null, "end": null, "altitudeMode": null, "tessellate": -1, "extrude": 0, "visibility": 0, "drawOrder": null, "icon": null, "Folder": "ALD-3-51/3 / ALD FSP 0-13-12" }, "geometry": { "type": "Point", "coordinates": [ -106.556049, 31.776936, 0.0 ] } },
{ "type": "Feature", "properties": { "id": null, "Name": "ALD-3-51/3-3-3", "description": null, "timestamp": null, "begin": null, "end": null, "altitudeMode": null, "tessellate": -1, "extrude": 0, "visibility": 0, "drawOrder": null, "icon": null, "Folder": "ALD-3-51/3 / ALD FSP 0-13-12" }, "geometry": { "type": "Point", "coordinates": [ -106.555956, 31.778309, 0.0 ] } },
{ "type": "Feature", "properties": { "id": null, "Name": "ALD-3-51/3-4-4", "description": null, "timestamp": null, "begin": null, "end": null, "altitudeMode": null, "tessellate": -1, "extrude": 0, "visibility": 0, "drawOrder": null, "icon": null, "Folder": "ALD-3-51/3 / ALD FSP 0-13-12" }, "geometry": { "type": "Point", "coordinates": [ -106.557394, 31.777795, 0.0 ] } },
{ "type": "Feature", "properties": { "id": null, "Name": "ALD-3-51/3-5-5", "description": null, "timestamp": null, "begin": null, "end": null, "altitudeMode": null, "tessellate": -1, "extrude": 0, "visibility": 0, "drawOrder": null, "icon": null, "Folder": "ALD-3-51/3 / ALD FSP 0-13-12" }, "geometry": { "type": "Point", "coordinates": [ -106.558189, 31.77673, 0.0 ] } },
{ "type": "Feature", "properties": { "id": null, "Name": "ALD-3-51/3-6-6", "description": null, "timestamp": null, "begin": null, "end": null, "altitudeMode": null, "tessellate": -1, "extrude": 0, "visibility": 0, "drawOrder": null, "icon": null, "Folder": "ALD-3-51/3 / ALD FSP 0-13-12" }, "geometry": { "type": "Point", "coordinates": [ -106.558199, 31.775412780326441, 0.0 ] } },
{ "type": "Feature", "properties": { "id": null, "Name": "ALD-3-51/3-7-7", "description": null, "timestamp": null, "begin": null, "end": null, "altitudeMode": null, "tessellate": -1, "extrude": 0, "visibility": 0, "drawOrder": null, "icon": null, "Folder": "ALD-3-51/3 / ALD FSP 0-13-12" }, "geometry": { "type": "Point", "coordinates": [ -106.558124, 31.774097, 0.0 ] } },
{ "type": "Feature", "properties": { "id": null, "Name": "ALD-3-51/3-8-8", "description": null, "timestamp": null, "begin": null, "end": null, "altitudeMode": null, "tessellate": -1, "extrude": 0, "visibility": 0, "drawOrder": null, "icon": null, "Folder": "ALD-3-51/3 / ALD FSP 0-13-12" }, "geometry": { "type": "Point", "coordinates": [ -106.555863, 31.778237, 0.0 ] } },
{ "type": "Feature", "properties": { "id": null, "Name": "ALD-3-52/4-1-1", "description": null, "timestamp": null, "begin": null, "end": null, "altitudeMode": null, "tessellate": -1, "extrude": 0, "visibility": 0, "drawOrder": null, "icon": null, "Folder": "ALD-3-52/4 / ALD FSP 0-13-13" }, "geometry": { "type": "Point", "coordinates": [ -106.559152927316802, 31.777520950666709, 0.0 ] } },
{ "type": "Feature", "properties": { "id": null, "Name": "ALD-3-52/4-2-2", "description": null, "timestamp": null, "begin": null, "end": null, "altitudeMode": null, "tessellate": -1, "extrude": 0, "visibility": 0, "drawOrder": null, "icon": null, "Folder": "ALD-3-52/4 / ALD FSP 0-13-13" }, "geometry": { "type": "Point", "coordinates": [ -106.5600055656531, 31.77798860072966, 0.0 ] } },
{ "type": "Feature", "properties": { "id": null, "Name": "ALD-3-52/4-3-3", "description": null, "timestamp": null, "begin": null, "end": null, "altitudeMode": null, "tessellate": -1, "extrude": 0, "visibility": 0, "drawOrder": null, "icon": null, "Folder": "ALD-3-52/4 / ALD FSP 0-13-13" }, "geometry": { "type": "Point", "coordinates": [ -106.56081, 31.776851162438241, 0.0 ] } },
{ "type": "Feature", "properties": { "id": null, "Name": "ALD-3-52/4-4-4", "description": null, "timestamp": null, "begin": null, "end": null, "altitudeMode": null, "tessellate": -1, "extrude": 0, "visibility": 0, "drawOrder": null, "icon": null, "Folder": "ALD-3-52/4 / ALD FSP 0-13-13" }, "geometry": { "type": "Point", "coordinates": [ -106.561502180640304, 31.77593159415305, 0.0 ] } },
{ "type": "Feature", "properties": { "id": null, "Name": "ALD-3-52/4-5-5", "description": null, "timestamp": null, "begin": null, "end": null, "altitudeMode": null, "tessellate": -1, "extrude": 0, "visibility": 0, "drawOrder": null, "icon": null, "Folder": "ALD-3-52/4 / ALD FSP 0-13-13" }, "geometry": { "type": "Point", "coordinates": [ -106.560415, 31.775341, 0.0 ] } },
{ "type": "Feature", "properties": { "id": null, "Name": "ALD-3-52/4-6-6", "description": null, "timestamp": null, "begin": null, "end": null, "altitudeMode": null, "tessellate": -1, "extrude": 0, "visibility": 0, "drawOrder": null, "icon": null, "Folder": "ALD-3-52/4 / ALD FSP 0-13-13" }, "geometry": { "type": "Point", "coordinates": [ -106.561085948732, 31.774412211162289, 0.0 ] } },
{ "type": "Feature", "properties": { "id": null, "Name": "ALD-3-52/4-7-7", "description": null, "timestamp": null, "begin": null, "end": null, "altitudeMode": null, "tessellate": -1, "extrude": 0, "visibility": 0, "drawOrder": null, "icon": null, "Folder": "ALD-3-52/4 / ALD FSP 0-13-13" }, "geometry": { "type": "Point", "coordinates": [ -106.559668657908503, 31.77364478316219, 0.0 ] } },
{ "type": "Feature", "properties": { "id": null, "Name": "ALD-3-52/4-8-8", "description": null, "timestamp": null, "begin": null, "end": null, "altitudeMode": null, "tessellate": -1, "extrude": 0, "visibility": 0, "drawOrder": null, "icon": null, "Folder": "ALD-3-52/4 / ALD FSP 0-13-13" }, "geometry": { "type": "Point", "coordinates": [ -106.558368577288206, 31.77293904896575, 0.0 ] } },
{ "type": "Feature", "properties": { "id": null, "Name": "ALD-3-54/6-1-1", "description": null, "timestamp": null, "begin": null, "end": null, "altitudeMode": null, "tessellate": -1, "extrude": 0, "visibility": 0, "drawOrder": null, "icon": null, "Folder": "ALD-3-54/6 / ALD FSP 0-13-15" }, "geometry": { "type": "Point", "coordinates": [ -106.561860772147995, 31.782187509228581, 0.0 ] } },
{ "type": "Feature", "properties": { "id": null, "Name": "ALD-3-54/6-2-2", "description": null, "timestamp": null, "begin": null, "end": null, "altitudeMode": null, "tessellate": -1, "extrude": 0, "visibility": 0, "drawOrder": null, "icon": null, "Folder": "ALD-3-54/6 / ALD FSP 0-13-15" }, "geometry": { "type": "Point", "coordinates": [ -106.562436, 31.783128, 0.0 ] } },
{ "type": "Feature", "properties": { "id": null, "Name": "ALD-3-54/6-3-3", "description": null, "timestamp": null, "begin": null, "end": null, "altitudeMode": null, "tessellate": -1, "extrude": 0, "visibility": 0, "drawOrder": null, "icon": null, "Folder": "ALD-3-54/6 / ALD FSP 0-13-15" }, "geometry": { "type": "Point", "coordinates": [ -106.563416, 31.781744, 0.0 ] } },
{ "type": "Feature", "properties": { "id": null, "Name": "ALD-3-54/6-4-4/13", "description": null, "timestamp": null, "begin": null, "end": null, "altitudeMode": null, "tessellate": -1, "extrude": 0, "visibility": 0, "drawOrder": null, "icon": null, "Folder": "ALD-3-54/6 / ALD FSP 0-13-15" }, "geometry": { "type": "Point", "coordinates": [ -106.564414, 31.780154, 0.0 ] } },
{ "type": "Feature", "properties": { "id": null, "Name": "ALD-3-54/6-5-5", "description": null, "timestamp": null, "begin": null, "end": null, "altitudeMode": null, "tessellate": -1, "extrude": 0, "visibility": 0, "drawOrder": null, "icon": null, "Folder": "ALD-3-54/6 / ALD FSP 0-13-15" }, "geometry": { "type": "Point", "coordinates": [ -106.564742, 31.778976869464319, 0.0 ] } },
{ "type": "Feature", "properties": { "id": null, "Name": "ALD-3-54/6-6-6", "description": null, "timestamp": null, "begin": null, "end": null, "altitudeMode": null, "tessellate": -1, "extrude": 0, "visibility": 0, "drawOrder": null, "icon": null, "Folder": "ALD-3-54/6 / ALD FSP 0-13-15" }, "geometry": { "type": "Point", "coordinates": [ -106.5655166513192, 31.778107113779772, 0.0 ] } },
{ "type": "Feature", "properties": { "id": null, "Name": "ALD-3-54/6-7-7", "description": null, "timestamp": null, "begin": null, "end": null, "altitudeMode": null, "tessellate": -1, "extrude": 0, "visibility": 0, "drawOrder": null, "icon": null, "Folder": "ALD-3-54/6 / ALD FSP 0-13-15" }, "geometry": { "type": "Point", "coordinates": [ -106.567280058813097, 31.778539731997839, 0.0 ] } },
{ "type": "Feature", "properties": { "id": null, "Name": "ALD-3-54/6-8-8", "description": null, "timestamp": null, "begin": null, "end": null, "altitudeMode": null, "tessellate": -1, "extrude": 0, "visibility": 0, "drawOrder": null, "icon": null, "Folder": "ALD-3-54/6 / ALD FSP 0-13-15" }, "geometry": { "type": "Point", "coordinates": [ -106.568698, 31.779316, 0.0 ] } },
{ "type": "Feature", "properties": { "id": null, "Name": "ALD-3-55/7-1-1", "description": null, "timestamp": null, "begin": null, "end": null, "altitudeMode": null, "tessellate": -1, "extrude": 0, "visibility": 0, "drawOrder": null, "icon": null, "Folder": "ALD-3-55/7 / ALD FSP 0-14-1" }, "geometry": { "type": "Point", "coordinates": [ -106.562595, 31.779382, 0.0 ] } },
{ "type": "Feature", "properties": { "id": null, "Name": "ALD-3-55/7-2-2", "description": null, "timestamp": null, "begin": null, "end": null, "altitudeMode": null, "tessellate": -1, "extrude": 0, "visibility": 0, "drawOrder": null, "icon": null, "Folder": "ALD-3-55/7 / ALD FSP 0-14-1" }, "geometry": { "type": "Point", "coordinates": [ -106.561463, 31.778007, 0.0 ] } },
{ "type": "Feature", "properties": { "id": null, "Name": "ALD-3-55/7-3-3", "description": null, "timestamp": null, "begin": null, "end": null, "altitudeMode": null, "tessellate": -1, "extrude": 0, "visibility": 0, "drawOrder": null, "icon": null, "Folder": "ALD-3-55/7 / ALD FSP 0-14-1" }, "geometry": { "type": "Point", "coordinates": [ -106.562136, 31.77718671097826, 0.0 ] } },
{ "type": "Feature", "properties": { "id": null, "Name": "ALD-3-55/7-4-4", "description": null, "timestamp": null, "begin": null, "end": null, "altitudeMode": null, "tessellate": -1, "extrude": 0, "visibility": 0, "drawOrder": null, "icon": null, "Folder": "ALD-3-55/7 / ALD FSP 0-14-1" }, "geometry": { "type": "Point", "coordinates": [ -106.563378, 31.775719, 0.0 ] } },
{ "type": "Feature", "properties": { "id": null, "Name": "ALD-3-55/7-5-5", "description": null, "timestamp": null, "begin": null, "end": null, "altitudeMode": null, "tessellate": -1, "extrude": 0, "visibility": 0, "drawOrder": null, "icon": null, "Folder": "ALD-3-55/7 / ALD FSP 0-14-1" }, "geometry": { "type": "Point", "coordinates": [ -106.565742827264501, 31.776895565242668, 0.0 ] } },
{ "type": "Feature", "properties": { "id": null, "Name": "ALD-3-55/7-6-6", "description": null, "timestamp": null, "begin": null, "end": null, "altitudeMode": null, "tessellate": -1, "extrude": 0, "visibility": 0, "drawOrder": null, "icon": null, "Folder": "ALD-3-55/7 / ALD FSP 0-14-1" }, "geometry": { "type": "Point", "coordinates": [ -106.566862, 31.776281, 0.0 ] } },
{ "type": "Feature", "properties": { "id": null, "Name": "ALD-3-55/7-7-7", "description": null, "timestamp": null, "begin": null, "end": null, "altitudeMode": null, "tessellate": -1, "extrude": 0, "visibility": 0, "drawOrder": null, "icon": null, "Folder": "ALD-3-55/7 / ALD FSP 0-14-1" }, "geometry": { "type": "Point", "coordinates": [ -106.567927, 31.776845, 0.0 ] } },
{ "type": "Feature", "properties": { "id": null, "Name": "ALD-3-55/7-8-8", "description": null, "timestamp": null, "begin": null, "end": null, "altitudeMode": null, "tessellate": -1, "extrude": 0, "visibility": 0, "drawOrder": null, "icon": null, "Folder": "ALD-3-55/7 / ALD FSP 0-14-1" }, "geometry": { "type": "Point", "coordinates": [ -106.568854, 31.777348, 0.0 ] } },
{ "type": "Feature", "properties": { "id": null, "Name": "ALD-4-1/1-1-1", "description": null, "timestamp": null, "begin": null, "end": null, "altitudeMode": null, "tessellate": -1, "extrude": 0, "visibility": 0, "drawOrder": null, "icon": null, "Folder": "ALD-4-1/1 / ALD FSP 0-14-2" }, "geometry": { "type": "Point", "coordinates": [ -106.531721721555797, 31.748338491926731, 0.0 ] } },
{ "type": "Feature", "properties": { "id": null, "Name": "ALD-4-1/1-2-2", "description": null, "timestamp": null, "begin": null, "end": null, "altitudeMode": null, "tessellate": -1, "extrude": 0, "visibility": 0, "drawOrder": null, "icon": null, "Folder": "ALD-4-1/1 / ALD FSP 0-14-2" }, "geometry": { "type": "Point", "coordinates": [ -106.531289, 31.747686, 0.0 ] } },
{ "type": "Feature", "properties": { "id": null, "Name": "ALD-4-1/1-3-3", "description": null, "timestamp": null, "begin": null, "end": null, "altitudeMode": null, "tessellate": -1, "extrude": 0, "visibility": 0, "drawOrder": null, "icon": null, "Folder": "ALD-4-1/1 / ALD FSP 0-14-2" }, "geometry": { "type": "Point", "coordinates": [ -106.531871, 31.746359, 0.0 ] } },
{ "type": "Feature", "properties": { "id": null, "Name": "ALD-4-1/1-4-4", "description": null, "timestamp": null, "begin": null, "end": null, "altitudeMode": null, "tessellate": -1, "extrude": 0, "visibility": 0, "drawOrder": null, "icon": null, "Folder": "ALD-4-1/1 / ALD FSP 0-14-2" }, "geometry": { "type": "Point", "coordinates": [ -106.532444, 31.744944, 0.0 ] } },
{ "type": "Feature", "properties": { "id": null, "Name": "ALD-4-1/1-5-5", "description": null, "timestamp": null, "begin": null, "end": null, "altitudeMode": null, "tessellate": -1, "extrude": 0, "visibility": 0, "drawOrder": null, "icon": null, "Folder": "ALD-4-1/1 / ALD FSP 0-14-2" }, "geometry": { "type": "Point", "coordinates": [ -106.533482214493901, 31.74458194931319, 0.0 ] } },
{ "type": "Feature", "properties": { "id": null, "Name": "ALD-4-1/1-6-6", "description": null, "timestamp": null, "begin": null, "end": null, "altitudeMode": null, "tessellate": -1, "extrude": 0, "visibility": 0, "drawOrder": null, "icon": null, "Folder": "ALD-4-1/1 / ALD FSP 0-14-2" }, "geometry": { "type": "Point", "coordinates": [ -106.532213189520107, 31.747547080757489, 0.0 ] } },
{ "type": "Feature", "properties": { "id": null, "Name": "ALD-4-1/1-7-7", "description": null, "timestamp": null, "begin": null, "end": null, "altitudeMode": null, "tessellate": -1, "extrude": 0, "visibility": 0, "drawOrder": null, "icon": null, "Folder": "ALD-4-1/1 / ALD FSP 0-14-2" }, "geometry": { "type": "Point", "coordinates": [ -106.533672, 31.74890697178283, 0.0 ] } },
{ "type": "Feature", "properties": { "id": null, "Name": "ALD-4-1/1-8-8", "description": null, "timestamp": null, "begin": null, "end": null, "altitudeMode": null, "tessellate": -1, "extrude": 0, "visibility": 0, "drawOrder": null, "icon": null, "Folder": "ALD-4-1/1 / ALD FSP 0-14-2" }, "geometry": { "type": "Point", "coordinates": [ -106.53501, 31.748896, 0.0 ] } },
{ "type": "Feature", "properties": { "id": null, "Name": "ALD-4-2/2-1-1", "description": null, "timestamp": null, "begin": null, "end": null, "altitudeMode": null, "tessellate": -1, "extrude": 0, "visibility": 0, "drawOrder": null, "icon": null, "Folder": "ALD-4-2/2 / ALD FSP 0-14-3" }, "geometry": { "type": "Point", "coordinates": [ -106.537971, 31.744992341152809, 0.0 ] } },
{ "type": "Feature", "properties": { "id": null, "Name": "ALD-4-2/2-2-2", "description": null, "timestamp": null, "begin": null, "end": null, "altitudeMode": null, "tessellate": -1, "extrude": 0, "visibility": 0, "drawOrder": null, "icon": null, "Folder": "ALD-4-2/2 / ALD FSP 0-14-3" }, "geometry": { "type": "Point", "coordinates": [ -106.536666, 31.744863, 0.0 ] } },
{ "type": "Feature", "properties": { "id": null, "Name": "ALD-4-2/2-3-3", "description": null, "timestamp": null, "begin": null, "end": null, "altitudeMode": null, "tessellate": -1, "extrude": 0, "visibility": 0, "drawOrder": null, "icon": null, "Folder": "ALD-4-2/2 / ALD FSP 0-14-3" }, "geometry": { "type": "Point", "coordinates": [ -106.535274, 31.746315, 0.0 ] } },
{ "type": "Feature", "properties": { "id": null, "Name": "ALD-4-2/2-4-4", "description": null, "timestamp": null, "begin": null, "end": null, "altitudeMode": null, "tessellate": -1, "extrude": 0, "visibility": 0, "drawOrder": null, "icon": null, "Folder": "ALD-4-2/2 / ALD FSP 0-14-3" }, "geometry": { "type": "Point", "coordinates": [ -106.535115, 31.745847, 0.0 ] } },
{ "type": "Feature", "properties": { "id": null, "Name": "ALD-4-2/2-5-5", "description": null, "timestamp": null, "begin": null, "end": null, "altitudeMode": null, "tessellate": -1, "extrude": 0, "visibility": 0, "drawOrder": null, "icon": null, "Folder": "ALD-4-2/2 / ALD FSP 0-14-3" }, "geometry": { "type": "Point", "coordinates": [ -106.53404, 31.746073, 0.0 ] } },
{ "type": "Feature", "properties": { "id": null, "Name": "ALD-4-2/2-6-6", "description": null, "timestamp": null, "begin": null, "end": null, "altitudeMode": null, "tessellate": -1, "extrude": 0, "visibility": 0, "drawOrder": null, "icon": null, "Folder": "ALD-4-2/2 / ALD FSP 0-14-3" }, "geometry": { "type": "Point", "coordinates": [ -106.534733, 31.74734644169196, 0.0 ] } },
{ "type": "Feature", "properties": { "id": null, "Name": "ALD-4-2/2-7-7", "description": null, "timestamp": null, "begin": null, "end": null, "altitudeMode": null, "tessellate": -1, "extrude": 0, "visibility": 0, "drawOrder": null, "icon": null, "Folder": "ALD-4-2/2 / ALD FSP 0-14-3" }, "geometry": { "type": "Point", "coordinates": [ -106.533065694011, 31.747707285407088, 0.0 ] } },
{ "type": "Feature", "properties": { "id": null, "Name": "ALD-4-2/2-8-8", "description": null, "timestamp": null, "begin": null, "end": null, "altitudeMode": null, "tessellate": -1, "extrude": 0, "visibility": 0, "drawOrder": null, "icon": null, "Folder": "ALD-4-2/2 / ALD FSP 0-14-3" }, "geometry": { "type": "Point", "coordinates": [ -106.537945830300401, 31.743005477787928, 0.0 ] } },
{ "type": "Feature", "properties": { "id": null, "Name": "ALD-4-3/3-1-1", "description": null, "timestamp": null, "begin": null, "end": null, "altitudeMode": null, "tessellate": -1, "extrude": 0, "visibility": 0, "drawOrder": null, "icon": null, "Folder": "ALD-4-3/3 / ALD FSP 0-14-4" }, "geometry": { "type": "Point", "coordinates": [ -106.538644086491999, 31.74407739553639, 0.0 ] } },
{ "type": "Feature", "properties": { "id": null, "Name": "ALD-4-3/3-2-2", "description": null, "timestamp": null, "begin": null, "end": null, "altitudeMode": null, "tessellate": -1, "extrude": 0, "visibility": 0, "drawOrder": null, "icon": null, "Folder": "ALD-4-3/3 / ALD FSP 0-14-4" }, "geometry": { "type": "Point", "coordinates": [ -106.539379, 31.744732824765869, 0.0 ] } },
{ "type": "Feature", "properties": { "id": null, "Name": "ALD-4-3/3-3-3", "description": null, "timestamp": null, "begin": null, "end": null, "altitudeMode": null, "tessellate": -1, "extrude": 0, "visibility": 0, "drawOrder": null, "icon": null, "Folder": "ALD-4-3/3 / ALD FSP 0-14-4" }, "geometry": { "type": "Point", "coordinates": [ -106.538258, 31.745216784403979, 0.0 ] } },
{ "type": "Feature", "properties": { "id": null, "Name": "ALD-4-3/3-4-4", "description": null, "timestamp": null, "begin": null, "end": null, "altitudeMode": null, "tessellate": -1, "extrude": 0, "visibility": 0, "drawOrder": null, "icon": null, "Folder": "ALD-4-3/3 / ALD FSP 0-14-4" }, "geometry": { "type": "Point", "coordinates": [ -106.536875311155995, 31.74627671551362, 0.0 ] } },
{ "type": "Feature", "properties": { "id": null, "Name": "ALD-4-3/3-5-5", "description": null, "timestamp": null, "begin": null, "end": null, "altitudeMode": null, "tessellate": -1, "extrude": 0, "visibility": 0, "drawOrder": null, "icon": null, "Folder": "ALD-4-3/3 / ALD FSP 0-14-4" }, "geometry": { "type": "Point", "coordinates": [ -106.535491, 31.747323, 0.0 ] } },
{ "type": "Feature", "properties": { "id": null, "Name": "ALD-4-3/3-6-6", "description": null, "timestamp": null, "begin": null, "end": null, "altitudeMode": null, "tessellate": -1, "extrude": 0, "visibility": 0, "drawOrder": null, "icon": null, "Folder": "ALD-4-3/3 / ALD FSP 0-14-4" }, "geometry": { "type": "Point", "coordinates": [ -106.5373, 31.747365, 0.0 ] } },
{ "type": "Feature", "properties": { "id": null, "Name": "ALD-4-3/3-7-7", "description": null, "timestamp": null, "begin": null, "end": null, "altitudeMode": null, "tessellate": -1, "extrude": 0, "visibility": 0, "drawOrder": null, "icon": null, "Folder": "ALD-4-3/3 / ALD FSP 0-14-4" }, "geometry": { "type": "Point", "coordinates": [ -106.535702, 31.748098, 0.0 ] } },
{ "type": "Feature", "properties": { "id": null, "Name": "ALD-4-3/3-8-8", "description": null, "timestamp": null, "begin": null, "end": null, "altitudeMode": null, "tessellate": -1, "extrude": 0, "visibility": 0, "drawOrder": null, "icon": null, "Folder": "ALD-4-3/3 / ALD FSP 0-14-4" }, "geometry": { "type": "Point", "coordinates": [ -106.538437207300206, 31.74328866687457, 0.0 ] } },
{ "type": "Feature", "properties": { "id": null, "Name": "ALD-4-4/4-1-1", "description": null, "timestamp": null, "begin": null, "end": null, "altitudeMode": null, "tessellate": -1, "extrude": 0, "visibility": 0, "drawOrder": null, "icon": null, "Folder": "ALD-4-4/4 / ALD FSP 0-14-5" }, "geometry": { "type": "Point", "coordinates": [ -106.539674, 31.742491, 0.0 ] } },
{ "type": "Feature", "properties": { "id": null, "Name": "ALD-4-4/4-2-2", "description": null, "timestamp": null, "begin": null, "end": null, "altitudeMode": null, "tessellate": -1, "extrude": 0, "visibility": 0, "drawOrder": null, "icon": null, "Folder": "ALD-4-4/4 / ALD FSP 0-14-5" }, "geometry": { "type": "Point", "coordinates": [ -106.540606, 31.743926, 0.0 ] } },
{ "type": "Feature", "properties": { "id": null, "Name": "ALD-4-4/4-3-3", "description": null, "timestamp": null, "begin": null, "end": null, "altitudeMode": null, "tessellate": -1, "extrude": 0, "visibility": 0, "drawOrder": null, "icon": null, "Folder": "ALD-4-4/4 / ALD FSP 0-14-5" }, "geometry": { "type": "Point", "coordinates": [ -106.542614484550597, 31.743778092228531, 0.0 ] } },
{ "type": "Feature", "properties": { "id": null, "Name": "ALD-4-4/4-4-4", "description": null, "timestamp": null, "begin": null, "end": null, "altitudeMode": null, "tessellate": -1, "extrude": 0, "visibility": 0, "drawOrder": null, "icon": null, "Folder": "ALD-4-4/4 / ALD FSP 0-14-5" }, "geometry": { "type": "Point", "coordinates": [ -106.543848, 31.742955, 0.0 ] } },
{ "type": "Feature", "properties": { "id": null, "Name": "ALD-4-4/4-5-5", "description": null, "timestamp": null, "begin": null, "end": null, "altitudeMode": null, "tessellate": -1, "extrude": 0, "visibility": 0, "drawOrder": null, "icon": null, "Folder": "ALD-4-4/4 / ALD FSP 0-14-5" }, "geometry": { "type": "Point", "coordinates": [ -106.545301, 31.742718, 0.0 ] } },
{ "type": "Feature", "properties": { "id": null, "Name": "ALD-4-4/4-6-6/1", "description": null, "timestamp": null, "begin": null, "end": null, "altitudeMode": null, "tessellate": -1, "extrude": 0, "visibility": 0, "drawOrder": null, "icon": null, "Folder": "ALD-4-4/4 / ALD FSP 0-14-5" }, "geometry": { "type": "Point", "coordinates": [ -106.542507, 31.742703, 0.0 ] } },
{ "type": "Feature", "properties": { "id": null, "Name": "ALD-4-4/4-7-7/2", "description": null, "timestamp": null, "begin": null, "end": null, "altitudeMode": null, "tessellate": -1, "extrude": 0, "visibility": 0, "drawOrder": null, "icon": null, "Folder": "ALD-4-4/4 / ALD FSP 0-14-5" }, "geometry": { "type": "Point", "coordinates": [ -106.542467564252604, 31.741368857296919, 0.0 ] } },
{ "type": "Feature", "properties": { "id": null, "Name": "ALD-4-4/4-8-8/3", "description": null, "timestamp": null, "begin": null, "end": null, "altitudeMode": null, "tessellate": -1, "extrude": 0, "visibility": 0, "drawOrder": null, "icon": null, "Folder": "ALD-4-4/4 / ALD FSP 0-14-5" }, "geometry": { "type": "Point", "coordinates": [ -106.543588, 31.74021491457323, 0.0 ] } },
{ "type": "Feature", "properties": { "id": null, "Name": "ALD-4-5/5-1-1", "description": null, "timestamp": null, "begin": null, "end": null, "altitudeMode": null, "tessellate": -1, "extrude": 0, "visibility": 0, "drawOrder": null, "icon": null, "Folder": "ALD-4-5/5 / ALD FSP 0-14-6" }, "geometry": { "type": "Point", "coordinates": [ -106.5399452953599, 31.741059301505441, 0.0 ] } },
{ "type": "Feature", "properties": { "id": null, "Name": "ALD-4-5/5-2-2", "description": null, "timestamp": null, "begin": null, "end": null, "altitudeMode": null, "tessellate": -1, "extrude": 0, "visibility": 0, "drawOrder": null, "icon": null, "Folder": "ALD-4-5/5 / ALD FSP 0-14-6" }, "geometry": { "type": "Point", "coordinates": [ -106.541043, 31.742426, 0.0 ] } },
{ "type": "Feature", "properties": { "id": null, "Name": "ALD-4-5/5-3-3", "description": null, "timestamp": null, "begin": null, "end": null, "altitudeMode": null, "tessellate": -1, "extrude": 0, "visibility": 0, "drawOrder": null, "icon": null, "Folder": "ALD-4-5/5 / ALD FSP 0-14-6" }, "geometry": { "type": "Point", "coordinates": [ -106.540477, 31.739934, 0.0 ] } },
{ "type": "Feature", "properties": { "id": null, "Name": "ALD-4-5/5-4-4", "description": null, "timestamp": null, "begin": null, "end": null, "altitudeMode": null, "tessellate": -1, "extrude": 0, "visibility": 0, "drawOrder": null, "icon": null, "Folder": "ALD-4-5/5 / ALD FSP 0-14-6" }, "geometry": { "type": "Point", "coordinates": [ -106.540293, 31.738723, 0.0 ] } },
{ "type": "Feature", "properties": { "id": null, "Name": "ALD-4-6/6-1-1", "description": null, "timestamp": null, "begin": null, "end": null, "altitudeMode": null, "tessellate": -1, "extrude": 0, "visibility": 0, "drawOrder": null, "icon": null, "Folder": "ALD-4-6/6 / ALD FSP 0-14-7" }, "geometry": { "type": "Point", "coordinates": [ -106.536328, 31.736308, 0.0 ] } },
{ "type": "Feature", "properties": { "id": null, "Name": "ALD-4-6/6-2-2", "description": null, "timestamp": null, "begin": null, "end": null, "altitudeMode": null, "tessellate": -1, "extrude": 0, "visibility": 0, "drawOrder": null, "icon": null, "Folder": "ALD-4-6/6 / ALD FSP 0-14-7" }, "geometry": { "type": "Point", "coordinates": [ -106.535501, 31.735411, 0.0 ] } },
{ "type": "Feature", "properties": { "id": null, "Name": "ALD-4-6/6-3-3", "description": null, "timestamp": null, "begin": null, "end": null, "altitudeMode": null, "tessellate": -1, "extrude": 0, "visibility": 0, "drawOrder": null, "icon": null, "Folder": "ALD-4-6/6 / ALD FSP 0-14-7" }, "geometry": { "type": "Point", "coordinates": [ -106.536415, 31.734815, 0.0 ] } },
{ "type": "Feature", "properties": { "id": null, "Name": "ALD-4-6/6-4-4", "description": null, "timestamp": null, "begin": null, "end": null, "altitudeMode": null, "tessellate": -1, "extrude": 0, "visibility": 0, "drawOrder": null, "icon": null, "Folder": "ALD-4-6/6 / ALD FSP 0-14-7" }, "geometry": { "type": "Point", "coordinates": [ -106.537606, 31.734716, 0.0 ] } },
{ "type": "Feature", "properties": { "id": null, "Name": "ALD-4-6/6-5-5", "description": null, "timestamp": null, "begin": null, "end": null, "altitudeMode": null, "tessellate": -1, "extrude": 0, "visibility": 0, "drawOrder": null, "icon": null, "Folder": "ALD-4-6/6 / ALD FSP 0-14-7" }, "geometry": { "type": "Point", "coordinates": [ -106.538015, 31.733852, 0.0 ] } },
{ "type": "Feature", "properties": { "id": null, "Name": "ALD-4-6/6-6-6", "description": null, "timestamp": null, "begin": null, "end": null, "altitudeMode": null, "tessellate": -1, "extrude": 0, "visibility": 0, "drawOrder": null, "icon": null, "Folder": "ALD-4-6/6 / ALD FSP 0-14-7" }, "geometry": { "type": "Point", "coordinates": [ -106.539238, 31.734281, 0.0 ] } },
{ "type": "Feature", "properties": { "id": null, "Name": "ALD-4-6/6-7-7", "description": null, "timestamp": null, "begin": null, "end": null, "altitudeMode": null, "tessellate": -1, "extrude": 0, "visibility": 0, "drawOrder": null, "icon": null, "Folder": "ALD-4-6/6 / ALD FSP 0-14-7" }, "geometry": { "type": "Point", "coordinates": [ -106.536981, 31.73602, 0.0 ] } },
{ "type": "Feature", "properties": { "id": null, "Name": "ALD-4-6/6-8-8", "description": null, "timestamp": null, "begin": null, "end": null, "altitudeMode": null, "tessellate": -1, "extrude": 0, "visibility": 0, "drawOrder": null, "icon": null, "Folder": "ALD-4-6/6 / ALD FSP 0-14-7" }, "geometry": { "type": "Point", "coordinates": [ -106.538242, 31.736472, 0.0 ] } },
{ "type": "Feature", "properties": { "id": null, "Name": "ALD-1I-1/1", "description": null, "timestamp": null, "begin": null, "end": null, "altitudeMode": null, "tessellate": -1, "extrude": 0, "visibility": 0, "drawOrder": null, "icon": null, "Folder": "1N (#3)" }, "geometry": { "type": "Point", "coordinates": [ -106.494757241201, 31.733985950986249, 0.0 ] } },
{ "type": "Feature", "properties": { "id": null, "Name": "ALD-1I-1/1-1-1", "description": null, "timestamp": null, "begin": null, "end": null, "altitudeMode": null, "tessellate": -1, "extrude": 0, "visibility": 0, "drawOrder": null, "icon": null, "Folder": "2N (#4)" }, "geometry": { "type": "Point", "coordinates": [ -106.494438944797807, 31.734785376853772, 0.0 ] } },
{ "type": "Feature", "properties": { "id": null, "Name": "ALD-1I-1/1-2-2", "description": null, "timestamp": null, "begin": null, "end": null, "altitudeMode": null, "tessellate": -1, "extrude": 0, "visibility": 0, "drawOrder": null, "icon": null, "Folder": "2N (#4)" }, "geometry": { "type": "Point", "coordinates": [ -106.494047841123901, 31.73567684289608, 0.0 ] } },
{ "type": "Feature", "properties": { "id": null, "Name": "ALD-1I-1/1-3-3", "description": null, "timestamp": null, "begin": null, "end": null, "altitudeMode": null, "tessellate": -1, "extrude": 0, "visibility": 0, "drawOrder": null, "icon": null, "Folder": "2N (#4)" }, "geometry": { "type": "Point", "coordinates": [ -106.493472243147806, 31.737148638079951, 0.0 ] } },
{ "type": "Feature", "properties": { "id": null, "Name": "ALD-1I-1/1-4-4", "description": null, "timestamp": null, "begin": null, "end": null, "altitudeMode": null, "tessellate": -1, "extrude": 0, "visibility": 0, "drawOrder": null, "icon": null, "Folder": "2N (#4)" }, "geometry": { "type": "Point", "coordinates": [ -106.492849417342796, 31.738682533406561, 0.0 ] } },
{ "type": "Feature", "properties": { "id": null, "Name": "ALD-1I-1/1-6-6", "description": null, "timestamp": null, "begin": null, "end": null, "altitudeMode": null, "tessellate": -1, "extrude": 0, "visibility": 0, "drawOrder": null, "icon": null, "Folder": "2N (#4)" }, "geometry": { "type": "Point", "coordinates": [ -106.492134, 31.74031, 0.0 ] } },
{ "type": "Feature", "properties": { "id": null, "Name": "ALD-1I-1/1-7-7", "description": null, "timestamp": null, "begin": null, "end": null, "altitudeMode": null, "tessellate": -1, "extrude": 0, "visibility": 0, "drawOrder": null, "icon": null, "Folder": "2N (#4)" }, "geometry": { "type": "Point", "coordinates": [ -106.491672, 31.741449, 0.0 ] } },
{ "type": "Feature", "properties": { "id": null, "Name": "ALD-1I-1/1-8-8", "description": null, "timestamp": null, "begin": null, "end": null, "altitudeMode": null, "tessellate": -1, "extrude": 0, "visibility": 0, "drawOrder": null, "icon": null, "Folder": "2N (#4)" }, "geometry": { "type": "Point", "coordinates": [ -106.491340604407597, 31.74242728161494, 0.0 ] } },
{ "type": "Feature", "properties": { "id": null, "Name": "ALD-S-1-1", "description": null, "timestamp": null, "begin": null, "end": null, "altitudeMode": null, "tessellate": 1, "extrude": 0, "visibility": 0, "drawOrder": null, "icon": null, "Folder": "DISTRIBUCION (#4)" }, "geometry": { "type": "LineString", "coordinates": [ [ -106.494738674342599, 31.733985500005321, 0.0 ], [ -106.491214690840295, 31.742670102369431, 0.0 ] ] } },
{ "type": "Feature", "properties": { "id": null, "Name": "ALD-1I-2/2", "description": null, "timestamp": null, "begin": null, "end": null, "altitudeMode": null, "tessellate": -1, "extrude": 0, "visibility": 0, "drawOrder": null, "icon": null, "Folder": "1N (#4)" }, "geometry": { "type": "Point", "coordinates": [ -106.493978441766302, 31.7358764815827, 0.0 ] } },
{ "type": "Feature", "properties": { "id": null, "Name": "ALD-1I-2/2-1-1", "description": null, "timestamp": null, "begin": null, "end": null, "altitudeMode": null, "tessellate": -1, "extrude": 0, "visibility": 0, "drawOrder": null, "icon": null, "Folder": "2N (#5)" }, "geometry": { "type": "Point", "coordinates": [ -106.491711614561297, 31.73520831314865, 0.0 ] } },
{ "type": "Feature", "properties": { "id": null, "Name": "ALD-1I-2/2-2-2", "description": null, "timestamp": null, "begin": null, "end": null, "altitudeMode": null, "tessellate": -1, "extrude": 0, "visibility": 0, "drawOrder": null, "icon": null, "Folder": "2N (#5)" }, "geometry": { "type": "Point", "coordinates": [ -106.490377293491804, 31.734816105884569, 0.0 ] } },
{ "type": "Feature", "properties": { "id": null, "Name": "ALD-1I-2/2-3-3", "description": null, "timestamp": null, "begin": null, "end": null, "altitudeMode": null, "tessellate": -1, "extrude": 0, "visibility": 0, "drawOrder": null, "icon": null, "Folder": "2N (#5)" }, "geometry": { "type": "Point", "coordinates": [ -106.489504842799406, 31.73453532459067, 0.0 ] } },
{ "type": "Feature", "properties": { "id": null, "Name": "ALD-1I-2/2-4-4", "description": null, "timestamp": null, "begin": null, "end": null, "altitudeMode": null, "tessellate": -1, "extrude": 0, "visibility": 0, "drawOrder": null, "icon": null, "Folder": "2N (#5)" }, "geometry": { "type": "Point", "coordinates": [ -106.489199258451606, 31.734463431911909, 0.0 ] } },
{ "type": "Feature", "properties": { "id": null, "Name": "ALD-1I-2/2-5-5", "description": null, "timestamp": null, "begin": null, "end": null, "altitudeMode": null, "tessellate": -1, "extrude": 0, "visibility": 0, "drawOrder": null, "icon": null, "Folder": "2N (#5)" }, "geometry": { "type": "Point", "coordinates": [ -106.487624290092398, 31.73399165923999, 0.0 ] } },
{ "type": "Feature", "properties": { "id": null, "Name": "ALD-1I-2/2-6-6", "description": null, "timestamp": null, "begin": null, "end": null, "altitudeMode": null, "tessellate": -1, "extrude": 0, "visibility": 0, "drawOrder": null, "icon": null, "Folder": "2N (#5)" }, "geometry": { "type": "Point", "coordinates": [ -106.486739, 31.733617, 0.0 ] } },
{ "type": "Feature", "properties": { "id": null, "Name": "ALD-1I-2/2-7-7", "description": null, "timestamp": null, "begin": null, "end": null, "altitudeMode": null, "tessellate": -1, "extrude": 0, "visibility": 0, "drawOrder": null, "icon": null, "Folder": "2N (#5)" }, "geometry": { "type": "Point", "coordinates": [ -106.485911583372996, 31.733349366943081, 0.0 ] } },
{ "type": "Feature", "properties": { "id": null, "Name": "ALD-1I-2/2-8-8", "description": null, "timestamp": null, "begin": null, "end": null, "altitudeMode": null, "tessellate": -1, "extrude": 0, "visibility": 0, "drawOrder": null, "icon": null, "Folder": "2N (#5)" }, "geometry": { "type": "Point", "coordinates": [ -106.485449792645596, 31.73321460221845, 0.0 ] } },
{ "type": "Feature", "properties": { "id": null, "Name": "ALD-S-1-2", "description": null, "timestamp": null, "begin": null, "end": null, "altitudeMode": null, "tessellate": 1, "extrude": 0, "visibility": 0, "drawOrder": null, "icon": null, "Folder": "DISTRIBUCION (#5)" }, "geometry": { "type": "LineString", "coordinates": [ [ -106.494001934474696, 31.73589394047336, 0.0 ], [ -106.488607694358706, 31.734287835681521, 0.0 ], [ -106.487195842652696, 31.73385579913322, 0.0 ], [ -106.487163870879399, 31.733734130526742, 0.0 ], [ -106.486722193783095, 31.733613760454588, 0.0 ], [ -106.485446096258997, 31.733197311032349, 0.0 ] ] } },
{ "type": "Feature", "properties": { "id": null, "Name": "ALD-1I-3/3", "description": null, "timestamp": null, "begin": null, "end": null, "altitudeMode": null, "tessellate": -1, "extrude": 0, "visibility": 0, "drawOrder": null, "icon": null, "Folder": "1N (#5)" }, "geometry": { "type": "Point", "coordinates": [ -106.493748202392098, 31.736465804234619, 0.0 ] } },
{ "type": "Feature", "properties": { "id": null, "Name": "ALD-1I-3/3-1-1", "description": null, "timestamp": null, "begin": null, "end": null, "altitudeMode": null, "tessellate": -1, "extrude": 0, "visibility": 0, "drawOrder": null, "icon": null, "Folder": "2N (#6)" }, "geometry": { "type": "Point", "coordinates": [ -106.493243812866098, 31.736386244046791, 0.0 ] } },
{ "type": "Feature", "properties": { "id": null, "Name": "ALD-1I-3/3-2-2", "description": null, "timestamp": null, "begin": null, "end": null, "altitudeMode": null, "tessellate": -1, "extrude": 0, "visibility": 0, "drawOrder": null, "icon": null, "Folder": "2N (#6)" }, "geometry": { "type": "Point", "coordinates": [ -106.492812, 31.736258, 0.0 ] } },
{ "type": "Feature", "properties": { "id": null, "Name": "ALD-1I-3/3-3-3", "description": null, "timestamp": null, "begin": null, "end": null, "altitudeMode": null, "tessellate": -1, "extrude": 0, "visibility": 0, "drawOrder": null, "icon": null, "Folder": "2N (#6)" }, "geometry": { "type": "Point", "coordinates": [ -106.491495536020594, 31.735831938972979, 0.0 ] } },
{ "type": "Feature", "properties": { "id": null, "Name": "ALD-1I-3/3-4-4", "description": null, "timestamp": null, "begin": null, "end": null, "altitudeMode": null, "tessellate": -1, "extrude": 0, "visibility": 0, "drawOrder": null, "icon": null, "Folder": "2N (#6)" }, "geometry": { "type": "Point", "coordinates": [ -106.490556526817102, 31.7355789614777, 0.0 ] } },
{ "type": "Feature", "properties": { "id": null, "Name": "ALD-1I-3/3-5-5", "description": null, "timestamp": null, "begin": null, "end": null, "altitudeMode": null, "tessellate": -1, "extrude": 0, "visibility": 0, "drawOrder": null, "icon": null, "Folder": "2N (#6)" }, "geometry": { "type": "Point", "coordinates": [ -106.488753, 31.735053, 0.0 ] } },
{ "type": "Feature", "properties": { "id": null, "Name": "ALD-1I-3/3-6-6", "description": null, "timestamp": null, "begin": null, "end": null, "altitudeMode": null, "tessellate": -1, "extrude": 0, "visibility": 0, "drawOrder": null, "icon": null, "Folder": "2N (#6)" }, "geometry": { "type": "Point", "coordinates": [ -106.487314, 31.734593, 0.0 ] } },
{ "type": "Feature", "properties": { "id": null, "Name": "ALD-1I-3/3-7-7", "description": null, "timestamp": null, "begin": null, "end": null, "altitudeMode": null, "tessellate": -1, "extrude": 0, "visibility": 0, "drawOrder": null, "icon": null, "Folder": "2N (#6)" }, "geometry": { "type": "Point", "coordinates": [ -106.486264, 31.734904, 0.0 ] } },
{ "type": "Feature", "properties": { "id": null, "Name": "ALD-1I-3/3-8-8", "description": null, "timestamp": null, "begin": null, "end": null, "altitudeMode": null, "tessellate": -1, "extrude": 0, "visibility": 0, "drawOrder": null, "icon": null, "Folder": "2N (#6)" }, "geometry": { "type": "Point", "coordinates": [ -106.483493, 31.73687, 0.0 ] } },
{ "type": "Feature", "properties": { "id": null, "Name": "ALD-S-1-3", "description": null, "timestamp": null, "begin": null, "end": null, "altitudeMode": null, "tessellate": 1, "extrude": 0, "visibility": 0, "drawOrder": null, "icon": null, "Folder": "DISTRIBUCION (#6)" }, "geometry": { "type": "LineString", "coordinates": [ [ -106.493717341793001, 31.736503796596079, 0.0 ], [ -106.486460255190195, 31.734346226151111, 0.0 ], [ -106.485745310725605, 31.736272971862199, 0.0 ], [ -106.48459386703, 31.735737912012869, 0.0 ], [ -106.484365361858096, 31.736108924799112, 0.0 ], [ -106.484288203872794, 31.736202308948279, 0.0 ], [ -106.483890540821903, 31.736580893422669, 0.0 ], [ -106.483507710710398, 31.73693424028561, 0.0 ] ] } },
{ "type": "Feature", "properties": { "id": null, "Name": "ALD-1I-4/4-1-1", "description": null, "timestamp": null, "begin": null, "end": null, "altitudeMode": null, "tessellate": -1, "extrude": 0, "visibility": 0, "drawOrder": null, "icon": null, "Folder": "ALD-1I-4/4 / ALD FSP 0-1-3" }, "geometry": { "type": "Point", "coordinates": [ -106.492047107339303, 31.7381517928766, 0.0 ] } },
{ "type": "Feature", "properties": { "id": null, "Name": "ALD-1I-4/4-2-2", "description": null, "timestamp": null, "begin": null, "end": null, "altitudeMode": null, "tessellate": -1, "extrude": 0, "visibility": 0, "drawOrder": null, "icon": null, "Folder": "ALD-1I-4/4 / ALD FSP 0-1-3" }, "geometry": { "type": "Point", "coordinates": [ -106.491590421923405, 31.738016433428211, 0.0 ] } },
{ "type": "Feature", "properties": { "id": null, "Name": "ALD-1I-4/4-3-3", "description": null, "timestamp": null, "begin": null, "end": null, "altitudeMode": null, "tessellate": -1, "extrude": 0, "visibility": 0, "drawOrder": null, "icon": null, "Folder": "ALD-1I-4/4 / ALD FSP 0-1-3" }, "geometry": { "type": "Point", "coordinates": [ -106.490432493086502, 31.737674955836059, 0.0 ] } },
{ "type": "Feature", "properties": { "id": null, "Name": "ALD-1I-4/4-4-4", "description": null, "timestamp": null, "begin": null, "end": null, "altitudeMode": null, "tessellate": -1, "extrude": 0, "visibility": 0, "drawOrder": null, "icon": null, "Folder": "ALD-1I-4/4 / ALD FSP 0-1-3" }, "geometry": { "type": "Point", "coordinates": [ -106.489336919831601, 31.737362485172891, 0.0 ] } },
{ "type": "Feature", "properties": { "id": null, "Name": "ALD-1I-4/4-5-5", "description": null, "timestamp": null, "begin": null, "end": null, "altitudeMode": null, "tessellate": -1, "extrude": 0, "visibility": 0, "drawOrder": null, "icon": null, "Folder": "ALD-1I-4/4 / ALD FSP 0-1-3" }, "geometry": { "type": "Point", "coordinates": [ -106.488108, 31.736969, 0.0 ] } },
{ "type": "Feature", "properties": { "id": null, "Name": "ALD-1I-4/4-6-6", "description": null, "timestamp": null, "begin": null, "end": null, "altitudeMode": null, "tessellate": -1, "extrude": 0, "visibility": 0, "drawOrder": null, "icon": null, "Folder": "ALD-1I-4/4 / ALD FSP 0-1-3" }, "geometry": { "type": "Point", "coordinates": [ -106.486864, 31.736625, 0.0 ] } },
{ "type": "Feature", "properties": { "id": null, "Name": "ALD-1I-4/4-7-7", "description": null, "timestamp": null, "begin": null, "end": null, "altitudeMode": null, "tessellate": -1, "extrude": 0, "visibility": 0, "drawOrder": null, "icon": null, "Folder": "ALD-1I-4/4 / ALD FSP 0-1-3" }, "geometry": { "type": "Point", "coordinates": [ -106.486169, 31.737211, 0.0 ] } },
{ "type": "Feature", "properties": { "id": null, "Name": "ALD-1I-4/4-8-8", "description": null, "timestamp": null, "begin": null, "end": null, "altitudeMode": null, "tessellate": -1, "extrude": 0, "visibility": 0, "drawOrder": null, "icon": null, "Folder": "ALD-1I-4/4 / ALD FSP 0-1-3" }, "geometry": { "type": "Point", "coordinates": [ -106.485922, 31.737714, 0.0 ] } },
{ "type": "Feature", "properties": { "id": null, "Name": "ALD-1I-5/5-1-1", "description": null, "timestamp": null, "begin": null, "end": null, "altitudeMode": null, "tessellate": -1, "extrude": 0, "visibility": 0, "drawOrder": null, "icon": null, "Folder": "ALD-1I-5/5 / ALD FSP 0-1-4" }, "geometry": { "type": "Point", "coordinates": [ -106.492001, 31.739551, 0.0 ] } },
{ "type": "Feature", "properties": { "id": null, "Name": "ALD-1I-5/5-2-2", "description": null, "timestamp": null, "begin": null, "end": null, "altitudeMode": null, "tessellate": -1, "extrude": 0, "visibility": 0, "drawOrder": null, "icon": null, "Folder": "ALD-1I-5/5 / ALD FSP 0-1-4" }, "geometry": { "type": "Point", "coordinates": [ -106.4911247450937, 31.739297379921119, 0.0 ] } },
{ "type": "Feature", "properties": { "id": null, "Name": "ALD-1I-5/5-3-3", "description": null, "timestamp": null, "begin": null, "end": null, "altitudeMode": null, "tessellate": -1, "extrude": 0, "visibility": 0, "drawOrder": null, "icon": null, "Folder": "ALD-1I-5/5 / ALD FSP 0-1-4" }, "geometry": { "type": "Point", "coordinates": [ -106.490106, 31.738890783977968, 0.0 ] } },
{ "type": "Feature", "properties": { "id": null, "Name": "ALD-1I-5/5-4-4", "description": null, "timestamp": null, "begin": null, "end": null, "altitudeMode": null, "tessellate": -1, "extrude": 0, "visibility": 0, "drawOrder": null, "icon": null, "Folder": "ALD-1I-5/5 / ALD FSP 0-1-4" }, "geometry": { "type": "Point", "coordinates": [ -106.489364, 31.738656, 0.0 ] } },
{ "type": "Feature", "properties": { "id": null, "Name": "ALD-1I-5/5-5-5", "description": null, "timestamp": null, "begin": null, "end": null, "altitudeMode": null, "tessellate": -1, "extrude": 0, "visibility": 0, "drawOrder": null, "icon": null, "Folder": "ALD-1I-5/5 / ALD FSP 0-1-4" }, "geometry": { "type": "Point", "coordinates": [ -106.48875, 31.738828, 0.0 ] } },
{ "type": "Feature", "properties": { "id": null, "Name": "ALD-1I-5/5-6-6", "description": null, "timestamp": null, "begin": null, "end": null, "altitudeMode": null, "tessellate": -1, "extrude": 0, "visibility": 0, "drawOrder": null, "icon": null, "Folder": "ALD-1I-5/5 / ALD FSP 0-1-4" }, "geometry": { "type": "Point", "coordinates": [ -106.488486, 31.739508, 0.0 ] } },
{ "type": "Feature", "properties": { "id": null, "Name": "ALD-1I-5/5-7-7", "description": null, "timestamp": null, "begin": null, "end": null, "altitudeMode": null, "tessellate": -1, "extrude": 0, "visibility": 0, "drawOrder": null, "icon": null, "Folder": "ALD-1I-5/5 / ALD FSP 0-1-4" }, "geometry": { "type": "Point", "coordinates": [ -106.487108, 31.740243, 0.0 ] } },
{ "type": "Feature", "properties": { "id": null, "Name": "ALD-1I-5/5-8-8", "description": null, "timestamp": null, "begin": null, "end": null, "altitudeMode": null, "tessellate": -1, "extrude": 0, "visibility": 0, "drawOrder": null, "icon": null, "Folder": "ALD-1I-5/5 / ALD FSP 0-1-4" }, "geometry": { "type": "Point", "coordinates": [ -106.486688, 31.740059, 0.0 ] } },
{ "type": "Feature", "properties": { "id": null, "Name": "ALD-1I-6/6-1-1", "description": null, "timestamp": null, "begin": null, "end": null, "altitudeMode": null, "tessellate": -1, "extrude": 0, "visibility": 0, "drawOrder": null, "icon": null, "Folder": "ALD-1I-6/6 / ALD FSP 0-1-5" }, "geometry": { "type": "Point", "coordinates": [ -106.491337, 31.741826, 0.0 ] } },
{ "type": "Feature", "properties": { "id": null, "Name": "ALD-1I-6/6-2-2", "description": null, "timestamp": null, "begin": null, "end": null, "altitudeMode": null, "tessellate": -1, "extrude": 0, "visibility": 0, "drawOrder": null, "icon": null, "Folder": "ALD-1I-6/6 / ALD FSP 0-1-5" }, "geometry": { "type": "Point", "coordinates": [ -106.490487, 31.741638, 0.0 ] } },
{ "type": "Feature", "properties": { "id": null, "Name": "ALD-1I-6/6-3-3", "description": null, "timestamp": null, "begin": null, "end": null, "altitudeMode": null, "tessellate": -1, "extrude": 0, "visibility": 0, "drawOrder": null, "icon": null, "Folder": "ALD-1I-6/6 / ALD FSP 0-1-5" }, "geometry": { "type": "Point", "coordinates": [ -106.491085, 31.740611, 0.0 ] } },
{ "type": "Feature", "properties": { "id": null, "Name": "ALD-1I-6/6-4-4", "description": null, "timestamp": null, "begin": null, "end": null, "altitudeMode": null, "tessellate": -1, "extrude": 0, "visibility": 0, "drawOrder": null, "icon": null, "Folder": "ALD-1I-6/6 / ALD FSP 0-1-5" }, "geometry": { "type": "Point", "coordinates": [ -106.490294, 31.740356, 0.0 ] } },
{ "type": "Feature", "properties": { "id": null, "Name": "ALD-1I-6/6-5-5", "description": null, "timestamp": null, "begin": null, "end": null, "altitudeMode": null, "tessellate": -1, "extrude": 0, "visibility": 0, "drawOrder": null, "icon": null, "Folder": "ALD-1I-6/6 / ALD FSP 0-1-5" }, "geometry": { "type": "Point", "coordinates": [ -106.4898, 31.740915, 0.0 ] } },
{ "type": "Feature", "properties": { "id": null, "Name": "ALD-1I-6/6-6-6", "description": null, "timestamp": null, "begin": null, "end": null, "altitudeMode": null, "tessellate": -1, "extrude": 0, "visibility": 0, "drawOrder": null, "icon": null, "Folder": "ALD-1I-6/6 / ALD FSP 0-1-5" }, "geometry": { "type": "Point", "coordinates": [ -106.488917, 31.740681, 0.0 ] } },
{ "type": "Feature", "properties": { "id": null, "Name": "ALD-1I-6/6-7-7", "description": null, "timestamp": null, "begin": null, "end": null, "altitudeMode": null, "tessellate": -1, "extrude": 0, "visibility": 0, "drawOrder": null, "icon": null, "Folder": "ALD-1I-6/6 / ALD FSP 0-1-5" }, "geometry": { "type": "Point", "coordinates": [ -106.489361, 31.742306, 0.0 ] } },
{ "type": "Feature", "properties": { "id": null, "Name": "ALD-1I-6/6-8-8", "description": null, "timestamp": null, "begin": null, "end": null, "altitudeMode": null, "tessellate": -1, "extrude": 0, "visibility": 0, "drawOrder": null, "icon": null, "Folder": "ALD-1I-6/6 / ALD FSP 0-1-5" }, "geometry": { "type": "Point", "coordinates": [ -106.489161, 31.742883, 0.0 ] } },
{ "type": "Feature", "properties": { "id": null, "Name": "ALD-1I-7/7-1-1", "description": null, "timestamp": null, "begin": null, "end": null, "altitudeMode": null, "tessellate": -1, "extrude": 0, "visibility": 0, "drawOrder": null, "icon": null, "Folder": "ALD-1I-7/7 / ALD FSP 0-1-6" }, "geometry": { "type": "Point", "coordinates": [ -106.490493, 31.743283, 0.0 ] } },
{ "type": "Feature", "properties": { "id": null, "Name": "ALD-1I-7/7-2-2", "description": null, "timestamp": null, "begin": null, "end": null, "altitudeMode": null, "tessellate": -1, "extrude": 0, "visibility": 0, "drawOrder": null, "icon": null, "Folder": "ALD-1I-7/7 / ALD FSP 0-1-6" }, "geometry": { "type": "Point", "coordinates": [ -106.489925, 31.743421, 0.0 ] } },
{ "type": "Feature", "properties": { "id": null, "Name": "ALD-1I-7/7-3-3", "description": null, "timestamp": null, "begin": null, "end": null, "altitudeMode": null, "tessellate": -1, "extrude": 0, "visibility": 0, "drawOrder": null, "icon": null, "Folder": "ALD-1I-7/7 / ALD FSP 0-1-6" }, "geometry": { "type": "Point", "coordinates": [ -106.489423, 31.744591, 0.0 ] } },
{ "type": "Feature", "properties": { "id": null, "Name": "ALD-1I-7/7-4-4", "description": null, "timestamp": null, "begin": null, "end": null, "altitudeMode": null, "tessellate": -1, "extrude": 0, "visibility": 0, "drawOrder": null, "icon": null, "Folder": "ALD-1I-7/7 / ALD FSP 0-1-6" }, "geometry": { "type": "Point", "coordinates": [ -106.488875, 31.745656, 0.0 ] } },
{ "type": "Feature", "properties": { "id": null, "Name": "ALD-1I-7/7-5-5", "description": null, "timestamp": null, "begin": null, "end": null, "altitudeMode": null, "tessellate": -1, "extrude": 0, "visibility": 0, "drawOrder": null, "icon": null, "Folder": "ALD-1I-7/7 / ALD FSP 0-1-6" }, "geometry": { "type": "Point", "coordinates": [ -106.488066, 31.746024, 0.0 ] } },
{ "type": "Feature", "properties": { "id": null, "Name": "ALD-1I-7/7-6-6", "description": null, "timestamp": null, "begin": null, "end": null, "altitudeMode": null, "tessellate": -1, "extrude": 0, "visibility": 0, "drawOrder": null, "icon": null, "Folder": "ALD-1I-7/7 / ALD FSP 0-1-6" }, "geometry": { "type": "Point", "coordinates": [ -106.487199, 31.745137, 0.0 ] } },
{ "type": "Feature", "properties": { "id": null, "Name": "ALD-1I-7/7-7-7", "description": null, "timestamp": null, "begin": null, "end": null, "altitudeMode": null, "tessellate": -1, "extrude": 0, "visibility": 0, "drawOrder": null, "icon": null, "Folder": "ALD-1I-7/7 / ALD FSP 0-1-6" }, "geometry": { "type": "Point", "coordinates": [ -106.487708, 31.743861, 0.0 ] } },
{ "type": "Feature", "properties": { "id": null, "Name": "ALD-1I-7/7-8-8", "description": null, "timestamp": null, "begin": null, "end": null, "altitudeMode": null, "tessellate": -1, "extrude": 0, "visibility": 0, "drawOrder": null, "icon": null, "Folder": "ALD-1I-7/7 / ALD FSP 0-1-6" }, "geometry": { "type": "Point", "coordinates": [ -106.487956, 31.742925, 0.0 ] } },
{ "type": "Feature", "properties": { "id": null, "Name": "ALD-1I-8/8-1-1", "description": null, "timestamp": null, "begin": null, "end": null, "altitudeMode": null, "tessellate": -1, "extrude": 0, "visibility": 0, "drawOrder": null, "icon": null, "Folder": "ALD-1I-8/8 / ALD FSP 0-1-7" }, "geometry": { "type": "Point", "coordinates": [ -106.491482, 31.743174, 0.0 ] } },
{ "type": "Feature", "properties": { "id": null, "Name": "ALD-1I-8/8-2-2", "description": null, "timestamp": null, "begin": null, "end": null, "altitudeMode": null, "tessellate": -1, "extrude": 0, "visibility": 0, "drawOrder": null, "icon": null, "Folder": "ALD-1I-8/8 / ALD FSP 0-1-7" }, "geometry": { "type": "Point", "coordinates": [ -106.491781, 31.742486, 0.0 ] } },
{ "type": "Feature", "properties": { "id": null, "Name": "ALD-1I-8/8-3-3", "description": null, "timestamp": null, "begin": null, "end": null, "altitudeMode": null, "tessellate": -1, "extrude": 0, "visibility": 0, "drawOrder": null, "icon": null, "Folder": "ALD-1I-8/8 / ALD FSP 0-1-7" }, "geometry": { "type": "Point", "coordinates": [ -106.491944, 31.742064, 0.0 ] } },
{ "type": "Feature", "properties": { "id": null, "Name": "ALD-1I-8/8-4-4", "description": null, "timestamp": null, "begin": null, "end": null, "altitudeMode": null, "tessellate": -1, "extrude": 0, "visibility": 0, "drawOrder": null, "icon": null, "Folder": "ALD-1I-8/8 / ALD FSP 0-1-7" }, "geometry": { "type": "Point", "coordinates": [ -106.492381, 31.74098, 0.0 ] } },
{ "type": "Feature", "properties": { "id": null, "Name": "ALD-1I-8/8-5-5", "description": null, "timestamp": null, "begin": null, "end": null, "altitudeMode": null, "tessellate": -1, "extrude": 0, "visibility": 0, "drawOrder": null, "icon": null, "Folder": "ALD-1I-8/8 / ALD FSP 0-1-7" }, "geometry": { "type": "Point", "coordinates": [ -106.49343, 31.741289, 0.0 ] } },
{ "type": "Feature", "properties": { "id": null, "Name": "ALD-1I-8/8-6-6", "description": null, "timestamp": null, "begin": null, "end": null, "altitudeMode": null, "tessellate": -1, "extrude": 0, "visibility": 0, "drawOrder": null, "icon": null, "Folder": "ALD-1I-8/8 / ALD FSP 0-1-7" }, "geometry": { "type": "Point", "coordinates": [ -106.493475, 31.742075, 0.0 ] } },
{ "type": "Feature", "properties": { "id": null, "Name": "ALD-1I-8/8-7-7", "description": null, "timestamp": null, "begin": null, "end": null, "altitudeMode": null, "tessellate": -1, "extrude": 0, "visibility": 0, "drawOrder": null, "icon": null, "Folder": "ALD-1I-8/8 / ALD FSP 0-1-7" }, "geometry": { "type": "Point", "coordinates": [ -106.493211, 31.742623, 0.0 ] } },
{ "type": "Feature", "properties": { "id": null, "Name": "ALD-1I-8/8-8-8", "description": null, "timestamp": null, "begin": null, "end": null, "altitudeMode": null, "tessellate": -1, "extrude": 0, "visibility": 0, "drawOrder": null, "icon": null, "Folder": "ALD-1I-8/8 / ALD FSP 0-1-7" }, "geometry": { "type": "Point", "coordinates": [ -106.493006, 31.743206, 0.0 ] } },
{ "type": "Feature", "properties": { "id": null, "Name": "ALD-1I-9/9-1-1", "description": null, "timestamp": null, "begin": null, "end": null, "altitudeMode": null, "tessellate": -1, "extrude": 0, "visibility": 0, "drawOrder": null, "icon": null, "Folder": "ALD-1I-9/9 / ALD FSP 0-1-8" }, "geometry": { "type": "Point", "coordinates": [ -106.4915, 31.744181, 0.0 ] } },
{ "type": "Feature", "properties": { "id": null, "Name": "ALD-1I-9/9-2-2", "description": null, "timestamp": null, "begin": null, "end": null, "altitudeMode": null, "tessellate": -1, "extrude": 0, "visibility": 0, "drawOrder": null, "icon": null, "Folder": "ALD-1I-9/9 / ALD FSP 0-1-8" }, "geometry": { "type": "Point", "coordinates": [ -106.491055413391805, 31.745564797983601, 0.0 ] } },
{ "type": "Feature", "properties": { "id": null, "Name": "ALD-1I-9/9-3-3", "description": null, "timestamp": null, "begin": null, "end": null, "altitudeMode": null, "tessellate": -1, "extrude": 0, "visibility": 0, "drawOrder": null, "icon": null, "Folder": "ALD-1I-9/9 / ALD FSP 0-1-8" }, "geometry": { "type": "Point", "coordinates": [ -106.490693728266393, 31.746182255917759, 0.0 ] } },
{ "type": "Feature", "properties": { "id": null, "Name": "ALD-1I-9/9-4-4", "description": null, "timestamp": null, "begin": null, "end": null, "altitudeMode": null, "tessellate": -1, "extrude": 0, "visibility": 0, "drawOrder": null, "icon": null, "Folder": "ALD-1I-9/9 / ALD FSP 0-1-8" }, "geometry": { "type": "Point", "coordinates": [ -106.490539, 31.746851, 0.0 ] } },
{ "type": "Feature", "properties": { "id": null, "Name": "ALD-1I-9/9-5-5", "description": null, "timestamp": null, "begin": null, "end": null, "altitudeMode": null, "tessellate": -1, "extrude": 0, "visibility": 0, "drawOrder": null, "icon": null, "Folder": "ALD-1I-9/9 / ALD FSP 0-1-8" }, "geometry": { "type": "Point", "coordinates": [ -106.490992, 31.746987, 0.0 ] } },
{ "type": "Feature", "properties": { "id": null, "Name": "ALD-1I-9/9-6-6", "description": null, "timestamp": null, "begin": null, "end": null, "altitudeMode": null, "tessellate": -1, "extrude": 0, "visibility": 0, "drawOrder": null, "icon": null, "Folder": "ALD-1I-9/9 / ALD FSP 0-1-8" }, "geometry": { "type": "Point", "coordinates": [ -106.491844, 31.747247, 0.0 ] } },
{ "type": "Feature", "properties": { "id": null, "Name": "ALD-1I-9/9-7-7", "description": null, "timestamp": null, "begin": null, "end": null, "altitudeMode": null, "tessellate": -1, "extrude": 0, "visibility": 0, "drawOrder": null, "icon": null, "Folder": "ALD-1I-9/9 / ALD FSP 0-1-8" }, "geometry": { "type": "Point", "coordinates": [ -106.492517, 31.748147, 0.0 ] } },
{ "type": "Feature", "properties": { "id": null, "Name": "ALD-1I-9/9-8-8", "description": null, "timestamp": null, "begin": null, "end": null, "altitudeMode": null, "tessellate": -1, "extrude": 0, "visibility": 0, "drawOrder": null, "icon": null, "Folder": "ALD-1I-9/9 / ALD FSP 0-1-8" }, "geometry": { "type": "Point", "coordinates": [ -106.492275, 31.748772, 0.0 ] } },
{ "type": "Feature", "properties": { "id": null, "Name": "ALD-1I-10/10-1-1", "description": null, "timestamp": null, "begin": null, "end": null, "altitudeMode": null, "tessellate": -1, "extrude": 0, "visibility": 0, "drawOrder": null, "icon": null, "Folder": "ALD-1I-10/10 / ALD FSP 0-1-9" }, "geometry": { "type": "Point", "coordinates": [ -106.492305931048406, 31.7437088402563, 0.0 ] } },
{ "type": "Feature", "properties": { "id": null, "Name": "ALD-1I-10/10-2-2", "description": null, "timestamp": null, "begin": null, "end": null, "altitudeMode": null, "tessellate": -1, "extrude": 0, "visibility": 0, "drawOrder": null, "icon": null, "Folder": "ALD-1I-10/10 / ALD FSP 0-1-9" }, "geometry": { "type": "Point", "coordinates": [ -106.493206, 31.743942, 0.0 ] } },
{ "type": "Feature", "properties": { "id": null, "Name": "ALD-1I-10/10-3-3", "description": null, "timestamp": null, "begin": null, "end": null, "altitudeMode": null, "tessellate": -1, "extrude": 0, "visibility": 0, "drawOrder": null, "icon": null, "Folder": "ALD-1I-10/10 / ALD FSP 0-1-9" }, "geometry": { "type": "Point", "coordinates": [ -106.493367, 31.744788, 0.0 ] } },
{ "type": "Feature", "properties": { "id": null, "Name": "ALD-1I-10/10-4-4", "description": null, "timestamp": null, "begin": null, "end": null, "altitudeMode": null, "tessellate": -1, "extrude": 0, "visibility": 0, "drawOrder": null, "icon": null, "Folder": "ALD-1I-10/10 / ALD FSP 0-1-9" }, "geometry": { "type": "Point", "coordinates": [ -106.493039, 31.745433, 0.0 ] } },
{ "type": "Feature", "properties": { "id": null, "Name": "ALD-1I-10/10-5-5", "description": null, "timestamp": null, "begin": null, "end": null, "altitudeMode": null, "tessellate": -1, "extrude": 0, "visibility": 0, "drawOrder": null, "icon": null, "Folder": "ALD-1I-10/10 / ALD FSP 0-1-9" }, "geometry": { "type": "Point", "coordinates": [ -106.493258268960304, 31.746140794343351, 0.0 ] } },
{ "type": "Feature", "properties": { "id": null, "Name": "ALD-1I-10/10-6-6", "description": null, "timestamp": null, "begin": null, "end": null, "altitudeMode": null, "tessellate": -1, "extrude": 0, "visibility": 0, "drawOrder": null, "icon": null, "Folder": "ALD-1I-10/10 / ALD FSP 0-1-9" }, "geometry": { "type": "Point", "coordinates": [ -106.493706206575894, 31.74626362843669, 0.0 ] } },
{ "type": "Feature", "properties": { "id": null, "Name": "ALD-1I-10/10-7-7", "description": null, "timestamp": null, "begin": null, "end": null, "altitudeMode": null, "tessellate": -1, "extrude": 0, "visibility": 0, "drawOrder": null, "icon": null, "Folder": "ALD-1I-10/10 / ALD FSP 0-1-9" }, "geometry": { "type": "Point", "coordinates": [ -106.494213, 31.746409, 0.0 ] } },
{ "type": "Feature", "properties": { "id": null, "Name": "ALD-1I-10/10-8-8", "description": null, "timestamp": null, "begin": null, "end": null, "altitudeMode": null, "tessellate": -1, "extrude": 0, "visibility": 0, "drawOrder": null, "icon": null, "Folder": "ALD-1I-10/10 / ALD FSP 0-1-9" }, "geometry": { "type": "Point", "coordinates": [ -106.494691, 31.746553, 0.0 ] } },
{ "type": "Feature", "properties": { "id": null, "Name": "ALD-1I-49/1-1-1", "description": null, "timestamp": null, "begin": null, "end": null, "altitudeMode": null, "tessellate": -1, "extrude": 0, "visibility": 0, "drawOrder": null, "icon": null, "Folder": "ALD-1I-49/1 / ALD FSP 0-1-10" }, "geometry": { "type": "Point", "coordinates": [ -106.499739, 31.729108, 0.0 ] } },
{ "type": "Feature", "properties": { "id": null, "Name": "ALD-1I-49/1-2-2", "description": null, "timestamp": null, "begin": null, "end": null, "altitudeMode": null, "tessellate": -1, "extrude": 0, "visibility": 0, "drawOrder": null, "icon": null, "Folder": "ALD-1I-49/1 / ALD FSP 0-1-10" }, "geometry": { "type": "Point", "coordinates": [ -106.499522, 31.729731, 0.0 ] } },
{ "type": "Feature", "properties": { "id": null, "Name": "ALD-1I-49/1-3-3", "description": null, "timestamp": null, "begin": null, "end": null, "altitudeMode": null, "tessellate": -1, "extrude": 0, "visibility": 0, "drawOrder": null, "icon": null, "Folder": "ALD-1I-49/1 / ALD FSP 0-1-10" }, "geometry": { "type": "Point", "coordinates": [ -106.499819, 31.73006, 0.0 ] } },
{ "type": "Feature", "properties": { "id": null, "Name": "ALD-1I-49/1-4-4", "description": null, "timestamp": null, "begin": null, "end": null, "altitudeMode": null, "tessellate": -1, "extrude": 0, "visibility": 0, "drawOrder": null, "icon": null, "Folder": "ALD-1I-49/1 / ALD FSP 0-1-10" }, "geometry": { "type": "Point", "coordinates": [ -106.500168, 31.730582, 0.0 ] } },
{ "type": "Feature", "properties": { "id": null, "Name": "ALD-1I-49/1-5-5", "description": null, "timestamp": null, "begin": null, "end": null, "altitudeMode": null, "tessellate": -1, "extrude": 0, "visibility": 0, "drawOrder": null, "icon": null, "Folder": "ALD-1I-49/1 / ALD FSP 0-1-10" }, "geometry": { "type": "Point", "coordinates": [ -106.499873472398505, 31.73128, 0.0 ] } },
{ "type": "Feature", "properties": { "id": null, "Name": "ALD-1I-49/1-6-6", "description": null, "timestamp": null, "begin": null, "end": null, "altitudeMode": null, "tessellate": -1, "extrude": 0, "visibility": 0, "drawOrder": null, "icon": null, "Folder": "ALD-1I-49/1 / ALD FSP 0-1-10" }, "geometry": { "type": "Point", "coordinates": [ -106.499649, 31.731859, 0.0 ] } },
{ "type": "Feature", "properties": { "id": null, "Name": "ALD-1I-49/1-7-7", "description": null, "timestamp": null, "begin": null, "end": null, "altitudeMode": null, "tessellate": -1, "extrude": 0, "visibility": 0, "drawOrder": null, "icon": null, "Folder": "ALD-1I-49/1 / ALD FSP 0-1-10" }, "geometry": { "type": "Point", "coordinates": [ -106.498748242266004, 31.732618, 0.0 ] } },
{ "type": "Feature", "properties": { "id": null, "Name": "ALD-1I-49/1-8-8", "description": null, "timestamp": null, "begin": null, "end": null, "altitudeMode": null, "tessellate": -1, "extrude": 0, "visibility": 0, "drawOrder": null, "icon": null, "Folder": "ALD-1I-49/1 / ALD FSP 0-1-10" }, "geometry": { "type": "Point", "coordinates": [ -106.498137, 31.732852, 0.0 ] } },
{ "type": "Feature", "properties": { "id": null, "Name": "ALD-1I-50/2-1-1", "description": null, "timestamp": null, "begin": null, "end": null, "altitudeMode": null, "tessellate": -1, "extrude": 0, "visibility": 0, "drawOrder": null, "icon": null, "Folder": "ALD-1I-50/2 / ALD FSP 0-1-11" }, "geometry": { "type": "Point", "coordinates": [ -106.501731787195993, 31.72569813410448, 0.0 ] } },
{ "type": "Feature", "properties": { "id": null, "Name": "ALD-1I-50/2-2-2", "description": null, "timestamp": null, "begin": null, "end": null, "altitudeMode": null, "tessellate": -1, "extrude": 0, "visibility": 0, "drawOrder": null, "icon": null, "Folder": "ALD-1I-50/2 / ALD FSP 0-1-11" }, "geometry": { "type": "Point", "coordinates": [ -106.499193934858596, 31.726751291823501, 0.0 ] } },
{ "type": "Feature", "properties": { "id": null, "Name": "ALD-1I-50/2-3-3", "description": null, "timestamp": null, "begin": null, "end": null, "altitudeMode": null, "tessellate": -1, "extrude": 0, "visibility": 0, "drawOrder": null, "icon": null, "Folder": "ALD-1I-50/2 / ALD FSP 0-1-11" }, "geometry": { "type": "Point", "coordinates": [ -106.5007828576652, 31.7262757696618, 0.0 ] } },
{ "type": "Feature", "properties": { "id": null, "Name": "ALD-1I-50/2-4-4", "description": null, "timestamp": null, "begin": null, "end": null, "altitudeMode": null, "tessellate": -1, "extrude": 0, "visibility": 0, "drawOrder": null, "icon": null, "Folder": "ALD-1I-50/2 / ALD FSP 0-1-11" }, "geometry": { "type": "Point", "coordinates": [ -106.503046114067899, 31.72576150683696, 0.0 ] } },
{ "type": "Feature", "properties": { "id": null, "Name": "ALD-1I-50/2-5-5", "description": null, "timestamp": null, "begin": null, "end": null, "altitudeMode": null, "tessellate": -1, "extrude": 0, "visibility": 0, "drawOrder": null, "icon": null, "Folder": "ALD-1I-50/2 / ALD FSP 0-1-11" }, "geometry": { "type": "Point", "coordinates": [ -106.503482949891406, 31.726275982230391, 0.0 ] } },
{ "type": "Feature", "properties": { "id": null, "Name": "ALD-1I-50/2-6-6", "description": null, "timestamp": null, "begin": null, "end": null, "altitudeMode": null, "tessellate": -1, "extrude": 0, "visibility": 0, "drawOrder": null, "icon": null, "Folder": "ALD-1I-50/2 / ALD FSP 0-1-11" }, "geometry": { "type": "Point", "coordinates": [ -106.503801413793497, 31.726655431580578, 0.0 ] } },
{ "type": "Feature", "properties": { "id": null, "Name": "ALD-1I-50/2-7-7", "description": null, "timestamp": null, "begin": null, "end": null, "altitudeMode": null, "tessellate": -1, "extrude": 0, "visibility": 0, "drawOrder": null, "icon": null, "Folder": "ALD-1I-50/2 / ALD FSP 0-1-11" }, "geometry": { "type": "Point", "coordinates": [ -106.504369015180998, 31.727370364210429, 0.0 ] } },
{ "type": "Feature", "properties": { "id": null, "Name": "ALD-1I-50/2-8-8", "description": null, "timestamp": null, "begin": null, "end": null, "altitudeMode": null, "tessellate": -1, "extrude": 0, "visibility": 0, "drawOrder": null, "icon": null, "Folder": "ALD-1I-50/2 / ALD FSP 0-1-11" }, "geometry": { "type": "Point", "coordinates": [ -106.504942314927902, 31.72723465871519, 0.0 ] } },
{ "type": "Feature", "properties": { "id": null, "Name": "ALD-1I-51/3-1-1", "description": null, "timestamp": null, "begin": null, "end": null, "altitudeMode": null, "tessellate": -1, "extrude": 0, "visibility": 0, "drawOrder": null, "icon": null, "Folder": "ALD-1I-51/3 / ALD FSP 0-1-12" }, "geometry": { "type": "Point", "coordinates": [ -106.499786, 31.726536, 0.0 ] } },
{ "type": "Feature", "properties": { "id": null, "Name": "ALD-1I-51/3-2-2", "description": null, "timestamp": null, "begin": null, "end": null, "altitudeMode": null, "tessellate": -1, "extrude": 0, "visibility": 0, "drawOrder": null, "icon": null, "Folder": "ALD-1I-51/3 / ALD FSP 0-1-12" }, "geometry": { "type": "Point", "coordinates": [ -106.500167, 31.725298, 0.0 ] } },
{ "type": "Feature", "properties": { "id": null, "Name": "ALD-1I-51/3-3-3", "description": null, "timestamp": null, "begin": null, "end": null, "altitudeMode": null, "tessellate": -1, "extrude": 0, "visibility": 0, "drawOrder": null, "icon": null, "Folder": "ALD-1I-51/3 / ALD FSP 0-1-12" }, "geometry": { "type": "Point", "coordinates": [ -106.500402, 31.725739, 0.0 ] } },
{ "type": "Feature", "properties": { "id": null, "Name": "ALD-1I-51/3-4-4", "description": null, "timestamp": null, "begin": null, "end": null, "altitudeMode": null, "tessellate": -1, "extrude": 0, "visibility": 0, "drawOrder": null, "icon": null, "Folder": "ALD-1I-51/3 / ALD FSP 0-1-12" }, "geometry": { "type": "Point", "coordinates": [ -106.501346, 31.726899, 0.0 ] } },
{ "type": "Feature", "properties": { "id": null, "Name": "ALD-1I-51/3-5-5", "description": null, "timestamp": null, "begin": null, "end": null, "altitudeMode": null, "tessellate": -1, "extrude": 0, "visibility": 0, "drawOrder": null, "icon": null, "Folder": "ALD-1I-51/3 / ALD FSP 0-1-12" }, "geometry": { "type": "Point", "coordinates": [ -106.501979, 31.727683, 0.0 ] } },
{ "type": "Feature", "properties": { "id": null, "Name": "ALD-1I-51/3-6-6", "description": null, "timestamp": null, "begin": null, "end": null, "altitudeMode": null, "tessellate": -1, "extrude": 0, "visibility": 0, "drawOrder": null, "icon": null, "Folder": "ALD-1I-51/3 / ALD FSP 0-1-12" }, "geometry": { "type": "Point", "coordinates": [ -106.50138, 31.728055, 0.0 ] } },
{ "type": "Feature", "properties": { "id": null, "Name": "ALD-1I-51/3-7-7", "description": null, "timestamp": null, "begin": null, "end": null, "altitudeMode": null, "tessellate": -1, "extrude": 0, "visibility": 0, "drawOrder": null, "icon": null, "Folder": "ALD-1I-51/3 / ALD FSP 0-1-12" }, "geometry": { "type": "Point", "coordinates": [ -106.501856, 31.728628, 0.0 ] } },
{ "type": "Feature", "properties": { "id": null, "Name": "ALD-1I-51/3-8-8", "description": null, "timestamp": null, "begin": null, "end": null, "altitudeMode": null, "tessellate": -1, "extrude": 0, "visibility": 0, "drawOrder": null, "icon": null, "Folder": "ALD-1I-51/3 / ALD FSP 0-1-12" }, "geometry": { "type": "Point", "coordinates": [ -106.501261, 31.7303, 0.0 ] } },
{ "type": "Feature", "properties": { "id": null, "Name": "ALD-1I-52/4-1-1", "description": null, "timestamp": null, "begin": null, "end": null, "altitudeMode": null, "tessellate": -1, "extrude": 0, "visibility": 0, "drawOrder": null, "icon": null, "Folder": "ALD-1I-52/4 / ALD FSP 0-1-13" }, "geometry": { "type": "Point", "coordinates": [ -106.498757, 31.72664, 0.0 ] } },
{ "type": "Feature", "properties": { "id": null, "Name": "ALD-1I-52/4-2-2", "description": null, "timestamp": null, "begin": null, "end": null, "altitudeMode": null, "tessellate": -1, "extrude": 0, "visibility": 0, "drawOrder": null, "icon": null, "Folder": "ALD-1I-52/4 / ALD FSP 0-1-13" }, "geometry": { "type": "Point", "coordinates": [ -106.498185, 31.726461, 0.0 ] } },
{ "type": "Feature", "properties": { "id": null, "Name": "ALD-1I-52/4-3-3", "description": null, "timestamp": null, "begin": null, "end": null, "altitudeMode": null, "tessellate": -1, "extrude": 0, "visibility": 0, "drawOrder": null, "icon": null, "Folder": "ALD-1I-52/4 / ALD FSP 0-1-13" }, "geometry": { "type": "Point", "coordinates": [ -106.497383, 31.726197, 0.0 ] } },
{ "type": "Feature", "properties": { "id": null, "Name": "ALD-1I-52/4-4-4", "description": null, "timestamp": null, "begin": null, "end": null, "altitudeMode": null, "tessellate": -1, "extrude": 0, "visibility": 0, "drawOrder": null, "icon": null, "Folder": "ALD-1I-52/4 / ALD FSP 0-1-13" }, "geometry": { "type": "Point", "coordinates": [ -106.495825, 31.726333, 0.0 ] } },
{ "type": "Feature", "properties": { "id": null, "Name": "ALD-1I-52/4-5-5", "description": null, "timestamp": null, "begin": null, "end": null, "altitudeMode": null, "tessellate": -1, "extrude": 0, "visibility": 0, "drawOrder": null, "icon": null, "Folder": "ALD-1I-52/4 / ALD FSP 0-1-13" }, "geometry": { "type": "Point", "coordinates": [ -106.495504, 31.727058, 0.0 ] } },
{ "type": "Feature", "properties": { "id": null, "Name": "ALD-1I-52/4-6-6", "description": null, "timestamp": null, "begin": null, "end": null, "altitudeMode": null, "tessellate": -1, "extrude": 0, "visibility": 0, "drawOrder": null, "icon": null, "Folder": "ALD-1I-52/4 / ALD FSP 0-1-13" }, "geometry": { "type": "Point", "coordinates": [ -106.494968, 31.728397, 0.0 ] } },
{ "type": "Feature", "properties": { "id": null, "Name": "ALD-1I-52/4-7-7", "description": null, "timestamp": null, "begin": null, "end": null, "altitudeMode": null, "tessellate": -1, "extrude": 0, "visibility": 0, "drawOrder": null, "icon": null, "Folder": "ALD-1I-52/4 / ALD FSP 0-1-13" }, "geometry": { "type": "Point", "coordinates": [ -106.49565, 31.729297, 0.0 ] } },
{ "type": "Feature", "properties": { "id": null, "Name": "ALD-1I-52/4-8-8", "description": null, "timestamp": null, "begin": null, "end": null, "altitudeMode": null, "tessellate": -1, "extrude": 0, "visibility": 0, "drawOrder": null, "icon": null, "Folder": "ALD-1I-52/4 / ALD FSP 0-1-13" }, "geometry": { "type": "Point", "coordinates": [ -106.497618, 31.729188, 0.0 ] } },
{ "type": "Feature", "properties": { "id": null, "Name": "ALD-1I-54/6-1-1", "description": null, "timestamp": null, "begin": null, "end": null, "altitudeMode": null, "tessellate": -1, "extrude": 0, "visibility": 0, "drawOrder": null, "icon": null, "Folder": "ALD-1I-54/6 / ALD FSP 0-1-14" }, "geometry": { "type": "Point", "coordinates": [ -106.498389, 31.730095, 0.0 ] } },
{ "type": "Feature", "properties": { "id": null, "Name": "ALD-1I-54/6-2-2", "description": null, "timestamp": null, "begin": null, "end": null, "altitudeMode": null, "tessellate": -1, "extrude": 0, "visibility": 0, "drawOrder": null, "icon": null, "Folder": "ALD-1I-54/6 / ALD FSP 0-1-14" }, "geometry": { "type": "Point", "coordinates": [ -106.497892, 31.729942, 0.0 ] } },
{ "type": "Feature", "properties": { "id": null, "Name": "ALD-1I-54/6-3-3", "description": null, "timestamp": null, "begin": null, "end": null, "altitudeMode": null, "tessellate": -1, "extrude": 0, "visibility": 0, "drawOrder": null, "icon": null, "Folder": "ALD-1I-54/6 / ALD FSP 0-1-14" }, "geometry": { "type": "Point", "coordinates": [ -106.496975, 31.729678, 0.0 ] } },
{ "type": "Feature", "properties": { "id": null, "Name": "ALD-1I-54/6-4-4", "description": null, "timestamp": null, "begin": null, "end": null, "altitudeMode": null, "tessellate": -1, "extrude": 0, "visibility": 0, "drawOrder": null, "icon": null, "Folder": "ALD-1I-54/6 / ALD FSP 0-1-14" }, "geometry": { "type": "Point", "coordinates": [ -106.496448, 31.7295, 0.0 ] } },
{ "type": "Feature", "properties": { "id": null, "Name": "ALD-1I-54/6-5-5", "description": null, "timestamp": null, "begin": null, "end": null, "altitudeMode": null, "tessellate": -1, "extrude": 0, "visibility": 0, "drawOrder": null, "icon": null, "Folder": "ALD-1I-54/6 / ALD FSP 0-1-14" }, "geometry": { "type": "Point", "coordinates": [ -106.496227, 31.730145, 0.0 ] } },
{ "type": "Feature", "properties": { "id": null, "Name": "ALD-1I-54/6-6-6", "description": null, "timestamp": null, "begin": null, "end": null, "altitudeMode": null, "tessellate": -1, "extrude": 0, "visibility": 0, "drawOrder": null, "icon": null, "Folder": "ALD-1I-54/6 / ALD FSP 0-1-14" }, "geometry": { "type": "Point", "coordinates": [ -106.496054056428605, 31.73083521331484, 0.0 ] } },
{ "type": "Feature", "properties": { "id": null, "Name": "ALD-1I-54/6-7-7", "description": null, "timestamp": null, "begin": null, "end": null, "altitudeMode": null, "tessellate": -1, "extrude": 0, "visibility": 0, "drawOrder": null, "icon": null, "Folder": "ALD-1I-54/6 / ALD FSP 0-1-14" }, "geometry": { "type": "Point", "coordinates": [ -106.495625770470696, 31.731758232739281, 0.0 ] } },
{ "type": "Feature", "properties": { "id": null, "Name": "ALD-1I-54/6-8-8", "description": null, "timestamp": null, "begin": null, "end": null, "altitudeMode": null, "tessellate": -1, "extrude": 0, "visibility": 0, "drawOrder": null, "icon": null, "Folder": "ALD-1I-54/6 / ALD FSP 0-1-14" }, "geometry": { "type": "Point", "coordinates": [ -106.495118086626505, 31.7329884377639, 0.0 ] } },
{ "type": "Feature", "properties": { "id": null, "Name": "ALD-1I-53/5-1-1", "description": null, "timestamp": null, "begin": null, "end": null, "altitudeMode": null, "tessellate": -1, "extrude": 0, "visibility": 0, "drawOrder": null, "icon": null, "Folder": "ALD-1I-53/5 / ALD FSP 0-1-15" }, "geometry": { "type": "Point", "coordinates": [ -106.498828, 31.728843, 0.0 ] } },
{ "type": "Feature", "properties": { "id": null, "Name": "ALD-1I-53/5-2-2", "description": null, "timestamp": null, "begin": null, "end": null, "altitudeMode": null, "tessellate": -1, "extrude": 0, "visibility": 0, "drawOrder": null, "icon": null, "Folder": "ALD-1I-53/5 / ALD FSP 0-1-15" }, "geometry": { "type": "Point", "coordinates": [ -106.498721, 31.72911, 0.0 ] } },
{ "type": "Feature", "properties": { "id": null, "Name": "ALD-1I-53/5-3-3", "description": null, "timestamp": null, "begin": null, "end": null, "altitudeMode": null, "tessellate": -1, "extrude": 0, "visibility": 0, "drawOrder": null, "icon": null, "Folder": "ALD-1I-53/5 / ALD FSP 0-1-15" }, "geometry": { "type": "Point", "coordinates": [ -106.498588, 31.729425, 0.0 ] } },
{ "type": "Feature", "properties": { "id": null, "Name": "ALD-1I-53/5-4-4", "description": null, "timestamp": null, "begin": null, "end": null, "altitudeMode": null, "tessellate": -1, "extrude": 0, "visibility": 0, "drawOrder": null, "icon": null, "Folder": "ALD-1I-53/5 / ALD FSP 0-1-15" }, "geometry": { "type": "Point", "coordinates": [ -106.498069, 31.730719, 0.0 ] } },
{ "type": "Feature", "properties": { "id": null, "Name": "ALD-1I-53/5-5-5", "description": null, "timestamp": null, "begin": null, "end": null, "altitudeMode": null, "tessellate": -1, "extrude": 0, "visibility": 0, "drawOrder": null, "icon": null, "Folder": "ALD-1I-53/5 / ALD FSP 0-1-15" }, "geometry": { "type": "Point", "coordinates": [ -106.497163, 31.732937, 0.0 ] } },
{ "type": "Feature", "properties": { "id": null, "Name": "ALD-1I-53/5-6-6", "description": null, "timestamp": null, "begin": null, "end": null, "altitudeMode": null, "tessellate": -1, "extrude": 0, "visibility": 0, "drawOrder": null, "icon": null, "Folder": "ALD-1I-53/5 / ALD FSP 0-1-15" }, "geometry": { "type": "Point", "coordinates": [ -106.495908, 31.73363, 0.0 ] } },
{ "type": "Feature", "properties": { "id": null, "Name": "ALD-1I-53/5-7-7", "description": null, "timestamp": null, "begin": null, "end": null, "altitudeMode": null, "tessellate": -1, "extrude": 0, "visibility": 0, "drawOrder": null, "icon": null, "Folder": "ALD-1I-53/5 / ALD FSP 0-1-15" }, "geometry": { "type": "Point", "coordinates": [ -106.494988, 31.733331, 0.0 ] } },
{ "type": "Feature", "properties": { "id": null, "Name": "ALD-1I-53/5-8-8", "description": null, "timestamp": null, "begin": null, "end": null, "altitudeMode": null, "tessellate": -1, "extrude": 0, "visibility": 0, "drawOrder": null, "icon": null, "Folder": "ALD-1I-53/5 / ALD FSP 0-1-15" }, "geometry": { "type": "Point", "coordinates": [ -106.493701, 31.732964, 0.0 ] } },
{ "type": "Feature", "properties": { "id": null, "Name": "ALD-1I-55/7-1-1", "description": null, "timestamp": null, "begin": null, "end": null, "altitudeMode": null, "tessellate": -1, "extrude": 0, "visibility": 0, "drawOrder": null, "icon": null, "Folder": "ALD-1I-55/7 / ALD FSP 0-2-0" }, "geometry": { "type": "Point", "coordinates": [ -106.496986, 31.731097, 0.0 ] } },
{ "type": "Feature", "properties": { "id": null, "Name": "ALD-1I-55/7-2-2", "description": null, "timestamp": null, "begin": null, "end": null, "altitudeMode": null, "tessellate": -1, "extrude": 0, "visibility": 0, "drawOrder": null, "icon": null, "Folder": "ALD-1I-55/7 / ALD FSP 0-2-0" }, "geometry": { "type": "Point", "coordinates": [ -106.496422, 31.730897, 0.0 ] } },
{ "type": "Feature", "properties": { "id": null, "Name": "ALD-1I-55/7-3-3", "description": null, "timestamp": null, "begin": null, "end": null, "altitudeMode": null, "tessellate": -1, "extrude": 0, "visibility": 0, "drawOrder": null, "icon": null, "Folder": "ALD-1I-55/7 / ALD FSP 0-2-0" }, "geometry": { "type": "Point", "coordinates": [ -106.495328110854302, 31.729828018855461, 0.0 ] } },
{ "type": "Feature", "properties": { "id": null, "Name": "ALD-1I-55/7-4-4", "description": null, "timestamp": null, "begin": null, "end": null, "altitudeMode": null, "tessellate": -1, "extrude": 0, "visibility": 0, "drawOrder": null, "icon": null, "Folder": "ALD-1I-55/7 / ALD FSP 0-2-0" }, "geometry": { "type": "Point", "coordinates": [ -106.494628, 31.730359, 0.0 ] } },
{ "type": "Feature", "properties": { "id": null, "Name": "ALD-1I-55/7-5", "description": null, "timestamp": null, "begin": null, "end": null, "altitudeMode": null, "tessellate": -1, "extrude": 0, "visibility": 0, "drawOrder": null, "icon": null, "Folder": "ALD-1I-55/7 / ALD FSP 0-2-0" }, "geometry": { "type": "Point", "coordinates": [ -106.494157, 31.730219, 0.0 ] } },
{ "type": "Feature", "properties": { "id": null, "Name": "ALD-1I-55/7-6-6", "description": null, "timestamp": null, "begin": null, "end": null, "altitudeMode": null, "tessellate": -1, "extrude": 0, "visibility": 0, "drawOrder": null, "icon": null, "Folder": "ALD-1I-55/7 / ALD FSP 0-2-0" }, "geometry": { "type": "Point", "coordinates": [ -106.493936, 31.730881, 0.0 ] } },
{ "type": "Feature", "properties": { "id": null, "Name": "ALD-1I-55/7-7-7", "description": null, "timestamp": null, "begin": null, "end": null, "altitudeMode": null, "tessellate": -1, "extrude": 0, "visibility": 0, "drawOrder": null, "icon": null, "Folder": "ALD-1I-55/7 / ALD FSP 0-2-0" }, "geometry": { "type": "Point", "coordinates": [ -106.493667, 31.731525, 0.0 ] } },
{ "type": "Feature", "properties": { "id": null, "Name": "ALD-1I-55/7-8-8", "description": null, "timestamp": null, "begin": null, "end": null, "altitudeMode": null, "tessellate": -1, "extrude": 0, "visibility": 0, "drawOrder": null, "icon": null, "Folder": "ALD-1I-55/7 / ALD FSP 0-2-0" }, "geometry": { "type": "Point", "coordinates": [ -106.493410668102896, 31.732206406325371, 0.0 ] } },
{ "type": "Feature", "properties": { "id": null, "Name": "ALD-1I-56/8-1-1", "description": null, "timestamp": null, "begin": null, "end": null, "altitudeMode": null, "tessellate": -1, "extrude": 0, "visibility": 0, "drawOrder": null, "icon": null, "Folder": "ALD-1I-56/8 / ALD FSP 0-2-1" }, "geometry": { "type": "Point", "coordinates": [ -106.496163, 31.732996, 0.0 ] } },
{ "type": "Feature", "properties": { "id": null, "Name": "ALD-1I-56/8-2-2", "description": null, "timestamp": null, "begin": null, "end": null, "altitudeMode": null, "tessellate": -1, "extrude": 0, "visibility": 0, "drawOrder": null, "icon": null, "Folder": "ALD-1I-56/8 / ALD FSP 0-2-1" }, "geometry": { "type": "Point", "coordinates": [ -106.495251, 31.732712, 0.0 ] } },
{ "type": "Feature", "properties": { "id": null, "Name": "ALD-1I-56/8-3-3", "description": null, "timestamp": null, "begin": null, "end": null, "altitudeMode": null, "tessellate": -1, "extrude": 0, "visibility": 0, "drawOrder": null, "icon": null, "Folder": "ALD-1I-56/8 / ALD FSP 0-2-1" }, "geometry": { "type": "Point", "coordinates": [ -106.494355, 31.732448, 0.0 ] } },
{ "type": "Feature", "properties": { "id": null, "Name": "ALD-1I-56/8-4-4", "description": null, "timestamp": null, "begin": null, "end": null, "altitudeMode": null, "tessellate": -1, "extrude": 0, "visibility": 0, "drawOrder": null, "icon": null, "Folder": "ALD-1I-56/8 / ALD FSP 0-2-1" }, "geometry": { "type": "Point", "coordinates": [ -106.494713, 31.731501, 0.0 ] } },
{ "type": "Feature", "properties": { "id": null, "Name": "ALD-1I-56/8-5-5", "description": null, "timestamp": null, "begin": null, "end": null, "altitudeMode": null, "tessellate": -1, "extrude": 0, "visibility": 0, "drawOrder": null, "icon": null, "Folder": "ALD-1I-56/8 / ALD FSP 0-2-1" }, "geometry": { "type": "Point", "coordinates": [ -106.495124, 31.73053, 0.0 ] } },
{ "type": "Feature", "properties": { "id": null, "Name": "ALD-1I-56/8-6-6", "description": null, "timestamp": null, "begin": null, "end": null, "altitudeMode": null, "tessellate": -1, "extrude": 0, "visibility": 0, "drawOrder": null, "icon": null, "Folder": "ALD-1I-56/8 / ALD FSP 0-2-1" }, "geometry": { "type": "Point", "coordinates": [ -106.495386, 31.729889295462272, 0.0 ] } },
{ "type": "Feature", "properties": { "id": null, "Name": "ALD-1I-56/8-7-7", "description": null, "timestamp": null, "begin": null, "end": null, "altitudeMode": null, "tessellate": -1, "extrude": 0, "visibility": 0, "drawOrder": null, "icon": null, "Folder": "ALD-1I-56/8 / ALD FSP 0-2-1" }, "geometry": { "type": "Point", "coordinates": [ -106.494472, 31.729651, 0.0 ] } },
{ "type": "Feature", "properties": { "id": null, "Name": "ALD-1I-56/8-8-8", "description": null, "timestamp": null, "begin": null, "end": null, "altitudeMode": null, "tessellate": -1, "extrude": 0, "visibility": 0, "drawOrder": null, "icon": null, "Folder": "ALD-1I-56/8 / ALD FSP 0-2-1" }, "geometry": { "type": "Point", "coordinates": [ -106.493514, 31.729361, 0.0 ] } },
{ "type": "Feature", "properties": { "id": null, "Name": "ALD-1I-57/9-1-1", "description": null, "timestamp": null, "begin": null, "end": null, "altitudeMode": null, "tessellate": -1, "extrude": 0, "visibility": 0, "drawOrder": null, "icon": null, "Folder": "ALD-1I-57/9 / ALD FSP 0-2-2" }, "geometry": { "type": "Point", "coordinates": [ -106.495573, 31.734182, 0.0 ] } },
{ "type": "Feature", "properties": { "id": null, "Name": "ALD-1I-57/9-2-2", "description": null, "timestamp": null, "begin": null, "end": null, "altitudeMode": null, "tessellate": -1, "extrude": 0, "visibility": 0, "drawOrder": null, "icon": null, "Folder": "ALD-1I-57/9 / ALD FSP 0-2-2" }, "geometry": { "type": "Point", "coordinates": [ -106.4947720798814, 31.73399643807128, 0.0 ] } },
{ "type": "Feature", "properties": { "id": null, "Name": "ALD-1I-57/9-3-3", "description": null, "timestamp": null, "begin": null, "end": null, "altitudeMode": null, "tessellate": -1, "extrude": 0, "visibility": 0, "drawOrder": null, "icon": null, "Folder": "ALD-1I-57/9 / ALD FSP 0-2-2" }, "geometry": { "type": "Point", "coordinates": [ -106.49429, 31.733835, 0.0 ] } },
{ "type": "Feature", "properties": { "id": null, "Name": "ALD-1I-57/9-4-4", "description": null, "timestamp": null, "begin": null, "end": null, "altitudeMode": null, "tessellate": -1, "extrude": 0, "visibility": 0, "drawOrder": null, "icon": null, "Folder": "ALD-1I-57/9 / ALD FSP 0-2-2" }, "geometry": { "type": "Point", "coordinates": [ -106.493399, 31.733603, 0.0 ] } },
{ "type": "Feature", "properties": { "id": null, "Name": "ALD-1I-57/9-5-5", "description": null, "timestamp": null, "begin": null, "end": null, "altitudeMode": null, "tessellate": -1, "extrude": 0, "visibility": 0, "drawOrder": null, "icon": null, "Folder": "ALD-1I-57/9 / ALD FSP 0-2-2" }, "geometry": { "type": "Point", "coordinates": [ -106.492939, 31.733468, 0.0 ] } },
{ "type": "Feature", "properties": { "id": null, "Name": "ALD-1I-57/9-6-6", "description": null, "timestamp": null, "begin": null, "end": null, "altitudeMode": null, "tessellate": -1, "extrude": 0, "visibility": 0, "drawOrder": null, "icon": null, "Folder": "ALD-1I-57/9 / ALD FSP 0-2-2" }, "geometry": { "type": "Point", "coordinates": [ -106.493208, 31.732833, 0.0 ] } },
{ "type": "Feature", "properties": { "id": null, "Name": "ALD-1I-57/9-7-7", "description": null, "timestamp": null, "begin": null, "end": null, "altitudeMode": null, "tessellate": -1, "extrude": 0, "visibility": 0, "drawOrder": null, "icon": null, "Folder": "ALD-1I-57/9 / ALD FSP 0-2-2" }, "geometry": { "type": "Point", "coordinates": [ -106.492646, 31.732665, 0.0 ] } },
{ "type": "Feature", "properties": { "id": null, "Name": "ALD-1I-57/9-8-8", "description": null, "timestamp": null, "begin": null, "end": null, "altitudeMode": null, "tessellate": -1, "extrude": 0, "visibility": 0, "drawOrder": null, "icon": null, "Folder": "ALD-1I-57/9 / ALD FSP 0-2-2" }, "geometry": { "type": "Point", "coordinates": [ -106.491316, 31.732241, 0.0 ] } },
{ "type": "Feature", "properties": { "id": null, "Name": "ALD-1I-58/10-1-1", "description": null, "timestamp": null, "begin": null, "end": null, "altitudeMode": null, "tessellate": -1, "extrude": 0, "visibility": 0, "drawOrder": null, "icon": null, "Folder": "ALD-1I-58/10 / ALD FSP 0-2-3" }, "geometry": { "type": "Point", "coordinates": [ -106.494205, 31.735171, 0.0 ] } },
{ "type": "Feature", "properties": { "id": null, "Name": "ALD-1I-58/10-2-2", "description": null, "timestamp": null, "begin": null, "end": null, "altitudeMode": null, "tessellate": -1, "extrude": 0, "visibility": 0, "drawOrder": null, "icon": null, "Folder": "ALD-1I-58/10 / ALD FSP 0-2-3" }, "geometry": { "type": "Point", "coordinates": [ -106.492403, 31.73471, 0.0 ] } },
{ "type": "Feature", "properties": { "id": null, "Name": "ALD-1I-58/10-3-3", "description": null, "timestamp": null, "begin": null, "end": null, "altitudeMode": null, "tessellate": -1, "extrude": 0, "visibility": 0, "drawOrder": null, "icon": null, "Folder": "ALD-1I-58/10 / ALD FSP 0-2-3" }, "geometry": { "type": "Point", "coordinates": [ -106.491533, 31.734463, 0.0 ] } },
{ "type": "Feature", "properties": { "id": null, "Name": "ALD-1I-58/10-4-4", "description": null, "timestamp": null, "begin": null, "end": null, "altitudeMode": null, "tessellate": -1, "extrude": 0, "visibility": 0, "drawOrder": null, "icon": null, "Folder": "ALD-1I-58/10 / ALD FSP 0-2-3" }, "geometry": { "type": "Point", "coordinates": [ -106.492019879527803, 31.733186359043849, 0.0 ] } },
{ "type": "Feature", "properties": { "id": null, "Name": "ALD-1I-58/10-5-5", "description": null, "timestamp": null, "begin": null, "end": null, "altitudeMode": null, "tessellate": -1, "extrude": 0, "visibility": 0, "drawOrder": null, "icon": null, "Folder": "ALD-1I-58/10 / ALD FSP 0-2-3" }, "geometry": { "type": "Point", "coordinates": [ -106.490659977434206, 31.732790315704769, 0.0 ] } },
{ "type": "Feature", "properties": { "id": null, "Name": "ALD-1I-58/10-6-6", "description": "<b>REFORZADA 01 ABRIL 2025</b>", "timestamp": null, "begin": null, "end": null, "altitudeMode": null, "tessellate": -1, "extrude": 0, "visibility": 0, "drawOrder": null, "icon": null, "Folder": "ALD-1I-58/10 / ALD FSP 0-2-3" }, "geometry": { "type": "Point", "coordinates": [ -106.490284140350497, 31.732559340786612, 0.0 ] } },
{ "type": "Feature", "properties": { "id": null, "Name": "ALD-1I-58/10-7-7", "description": null, "timestamp": null, "begin": null, "end": null, "altitudeMode": null, "tessellate": -1, "extrude": 0, "visibility": 0, "drawOrder": null, "icon": null, "Folder": "ALD-1I-58/10 / ALD FSP 0-2-3" }, "geometry": { "type": "Point", "coordinates": [ -106.490778, 31.731383, 0.0 ] } },
{ "type": "Feature", "properties": { "id": null, "Name": "ALD-1I-58/10-8-8", "description": null, "timestamp": null, "begin": null, "end": null, "altitudeMode": null, "tessellate": -1, "extrude": 0, "visibility": 0, "drawOrder": null, "icon": null, "Folder": "ALD-1I-58/10 / ALD FSP 0-2-3" }, "geometry": { "type": "Point", "coordinates": [ -106.491022, 31.730758, 0.0 ] } },
{ "type": "Feature", "properties": { "id": null, "Name": "ALD-1D-74/2-1-1", "description": null, "timestamp": null, "begin": null, "end": null, "altitudeMode": null, "tessellate": -1, "extrude": 0, "visibility": 0, "drawOrder": null, "icon": null, "Folder": "ALD-1D-74/2 / ALD FSP 0-2-15" }, "geometry": { "type": "Point", "coordinates": [ -106.483622, 31.728539, 0.0 ] } },
{ "type": "Feature", "properties": { "id": null, "Name": "ALD-1D-74/2-2-2", "description": null, "timestamp": null, "begin": null, "end": null, "altitudeMode": null, "tessellate": -1, "extrude": 0, "visibility": 0, "drawOrder": null, "icon": null, "Folder": "ALD-1D-74/2 / ALD FSP 0-2-15" }, "geometry": { "type": "Point", "coordinates": [ -106.483822, 31.729438, 0.0 ] } },
{ "type": "Feature", "properties": { "id": null, "Name": "ALD-1D-74/2-3-3", "description": "<b>REFORZADA 13 MAYO 2025</b>", "timestamp": null, "begin": null, "end": null, "altitudeMode": null, "tessellate": -1, "extrude": 0, "visibility": 0, "drawOrder": null, "icon": null, "Folder": "ALD-1D-74/2 / ALD FSP 0-2-15" }, "geometry": { "type": "Point", "coordinates": [ -106.484617, 31.730328, 0.0 ] } },
{ "type": "Feature", "properties": { "id": null, "Name": "ALD-1D-74/2-4-4", "description": null, "timestamp": null, "begin": null, "end": null, "altitudeMode": null, "tessellate": -1, "extrude": 0, "visibility": 0, "drawOrder": null, "icon": null, "Folder": "ALD-1D-74/2 / ALD FSP 0-2-15" }, "geometry": { "type": "Point", "coordinates": [ -106.485943, 31.730694, 0.0 ] } },
{ "type": "Feature", "properties": { "id": null, "Name": "ALD-1D-74/2-5-5", "description": null, "timestamp": null, "begin": null, "end": null, "altitudeMode": null, "tessellate": -1, "extrude": 0, "visibility": 0, "drawOrder": null, "icon": null, "Folder": "ALD-1D-74/2 / ALD FSP 0-2-15" }, "geometry": { "type": "Point", "coordinates": [ -106.4864, 31.730831, 0.0 ] } },
{ "type": "Feature", "properties": { "id": null, "Name": "ALD-1D-74/2-6-6", "description": null, "timestamp": null, "begin": null, "end": null, "altitudeMode": null, "tessellate": -1, "extrude": 0, "visibility": 0, "drawOrder": null, "icon": null, "Folder": "ALD-1D-74/2 / ALD FSP 0-2-15" }, "geometry": { "type": "Point", "coordinates": [ -106.4873, 31.731075, 0.0 ] } },
{ "type": "Feature", "properties": { "id": null, "Name": "ALD-1D-74/2-7-7", "description": null, "timestamp": null, "begin": null, "end": null, "altitudeMode": null, "tessellate": -1, "extrude": 0, "visibility": 0, "drawOrder": null, "icon": null, "Folder": "ALD-1D-74/2 / ALD FSP 0-2-15" }, "geometry": { "type": "Point", "coordinates": [ -106.487808, 31.731214, 0.0 ] } },
{ "type": "Feature", "properties": { "id": null, "Name": "ALD-1D-74/2-8-8", "description": null, "timestamp": null, "begin": null, "end": null, "altitudeMode": null, "tessellate": -1, "extrude": 0, "visibility": 0, "drawOrder": null, "icon": null, "Folder": "ALD-1D-74/2 / ALD FSP 0-2-15" }, "geometry": { "type": "Point", "coordinates": [ -106.48955, 31.731761, 0.0 ] } },
{ "type": "Feature", "properties": { "id": null, "Name": "ALD-1D-25/1-1-1", "description": null, "timestamp": null, "begin": null, "end": null, "altitudeMode": null, "tessellate": -1, "extrude": 0, "visibility": 0, "drawOrder": null, "icon": null, "Folder": "ALD-1D-25/1 / ALD FSP 0-2-5" }, "geometry": { "type": "Point", "coordinates": [ -106.519342, 31.750769, 0.0 ] } },
{ "type": "Feature", "properties": { "id": null, "Name": "ALD-1D-25/1-2-2", "description": null, "timestamp": null, "begin": null, "end": null, "altitudeMode": null, "tessellate": -1, "extrude": 0, "visibility": 0, "drawOrder": null, "icon": null, "Folder": "ALD-1D-25/1 / ALD FSP 0-2-5" }, "geometry": { "type": "Point", "coordinates": [ -106.519656, 31.749988, 0.0 ] } },
{ "type": "Feature", "properties": { "id": null, "Name": "ALD-1D-25/1-3-3", "description": null, "timestamp": null, "begin": null, "end": null, "altitudeMode": null, "tessellate": -1, "extrude": 0, "visibility": 0, "drawOrder": null, "icon": null, "Folder": "ALD-1D-25/1 / ALD FSP 0-2-5" }, "geometry": { "type": "Point", "coordinates": [ -106.519942, 31.749142, 0.0 ] } },
{ "type": "Feature", "properties": { "id": null, "Name": "ALD-1D-25/1-4-4", "description": null, "timestamp": null, "begin": null, "end": null, "altitudeMode": null, "tessellate": -1, "extrude": 0, "visibility": 0, "drawOrder": null, "icon": null, "Folder": "ALD-1D-25/1 / ALD FSP 0-2-5" }, "geometry": { "type": "Point", "coordinates": [ -106.518758, 31.748811, 0.0 ] } },
{ "type": "Feature", "properties": { "id": null, "Name": "ALD-1D-25/1-5-5", "description": null, "timestamp": null, "begin": null, "end": null, "altitudeMode": null, "tessellate": -1, "extrude": 0, "visibility": 0, "drawOrder": null, "icon": null, "Folder": "ALD-1D-25/1 / ALD FSP 0-2-5" }, "geometry": { "type": "Point", "coordinates": [ -106.517494, 31.748409, 0.0 ] } },
{ "type": "Feature", "properties": { "id": null, "Name": "ALD-1D-25/1-6-6", "description": null, "timestamp": null, "begin": null, "end": null, "altitudeMode": null, "tessellate": -1, "extrude": 0, "visibility": 0, "drawOrder": null, "icon": null, "Folder": "ALD-1D-25/1 / ALD FSP 0-2-5" }, "geometry": { "type": "Point", "coordinates": [ -106.516396, 31.748081, 0.0 ] } },
{ "type": "Feature", "properties": { "id": null, "Name": "ALD-1D-25/1-7-7", "description": null, "timestamp": null, "begin": null, "end": null, "altitudeMode": null, "tessellate": -1, "extrude": 0, "visibility": 0, "drawOrder": null, "icon": null, "Folder": "ALD-1D-25/1 / ALD FSP 0-2-5" }, "geometry": { "type": "Point", "coordinates": [ -106.514489, 31.746945, 0.0 ] } },
{ "type": "Feature", "properties": { "id": null, "Name": "ALD-1D-25/1-8-8", "description": null, "timestamp": null, "begin": null, "end": null, "altitudeMode": null, "tessellate": -1, "extrude": 0, "visibility": 0, "drawOrder": null, "icon": null, "Folder": "ALD-1D-25/1 / ALD FSP 0-2-5" }, "geometry": { "type": "Point", "coordinates": [ -106.514724, 31.746169, 0.0 ] } },
{ "type": "Feature", "properties": { "id": null, "Name": "ALD-1D-27/3-1-1", "description": "AGREGADA 26-03-2023", "timestamp": null, "begin": null, "end": null, "altitudeMode": null, "tessellate": -1, "extrude": 0, "visibility": 0, "drawOrder": null, "icon": null, "Folder": "ALD-1D-27/3 / ALD FSP -2-6" }, "geometry": { "type": "Point", "coordinates": [ -106.510277613428102, 31.758201340200031, 0.0 ] } },
{ "type": "Feature", "properties": { "id": null, "Name": "ALD-1D-27/3-2-2", "description": null, "timestamp": null, "begin": null, "end": null, "altitudeMode": null, "tessellate": -1, "extrude": 0, "visibility": 0, "drawOrder": null, "icon": null, "Folder": "ALD-1D-27/3 / ALD FSP -2-6" }, "geometry": { "type": "Point", "coordinates": [ -106.514321532239805, 31.75686692858125, 0.0 ] } },
{ "type": "Feature", "properties": { "id": null, "Name": "ALD-1D-27/3-3-3", "description": null, "timestamp": null, "begin": null, "end": null, "altitudeMode": null, "tessellate": -1, "extrude": 0, "visibility": 0, "drawOrder": null, "icon": null, "Folder": "ALD-1D-27/3 / ALD FSP -2-6" }, "geometry": { "type": "Point", "coordinates": [ -106.512084, 31.756191, 0.0 ] } },
{ "type": "Feature", "properties": { "id": null, "Name": "ALD-1D-27/3-4-4", "description": null, "timestamp": null, "begin": null, "end": null, "altitudeMode": null, "tessellate": -1, "extrude": 0, "visibility": 0, "drawOrder": null, "icon": null, "Folder": "ALD-1D-27/3 / ALD FSP -2-6" }, "geometry": { "type": "Point", "coordinates": [ -106.511452, 31.756004, 0.0 ] } },
{ "type": "Feature", "properties": { "id": null, "Name": "ALD-1D-27/3-5-5", "description": null, "timestamp": null, "begin": null, "end": null, "altitudeMode": null, "tessellate": -1, "extrude": 0, "visibility": 0, "drawOrder": null, "icon": null, "Folder": "ALD-1D-27/3 / ALD FSP -2-6" }, "geometry": { "type": "Point", "coordinates": [ -106.511396, 31.756611, 0.0 ] } },
{ "type": "Feature", "properties": { "id": null, "Name": "ALD-1D-27/3-6-6", "description": null, "timestamp": null, "begin": null, "end": null, "altitudeMode": null, "tessellate": -1, "extrude": 0, "visibility": 0, "drawOrder": null, "icon": null, "Folder": "ALD-1D-27/3 / ALD FSP -2-6" }, "geometry": { "type": "Point", "coordinates": [ -106.511196, 31.757338, 0.0 ] } },
{ "type": "Feature", "properties": { "id": null, "Name": "ALD-1D-27/3-7-7", "description": null, "timestamp": null, "begin": null, "end": null, "altitudeMode": null, "tessellate": -1, "extrude": 0, "visibility": 0, "drawOrder": null, "icon": null, "Folder": "ALD-1D-27/3 / ALD FSP -2-6" }, "geometry": { "type": "Point", "coordinates": [ -106.511023, 31.757924, 0.0 ] } },
{ "type": "Feature", "properties": { "id": null, "Name": "ALD-1D-27/3-8-8", "description": null, "timestamp": null, "begin": null, "end": null, "altitudeMode": null, "tessellate": -1, "extrude": 0, "visibility": 0, "drawOrder": null, "icon": null, "Folder": "ALD-1D-27/3 / ALD FSP -2-6" }, "geometry": { "type": "Point", "coordinates": [ -106.5104, 31.757728, 0.0 ] } },
{ "type": "Feature", "properties": { "id": null, "Name": "ALD-1D-28/4-1-1", "description": null, "timestamp": null, "begin": null, "end": null, "altitudeMode": null, "tessellate": -1, "extrude": 0, "visibility": 0, "drawOrder": null, "icon": null, "Folder": "ALD-1D-28/4 / ALD FSP 0-2-7" }, "geometry": { "type": "Point", "coordinates": [ -106.514025, 31.756832, 0.0 ] } },
{ "type": "Feature", "properties": { "id": null, "Name": "ALD-1D-28/4-2-2", "description": null, "timestamp": null, "begin": null, "end": null, "altitudeMode": null, "tessellate": -1, "extrude": 0, "visibility": 0, "drawOrder": null, "icon": null, "Folder": "ALD-1D-28/4 / ALD FSP 0-2-7" }, "geometry": { "type": "Point", "coordinates": [ -106.513886, 31.757347, 0.0 ] } },
{ "type": "Feature", "properties": { "id": null, "Name": "ALD-1D-28/4-3-3", "description": null, "timestamp": null, "begin": null, "end": null, "altitudeMode": null, "tessellate": -1, "extrude": 0, "visibility": 0, "drawOrder": null, "icon": null, "Folder": "ALD-1D-28/4 / ALD FSP 0-2-7" }, "geometry": { "type": "Point", "coordinates": [ -106.512519444444493, 31.757361111111109, 0.0 ] } },
{ "type": "Feature", "properties": { "id": null, "Name": "ALD-1D-28/4-4-4", "description": null, "timestamp": null, "begin": null, "end": null, "altitudeMode": null, "tessellate": -1, "extrude": 0, "visibility": 0, "drawOrder": null, "icon": null, "Folder": "ALD-1D-28/4 / ALD FSP 0-2-7" }, "geometry": { "type": "Point", "coordinates": [ -106.512343468920605, 31.75848964144576, 0.0 ] } },
{ "type": "Feature", "properties": { "id": null, "Name": "ALD-1D-28/4-5-5", "description": null, "timestamp": null, "begin": null, "end": null, "altitudeMode": null, "tessellate": -1, "extrude": 0, "visibility": 0, "drawOrder": null, "icon": null, "Folder": "ALD-1D-28/4 / ALD FSP 0-2-7" }, "geometry": { "type": "Point", "coordinates": [ -106.512081, 31.758993, 0.0 ] } },
{ "type": "Feature", "properties": { "id": null, "Name": "ALD-1D-28/4-6-6", "description": null, "timestamp": null, "begin": null, "end": null, "altitudeMode": null, "tessellate": -1, "extrude": 0, "visibility": 0, "drawOrder": null, "icon": null, "Folder": "ALD-1D-28/4 / ALD FSP 0-2-7" }, "geometry": { "type": "Point", "coordinates": [ -106.51286, 31.759337, 0.0 ] } },
{ "type": "Feature", "properties": { "id": null, "Name": "ALD-1D-28/4-7-7", "description": null, "timestamp": null, "begin": null, "end": null, "altitudeMode": null, "tessellate": -1, "extrude": 0, "visibility": 0, "drawOrder": null, "icon": null, "Folder": "ALD-1D-28/4 / ALD FSP 0-2-7" }, "geometry": { "type": "Point", "coordinates": [ -106.512479, 31.760222, 0.0 ] } },
{ "type": "Feature", "properties": { "id": null, "Name": "ALD-1D-28/4-8-8", "description": null, "timestamp": null, "begin": null, "end": null, "altitudeMode": null, "tessellate": -1, "extrude": 0, "visibility": 0, "drawOrder": null, "icon": null, "Folder": "ALD-1D-28/4 / ALD FSP 0-2-7" }, "geometry": { "type": "Point", "coordinates": [ -106.511363, 31.760896, 0.0 ] } },
{ "type": "Feature", "properties": { "id": null, "Name": "ALD-1D-78/6-1-1", "description": null, "timestamp": null, "begin": null, "end": null, "altitudeMode": null, "tessellate": -1, "extrude": 0, "visibility": 0, "drawOrder": null, "icon": null, "Folder": "ALD-1D-78/6 / ALD FSP 0-3-3" }, "geometry": { "type": "Point", "coordinates": [ -106.4827606612739, 31.725334636934029, 0.0 ] } },
{ "type": "Feature", "properties": { "id": null, "Name": "ALD-1D-78/6-2-2", "description": null, "timestamp": null, "begin": null, "end": null, "altitudeMode": null, "tessellate": -1, "extrude": 0, "visibility": 0, "drawOrder": null, "icon": null, "Folder": "ALD-1D-78/6 / ALD FSP 0-3-3" }, "geometry": { "type": "Point", "coordinates": [ -106.482507, 31.724411, 0.0 ] } },
{ "type": "Feature", "properties": { "id": null, "Name": "ALD-1D-78/6-3-3", "description": null, "timestamp": null, "begin": null, "end": null, "altitudeMode": null, "tessellate": -1, "extrude": 0, "visibility": 0, "drawOrder": null, "icon": null, "Folder": "ALD-1D-78/6 / ALD FSP 0-3-3" }, "geometry": { "type": "Point", "coordinates": [ -106.482435235610097, 31.724030261083922, 0.0 ] } },
{ "type": "Feature", "properties": { "id": null, "Name": "ALD-1D-78/6-4-4", "description": null, "timestamp": null, "begin": null, "end": null, "altitudeMode": null, "tessellate": -1, "extrude": 0, "visibility": 0, "drawOrder": null, "icon": null, "Folder": "ALD-1D-78/6 / ALD FSP 0-3-3" }, "geometry": { "type": "Point", "coordinates": [ -106.480687, 31.724187, 0.0 ] } },
{ "type": "Feature", "properties": { "id": null, "Name": "ALD-1D-78/6-5-5", "description": null, "timestamp": null, "begin": null, "end": null, "altitudeMode": null, "tessellate": -1, "extrude": 0, "visibility": 0, "drawOrder": null, "icon": null, "Folder": "ALD-1D-78/6 / ALD FSP 0-3-3" }, "geometry": { "type": "Point", "coordinates": [ -106.479731, 31.722978, 0.0 ] } },
{ "type": "Feature", "properties": { "id": null, "Name": "ALD-1D-78/6-6-6", "description": null, "timestamp": null, "begin": null, "end": null, "altitudeMode": null, "tessellate": -1, "extrude": 0, "visibility": 0, "drawOrder": null, "icon": null, "Folder": "ALD-1D-78/6 / ALD FSP 0-3-3" }, "geometry": { "type": "Point", "coordinates": [ -106.479256, 31.721742, 0.0 ] } },
{ "type": "Feature", "properties": { "id": null, "Name": "ALD-1D-78/6-7-7", "description": null, "timestamp": null, "begin": null, "end": null, "altitudeMode": null, "tessellate": -1, "extrude": 0, "visibility": 0, "drawOrder": null, "icon": null, "Folder": "ALD-1D-78/6 / ALD FSP 0-3-3" }, "geometry": { "type": "Point", "coordinates": [ -106.47843, 31.719803, 0.0 ] } },
{ "type": "Feature", "properties": { "id": null, "Name": "ALD-1D-78/6-8-8", "description": null, "timestamp": null, "begin": null, "end": null, "altitudeMode": null, "tessellate": -1, "extrude": 0, "visibility": 0, "drawOrder": null, "icon": null, "Folder": "ALD-1D-78/6 / ALD FSP 0-3-3" }, "geometry": { "type": "Point", "coordinates": [ -106.477768073044302, 31.720004727433281, 0.0 ] } },
{ "type": "Feature", "properties": { "id": null, "Name": "ALD-1D-31/7-1-1", "description": null, "timestamp": null, "begin": null, "end": null, "altitudeMode": null, "tessellate": -1, "extrude": 0, "visibility": 0, "drawOrder": null, "icon": null, "Folder": "ALD-1D-31/7 / ALD FSP 0-2-10" }, "geometry": { "type": "Point", "coordinates": [ -106.522785, 31.749952, 0.0 ] } },
{ "type": "Feature", "properties": { "id": null, "Name": "ALD-1D-31/7-2-2", "description": null, "timestamp": null, "begin": null, "end": null, "altitudeMode": null, "tessellate": -1, "extrude": 0, "visibility": 0, "drawOrder": null, "icon": null, "Folder": "ALD-1D-31/7 / ALD FSP 0-2-10" }, "geometry": { "type": "Point", "coordinates": [ -106.521651, 31.750813, 0.0 ] } },
{ "type": "Feature", "properties": { "id": null, "Name": "ALD-1D-31/7-3-3", "description": null, "timestamp": null, "begin": null, "end": null, "altitudeMode": null, "tessellate": -1, "extrude": 0, "visibility": 0, "drawOrder": null, "icon": null, "Folder": "ALD-1D-31/7 / ALD FSP 0-2-10" }, "geometry": { "type": "Point", "coordinates": [ -106.521435, 31.751175, 0.0 ] } },
{ "type": "Feature", "properties": { "id": null, "Name": "ALD-1D-31/7-4-4", "description": null, "timestamp": null, "begin": null, "end": null, "altitudeMode": null, "tessellate": -1, "extrude": 0, "visibility": 0, "drawOrder": null, "icon": null, "Folder": "ALD-1D-31/7 / ALD FSP 0-2-10" }, "geometry": { "type": "Point", "coordinates": [ -106.519822, 31.751414, 0.0 ] } },
{ "type": "Feature", "properties": { "id": null, "Name": "ALD-1D-31/7-5-5", "description": null, "timestamp": null, "begin": null, "end": null, "altitudeMode": null, "tessellate": -1, "extrude": 0, "visibility": 0, "drawOrder": null, "icon": null, "Folder": "ALD-1D-31/7 / ALD FSP 0-2-10" }, "geometry": { "type": "Point", "coordinates": [ -106.519264, 31.752669, 0.0 ] } },
{ "type": "Feature", "properties": { "id": null, "Name": "ALD-1D-31/7-6-6", "description": null, "timestamp": null, "begin": null, "end": null, "altitudeMode": null, "tessellate": -1, "extrude": 0, "visibility": 0, "drawOrder": null, "icon": null, "Folder": "ALD-1D-31/7 / ALD FSP 0-2-10" }, "geometry": { "type": "Point", "coordinates": [ -106.518946, 31.7535, 0.0 ] } },
{ "type": "Feature", "properties": { "id": null, "Name": "ALD-1D-31/7-7-7", "description": null, "timestamp": null, "begin": null, "end": null, "altitudeMode": null, "tessellate": -1, "extrude": 0, "visibility": 0, "drawOrder": null, "icon": null, "Folder": "ALD-1D-31/7 / ALD FSP 0-2-10" }, "geometry": { "type": "Point", "coordinates": [ -106.517875704607206, 31.754259678143711, 0.0 ] } },
{ "type": "Feature", "properties": { "id": null, "Name": "ALD-1D-31/7-8-8", "description": null, "timestamp": null, "begin": null, "end": null, "altitudeMode": null, "tessellate": -1, "extrude": 0, "visibility": 0, "drawOrder": null, "icon": null, "Folder": "ALD-1D-31/7 / ALD FSP 0-2-10" }, "geometry": { "type": "Point", "coordinates": [ -106.517291, 31.754095, 0.0 ] } },
{ "type": "Feature", "properties": { "id": null, "Name": "ALD-1D-32/8-1-1", "description": null, "timestamp": null, "begin": null, "end": null, "altitudeMode": null, "tessellate": -1, "extrude": 0, "visibility": 0, "drawOrder": null, "icon": null, "Folder": "ALD-1D-32/8 / ALD FSP 0-2-11" }, "geometry": { "type": "Point", "coordinates": [ -106.523747, 31.741653, 0.0 ] } },
{ "type": "Feature", "properties": { "id": null, "Name": "ALD-1D-32/8-2-2", "description": null, "timestamp": null, "begin": null, "end": null, "altitudeMode": null, "tessellate": -1, "extrude": 0, "visibility": 0, "drawOrder": null, "icon": null, "Folder": "ALD-1D-32/8 / ALD FSP 0-2-11" }, "geometry": { "type": "Point", "coordinates": [ -106.523397, 31.74235280721463, 0.0 ] } },
{ "type": "Feature", "properties": { "id": null, "Name": "ALD-1D-32/8-3-3", "description": null, "timestamp": null, "begin": null, "end": null, "altitudeMode": null, "tessellate": -1, "extrude": 0, "visibility": 0, "drawOrder": null, "icon": null, "Folder": "ALD-1D-32/8 / ALD FSP 0-2-11" }, "geometry": { "type": "Point", "coordinates": [ -106.52295, 31.743674, 0.0 ] } },
{ "type": "Feature", "properties": { "id": null, "Name": "ALD-1D-32/8-4-4", "description": null, "timestamp": null, "begin": null, "end": null, "altitudeMode": null, "tessellate": -1, "extrude": 0, "visibility": 0, "drawOrder": null, "icon": null, "Folder": "ALD-1D-32/8 / ALD FSP 0-2-11" }, "geometry": { "type": "Point", "coordinates": [ -106.522564, 31.744592, 0.0 ] } },
{ "type": "Feature", "properties": { "id": null, "Name": "ALD-1D-32/8-5-5", "description": null, "timestamp": null, "begin": null, "end": null, "altitudeMode": null, "tessellate": -1, "extrude": 0, "visibility": 0, "drawOrder": null, "icon": null, "Folder": "ALD-1D-32/8 / ALD FSP 0-2-11" }, "geometry": { "type": "Point", "coordinates": [ -106.52226, 31.74521, 0.0 ] } },
{ "type": "Feature", "properties": { "id": null, "Name": "ALD-1D-32/8-6-6", "description": null, "timestamp": null, "begin": null, "end": null, "altitudeMode": null, "tessellate": -1, "extrude": 0, "visibility": 0, "drawOrder": null, "icon": null, "Folder": "ALD-1D-32/8 / ALD FSP 0-2-11" }, "geometry": { "type": "Point", "coordinates": [ -106.521253, 31.746073, 0.0 ] } },
{ "type": "Feature", "properties": { "id": null, "Name": "ALD-1D-32/8-7-7", "description": null, "timestamp": null, "begin": null, "end": null, "altitudeMode": null, "tessellate": -1, "extrude": 0, "visibility": 0, "drawOrder": null, "icon": null, "Folder": "ALD-1D-32/8 / ALD FSP 0-2-11" }, "geometry": { "type": "Point", "coordinates": [ -106.520024787107999, 31.745704, 0.0 ] } },
{ "type": "Feature", "properties": { "id": null, "Name": "ALD-1D-32/8-8-8", "description": null, "timestamp": null, "begin": null, "end": null, "altitudeMode": null, "tessellate": -1, "extrude": 0, "visibility": 0, "drawOrder": null, "icon": null, "Folder": "ALD-1D-32/8 / ALD FSP 0-2-11" }, "geometry": { "type": "Point", "coordinates": [ -106.518611, 31.745292, 0.0 ] } },
{ "type": "Feature", "properties": { "id": null, "Name": "ALD-1D-82/10-1-1", "description": null, "timestamp": null, "begin": null, "end": null, "altitudeMode": null, "tessellate": -1, "extrude": 0, "visibility": 0, "drawOrder": null, "icon": null, "Folder": "ALD-1D-82/10 / ALD FSP 0-2-12" }, "geometry": { "type": "Point", "coordinates": [ -106.519453, 31.746942, 0.0 ] } },
{ "type": "Feature", "properties": { "id": null, "Name": "ALD-1D-82/10-2-2", "description": null, "timestamp": null, "begin": null, "end": null, "altitudeMode": null, "tessellate": -1, "extrude": 0, "visibility": 0, "drawOrder": null, "icon": null, "Folder": "ALD-1D-82/10 / ALD FSP 0-2-12" }, "geometry": { "type": "Point", "coordinates": [ -106.518818, 31.746716, 0.0 ] } },
{ "type": "Feature", "properties": { "id": null, "Name": "ALD-1D-82/10-3-3", "description": null, "timestamp": null, "begin": null, "end": null, "altitudeMode": null, "tessellate": -1, "extrude": 0, "visibility": 0, "drawOrder": null, "icon": null, "Folder": "ALD-1D-82/10 / ALD FSP 0-2-12" }, "geometry": { "type": "Point", "coordinates": [ -106.517597, 31.746389, 0.0 ] } },
{ "type": "Feature", "properties": { "id": null, "Name": "ALD-1D-82/10-4-4", "description": null, "timestamp": null, "begin": null, "end": null, "altitudeMode": null, "tessellate": -1, "extrude": 0, "visibility": 0, "drawOrder": null, "icon": null, "Folder": "ALD-1D-82/10 / ALD FSP 0-2-12" }, "geometry": { "type": "Point", "coordinates": [ -106.516907, 31.746174, 0.0 ] } },
{ "type": "Feature", "properties": { "id": null, "Name": "ALD-1D-82/10-5-5", "description": null, "timestamp": null, "begin": null, "end": null, "altitudeMode": null, "tessellate": -1, "extrude": 0, "visibility": 0, "drawOrder": null, "icon": null, "Folder": "ALD-1D-82/10 / ALD FSP 0-2-12" }, "geometry": { "type": "Point", "coordinates": [ -106.516656, 31.746672, 0.0 ] } },
{ "type": "Feature", "properties": { "id": null, "Name": "ALD-1D-82/10-6-6", "description": null, "timestamp": null, "begin": null, "end": null, "altitudeMode": null, "tessellate": -1, "extrude": 0, "visibility": 0, "drawOrder": null, "icon": null, "Folder": "ALD-1D-82/10 / ALD FSP 0-2-12" }, "geometry": { "type": "Point", "coordinates": [ -106.516019, 31.746614, 0.0 ] } },
{ "type": "Feature", "properties": { "id": null, "Name": "ALD-1D-82/10-7-7", "description": null, "timestamp": null, "begin": null, "end": null, "altitudeMode": null, "tessellate": -1, "extrude": 0, "visibility": 0, "drawOrder": null, "icon": null, "Folder": "ALD-1D-82/10 / ALD FSP 0-2-12" }, "geometry": { "type": "Point", "coordinates": [ -106.514135, 31.746014, 0.0 ] } },
{ "type": "Feature", "properties": { "id": null, "Name": "ALD-1D-82/10-8-8", "description": null, "timestamp": null, "begin": null, "end": null, "altitudeMode": null, "tessellate": -1, "extrude": 0, "visibility": 0, "drawOrder": null, "icon": null, "Folder": "ALD-1D-82/10 / ALD FSP 0-2-12" }, "geometry": { "type": "Point", "coordinates": [ -106.513473, 31.745807, 0.0 ] } },
{ "type": "Feature", "properties": { "id": null, "Name": "ALD-1D-33/9-1-1", "description": null, "timestamp": null, "begin": null, "end": null, "altitudeMode": null, "tessellate": -1, "extrude": 0, "visibility": 0, "drawOrder": null, "icon": null, "Folder": "ALD-1D-33/9 / ALD FSP 0-2-13" }, "geometry": { "type": "Point", "coordinates": [ -106.523353, 31.744408, 0.0 ] } },
{ "type": "Feature", "properties": { "id": null, "Name": "ALD-1D-33/9-2-2", "description": null, "timestamp": null, "begin": null, "end": null, "altitudeMode": null, "tessellate": -1, "extrude": 0, "visibility": 0, "drawOrder": null, "icon": null, "Folder": "ALD-1D-33/9 / ALD FSP 0-2-13" }, "geometry": { "type": "Point", "coordinates": [ -106.523564, 31.743871, 0.0 ] } },
{ "type": "Feature", "properties": { "id": null, "Name": "ALD-1D-33/9-3-3", "description": null, "timestamp": null, "begin": null, "end": null, "altitudeMode": null, "tessellate": -1, "extrude": 0, "visibility": 0, "drawOrder": null, "icon": null, "Folder": "ALD-1D-33/9 / ALD FSP 0-2-13" }, "geometry": { "type": "Point", "coordinates": [ -106.523232, 31.742946, 0.0 ] } },
{ "type": "Feature", "properties": { "id": null, "Name": "ALD-1D-33/9-4-4", "description": null, "timestamp": null, "begin": null, "end": null, "altitudeMode": null, "tessellate": -1, "extrude": 0, "visibility": 0, "drawOrder": null, "icon": null, "Folder": "ALD-1D-33/9 / ALD FSP 0-2-13" }, "geometry": { "type": "Point", "coordinates": [ -106.51953, 31.742476, 0.0 ] } },
{ "type": "Feature", "properties": { "id": null, "Name": "ALD-1D-33/9-5-5", "description": null, "timestamp": null, "begin": null, "end": null, "altitudeMode": null, "tessellate": -1, "extrude": 0, "visibility": 0, "drawOrder": null, "icon": null, "Folder": "ALD-1D-33/9 / ALD FSP 0-2-13" }, "geometry": { "type": "Point", "coordinates": [ -106.519508, 31.741252, 0.0 ] } },
{ "type": "Feature", "properties": { "id": null, "Name": "ALD-1D-33/9-6-6", "description": null, "timestamp": null, "begin": null, "end": null, "altitudeMode": null, "tessellate": -1, "extrude": 0, "visibility": 0, "drawOrder": null, "icon": null, "Folder": "ALD-1D-33/9 / ALD FSP 0-2-13" }, "geometry": { "type": "Point", "coordinates": [ -106.521383, 31.740603, 0.0 ] } },
{ "type": "Feature", "properties": { "id": null, "Name": "ALD-1D-33/9-7-7", "description": null, "timestamp": null, "begin": null, "end": null, "altitudeMode": null, "tessellate": -1, "extrude": 0, "visibility": 0, "drawOrder": null, "icon": null, "Folder": "ALD-1D-33/9 / ALD FSP 0-2-13" }, "geometry": { "type": "Point", "coordinates": [ -106.522458, 31.741394, 0.0 ] } },
{ "type": "Feature", "properties": { "id": null, "Name": "ALD-1D-33/9-8-8", "description": null, "timestamp": null, "begin": null, "end": null, "altitudeMode": null, "tessellate": -1, "extrude": 0, "visibility": 0, "drawOrder": null, "icon": null, "Folder": "ALD-1D-33/9 / ALD FSP 0-2-13" }, "geometry": { "type": "Point", "coordinates": [ -106.523053, 31.740408, 0.0 ] } },
{ "type": "Feature", "properties": { "id": null, "Name": "ALD-1D-73/1-1-1", "description": null, "timestamp": null, "begin": null, "end": null, "altitudeMode": null, "tessellate": -1, "extrude": 0, "visibility": 0, "drawOrder": null, "icon": null, "Folder": "ALD-1D-73/1 / ALD FSP 0-2-14" }, "geometry": { "type": "Point", "coordinates": [ -106.489506584655302, 31.733124464280021, 0.0 ] } },
{ "type": "Feature", "properties": { "id": null, "Name": "ALD-1D-73/1-2-2", "description": null, "timestamp": null, "begin": null, "end": null, "altitudeMode": null, "tessellate": -1, "extrude": 0, "visibility": 0, "drawOrder": null, "icon": null, "Folder": "ALD-1D-73/1 / ALD FSP 0-2-14" }, "geometry": { "type": "Point", "coordinates": [ -106.489117, 31.733008, 0.0 ] } },
{ "type": "Feature", "properties": { "id": null, "Name": "ALD-1D-73/1-3-3", "description": null, "timestamp": null, "begin": null, "end": null, "altitudeMode": null, "tessellate": -1, "extrude": 0, "visibility": 0, "drawOrder": null, "icon": null, "Folder": "ALD-1D-73/1 / ALD FSP 0-2-14" }, "geometry": { "type": "Point", "coordinates": [ -106.487661, 31.73256, 0.0 ] } },
{ "type": "Feature", "properties": { "id": null, "Name": "ALD-1D-73/1-4-4", "description": null, "timestamp": null, "begin": null, "end": null, "altitudeMode": null, "tessellate": -1, "extrude": 0, "visibility": 0, "drawOrder": null, "icon": null, "Folder": "ALD-1D-73/1 / ALD FSP 0-2-14" }, "geometry": { "type": "Point", "coordinates": [ -106.487171, 31.732428, 0.0 ] } },
{ "type": "Feature", "properties": { "id": null, "Name": "ALD-1D-73/1-5-5", "description": null, "timestamp": null, "begin": null, "end": null, "altitudeMode": null, "tessellate": -1, "extrude": 0, "visibility": 0, "drawOrder": null, "icon": null, "Folder": "ALD-1D-73/1 / ALD FSP 0-2-14" }, "geometry": { "type": "Point", "coordinates": [ -106.485466, 31.7319, 0.0 ] } },
{ "type": "Feature", "properties": { "id": null, "Name": "ALD-1D-73/1-6-6", "description": null, "timestamp": null, "begin": null, "end": null, "altitudeMode": null, "tessellate": -1, "extrude": 0, "visibility": 0, "drawOrder": null, "icon": null, "Folder": "ALD-1D-73/1 / ALD FSP 0-2-14" }, "geometry": { "type": "Point", "coordinates": [ -106.483731, 31.73304, 0.0 ] } },
{ "type": "Feature", "properties": { "id": null, "Name": "ALD-1D-73/1-7-7", "description": null, "timestamp": null, "begin": null, "end": null, "altitudeMode": null, "tessellate": -1, "extrude": 0, "visibility": 0, "drawOrder": null, "icon": null, "Folder": "ALD-1D-73/1 / ALD FSP 0-2-14" }, "geometry": { "type": "Point", "coordinates": [ -106.483519, 31.734332, 0.0 ] } },
{ "type": "Feature", "properties": { "id": null, "Name": "ALD-1D-73/1-8-8", "description": null, "timestamp": null, "begin": null, "end": null, "altitudeMode": null, "tessellate": -1, "extrude": 0, "visibility": 0, "drawOrder": null, "icon": null, "Folder": "ALD-1D-73/1 / ALD FSP 0-2-14" }, "geometry": { "type": "Point", "coordinates": [ -106.483446, 31.734341, 0.0 ] } },
{ "type": "Feature", "properties": { "id": null, "Name": "ALD-1D-26/2-1-1", "description": null, "timestamp": null, "begin": null, "end": null, "altitudeMode": null, "tessellate": -1, "extrude": 0, "visibility": 0, "drawOrder": null, "icon": null, "Folder": "ALD-1D-26/2 / ALD FSP 0-2-4" }, "geometry": { "type": "Point", "coordinates": [ -106.517072, 31.753381, 0.0 ] } },
{ "type": "Feature", "properties": { "id": null, "Name": "ALD-1D-26/2-2-2", "description": null, "timestamp": null, "begin": null, "end": null, "altitudeMode": null, "tessellate": -1, "extrude": 0, "visibility": 0, "drawOrder": null, "icon": null, "Folder": "ALD-1D-26/2 / ALD FSP 0-2-4" }, "geometry": { "type": "Point", "coordinates": [ -106.516198, 31.753115, 0.0 ] } },
{ "type": "Feature", "properties": { "id": null, "Name": "ALD-1D-26/2-3-3", "description": null, "timestamp": null, "begin": null, "end": null, "altitudeMode": null, "tessellate": -1, "extrude": 0, "visibility": 0, "drawOrder": null, "icon": null, "Folder": "ALD-1D-26/2 / ALD FSP 0-2-4" }, "geometry": { "type": "Point", "coordinates": [ -106.515294, 31.753199, 0.0 ] } },
{ "type": "Feature", "properties": { "id": null, "Name": "ALD-1D-26/2-4-4", "description": null, "timestamp": null, "begin": null, "end": null, "altitudeMode": null, "tessellate": -1, "extrude": 0, "visibility": 0, "drawOrder": null, "icon": null, "Folder": "ALD-1D-26/2 / ALD FSP 0-2-4" }, "geometry": { "type": "Point", "coordinates": [ -106.514879, 31.754171, 0.0 ] } },
{ "type": "Feature", "properties": { "id": null, "Name": "ALD-1D-26/2-5-5", "description": null, "timestamp": null, "begin": null, "end": null, "altitudeMode": null, "tessellate": -1, "extrude": 0, "visibility": 0, "drawOrder": null, "icon": null, "Folder": "ALD-1D-26/2 / ALD FSP 0-2-4" }, "geometry": { "type": "Point", "coordinates": [ -106.513783, 31.753856, 0.0 ] } },
{ "type": "Feature", "properties": { "id": null, "Name": "ALD-1D-26/2-6-6", "description": null, "timestamp": null, "begin": null, "end": null, "altitudeMode": null, "tessellate": -1, "extrude": 0, "visibility": 0, "drawOrder": null, "icon": null, "Folder": "ALD-1D-26/2 / ALD FSP 0-2-4" }, "geometry": { "type": "Point", "coordinates": [ -106.512605, 31.753411, 0.0 ] } },
{ "type": "Feature", "properties": { "id": null, "Name": "ALD-1D-26/2-7-7", "description": null, "timestamp": null, "begin": null, "end": null, "altitudeMode": null, "tessellate": -1, "extrude": 0, "visibility": 0, "drawOrder": null, "icon": null, "Folder": "ALD-1D-26/2 / ALD FSP 0-2-4" }, "geometry": { "type": "Point", "coordinates": [ -106.512223, 31.752477, 0.0 ] } },
{ "type": "Feature", "properties": { "id": null, "Name": "ALD-1D-26/2-8-8", "description": null, "timestamp": null, "begin": null, "end": null, "altitudeMode": null, "tessellate": -1, "extrude": 0, "visibility": 0, "drawOrder": null, "icon": null, "Folder": "ALD-1D-26/2 / ALD FSP 0-2-4" }, "geometry": { "type": "Point", "coordinates": [ -106.513272, 31.752289, 0.0 ] } },
{ "type": "Feature", "properties": { "id": null, "Name": "ALD-1D-75/3-1-1", "description": null, "timestamp": null, "begin": null, "end": null, "altitudeMode": null, "tessellate": -1, "extrude": 0, "visibility": 0, "drawOrder": null, "icon": null, "Folder": "ALD-1D-75/3 / ALD FSP 0-3-0" }, "geometry": { "type": "Point", "coordinates": [ -106.483088, 31.727769, 0.0 ] } },
{ "type": "Feature", "properties": { "id": null, "Name": "ALD-1D-75/3-2-2", "description": null, "timestamp": null, "begin": null, "end": null, "altitudeMode": null, "tessellate": -1, "extrude": 0, "visibility": 0, "drawOrder": null, "icon": null, "Folder": "ALD-1D-75/3 / ALD FSP 0-3-0" }, "geometry": { "type": "Point", "coordinates": [ -106.481286, 31.728269, 0.0 ] } },
{ "type": "Feature", "properties": { "id": null, "Name": "ALD-1D-75/3-3-3", "description": null, "timestamp": null, "begin": null, "end": null, "altitudeMode": null, "tessellate": -1, "extrude": 0, "visibility": 0, "drawOrder": null, "icon": null, "Folder": "ALD-1D-75/3 / ALD FSP 0-3-0" }, "geometry": { "type": "Point", "coordinates": [ -106.481464, 31.728866, 0.0 ] } },
{ "type": "Feature", "properties": { "id": null, "Name": "ALD-1D-75/3-4-4", "description": null, "timestamp": null, "begin": null, "end": null, "altitudeMode": null, "tessellate": -1, "extrude": 0, "visibility": 0, "drawOrder": null, "icon": null, "Folder": "ALD-1D-75/3 / ALD FSP 0-3-0" }, "geometry": { "type": "Point", "coordinates": [ -106.481744, 31.729533, 0.0 ] } },
{ "type": "Feature", "properties": { "id": null, "Name": "ALD-1D-75/3-5-5", "description": null, "timestamp": null, "begin": null, "end": null, "altitudeMode": null, "tessellate": -1, "extrude": 0, "visibility": 0, "drawOrder": null, "icon": null, "Folder": "ALD-1D-75/3 / ALD FSP 0-3-0" }, "geometry": { "type": "Point", "coordinates": [ -106.481561, 31.730249, 0.0 ] } },
{ "type": "Feature", "properties": { "id": null, "Name": "ALD-1D-75/3-6-6", "description": null, "timestamp": null, "begin": null, "end": null, "altitudeMode": null, "tessellate": -1, "extrude": 0, "visibility": 0, "drawOrder": null, "icon": null, "Folder": "ALD-1D-75/3 / ALD FSP 0-3-0" }, "geometry": { "type": "Point", "coordinates": [ -106.481795, 31.73086, 0.0 ] } },
{ "type": "Feature", "properties": { "id": null, "Name": "ALD-1D-75/3-7-7", "description": null, "timestamp": null, "begin": null, "end": null, "altitudeMode": null, "tessellate": -1, "extrude": 0, "visibility": 0, "drawOrder": null, "icon": null, "Folder": "ALD-1D-75/3 / ALD FSP 0-3-0" }, "geometry": { "type": "Point", "coordinates": [ -106.482108288468893, 31.73158699505974, 0.0 ] } },
{ "type": "Feature", "properties": { "id": null, "Name": "ALD-1D-75/3-8-8", "description": null, "timestamp": null, "begin": null, "end": null, "altitudeMode": null, "tessellate": -1, "extrude": 0, "visibility": 0, "drawOrder": null, "icon": null, "Folder": "ALD-1D-75/3 / ALD FSP 0-3-0" }, "geometry": { "type": "Point", "coordinates": [ -106.483417, 31.731464, 0.0 ] } },
{ "type": "Feature", "properties": { "id": null, "Name": "ALD-1D-76/4-1-1", "description": null, "timestamp": null, "begin": null, "end": null, "altitudeMode": null, "tessellate": -1, "extrude": 0, "visibility": 0, "drawOrder": null, "icon": null, "Folder": "ALD-1D-76/4 / ALD FSP 0-3-1" }, "geometry": { "type": "Point", "coordinates": [ -106.483381, 31.727094, 0.0 ] } },
{ "type": "Feature", "properties": { "id": null, "Name": "ALD-1D-76/4-2-2", "description": null, "timestamp": null, "begin": null, "end": null, "altitudeMode": null, "tessellate": -1, "extrude": 0, "visibility": 0, "drawOrder": null, "icon": null, "Folder": "ALD-1D-76/4 / ALD FSP 0-3-1" }, "geometry": { "type": "Point", "coordinates": [ -106.484316, 31.727363, 0.0 ] } },
{ "type": "Feature", "properties": { "id": null, "Name": "ALD-1D-76/4-3-3", "description": null, "timestamp": null, "begin": null, "end": null, "altitudeMode": null, "tessellate": -1, "extrude": 0, "visibility": 0, "drawOrder": null, "icon": null, "Folder": "ALD-1D-76/4 / ALD FSP 0-3-1" }, "geometry": { "type": "Point", "coordinates": [ -106.486088, 31.727827, 0.0 ] } },
{ "type": "Feature", "properties": { "id": null, "Name": "ALD-1D-76/4-4-4", "description": null, "timestamp": null, "begin": null, "end": null, "altitudeMode": null, "tessellate": -1, "extrude": 0, "visibility": 0, "drawOrder": null, "icon": null, "Folder": "ALD-1D-76/4 / ALD FSP 0-3-1" }, "geometry": { "type": "Point", "coordinates": [ -106.487496, 31.728168, 0.0 ] } },
{ "type": "Feature", "properties": { "id": null, "Name": "ALD-1D-76/4-5-5", "description": null, "timestamp": null, "begin": null, "end": null, "altitudeMode": null, "tessellate": -1, "extrude": 0, "visibility": 0, "drawOrder": null, "icon": null, "Folder": "ALD-1D-76/4 / ALD FSP 0-3-1" }, "geometry": { "type": "Point", "coordinates": [ -106.488878, 31.728717, 0.0 ] } },
{ "type": "Feature", "properties": { "id": null, "Name": "ALD-1D-76/4-6-6", "description": "<b>REFORZADA 07 MAYO 2025</b>", "timestamp": null, "begin": null, "end": null, "altitudeMode": null, "tessellate": -1, "extrude": 0, "visibility": 0, "drawOrder": null, "icon": null, "Folder": "ALD-1D-76/4 / ALD FSP 0-3-1" }, "geometry": { "type": "Point", "coordinates": [ -106.489706, 31.728977, 0.0 ] } },
{ "type": "Feature", "properties": { "id": null, "Name": "ALD-1D-76/4-7-7", "description": null, "timestamp": null, "begin": null, "end": null, "altitudeMode": null, "tessellate": -1, "extrude": 0, "visibility": 0, "drawOrder": null, "icon": null, "Folder": "ALD-1D-76/4 / ALD FSP 0-3-1" }, "geometry": { "type": "Point", "coordinates": [ -106.491098, 31.72936, 0.0 ] } },
{ "type": "Feature", "properties": { "id": null, "Name": "ALD-1D-76/4-8-8", "description": null, "timestamp": null, "begin": null, "end": null, "altitudeMode": null, "tessellate": -1, "extrude": 0, "visibility": 0, "drawOrder": null, "icon": null, "Folder": "ALD-1D-76/4 / ALD FSP 0-3-1" }, "geometry": { "type": "Point", "coordinates": [ -106.492678, 31.729829, 0.0 ] } },
{ "type": "Feature", "properties": { "id": null, "Name": "ALD-1D-77/5-1-1", "description": null, "timestamp": null, "begin": null, "end": null, "altitudeMode": null, "tessellate": -1, "extrude": 0, "visibility": 0, "drawOrder": null, "icon": null, "Folder": "ALD-1D-77/5 / ALD FSP 0-3-2" }, "geometry": { "type": "Point", "coordinates": [ -106.481922, 31.725964, 0.0 ] } },
{ "type": "Feature", "properties": { "id": null, "Name": "ALD-1D-77/5-2-2", "description": null, "timestamp": null, "begin": null, "end": null, "altitudeMode": null, "tessellate": -1, "extrude": 0, "visibility": 0, "drawOrder": null, "icon": null, "Folder": "ALD-1D-77/5 / ALD FSP 0-3-2" }, "geometry": { "type": "Point", "coordinates": [ -106.481011, 31.726228, 0.0 ] } },
{ "type": "Feature", "properties": { "id": null, "Name": "ALD-1D-77/5-3-3", "description": null, "timestamp": null, "begin": null, "end": null, "altitudeMode": null, "tessellate": -1, "extrude": 0, "visibility": 0, "drawOrder": null, "icon": null, "Folder": "ALD-1D-77/5 / ALD FSP 0-3-2" }, "geometry": { "type": "Point", "coordinates": [ -106.480103, 31.726497, 0.0 ] } },
{ "type": "Feature", "properties": { "id": null, "Name": "ALD-1D-77/5-4-4", "description": null, "timestamp": null, "begin": null, "end": null, "altitudeMode": null, "tessellate": -1, "extrude": 0, "visibility": 0, "drawOrder": null, "icon": null, "Folder": "ALD-1D-77/5 / ALD FSP 0-3-2" }, "geometry": { "type": "Point", "coordinates": [ -106.479645265783205, 31.725185407719589, 0.0 ] } },
{ "type": "Feature", "properties": { "id": null, "Name": "ALD-1D-77/5-5-5", "description": null, "timestamp": null, "begin": null, "end": null, "altitudeMode": null, "tessellate": -1, "extrude": 0, "visibility": 0, "drawOrder": null, "icon": null, "Folder": "ALD-1D-77/5 / ALD FSP 0-3-2" }, "geometry": { "type": "Point", "coordinates": [ -106.479036, 31.723953, 0.0 ] } },
{ "type": "Feature", "properties": { "id": null, "Name": "ALD-1D-77/5-6-6", "description": null, "timestamp": null, "begin": null, "end": null, "altitudeMode": null, "tessellate": -1, "extrude": 0, "visibility": 0, "drawOrder": null, "icon": null, "Folder": "ALD-1D-77/5 / ALD FSP 0-3-2" }, "geometry": { "type": "Point", "coordinates": [ -106.47768, 31.722852, 0.0 ] } },
{ "type": "Feature", "properties": { "id": null, "Name": "ALD-1D-77/5-7-7", "description": null, "timestamp": null, "begin": null, "end": null, "altitudeMode": null, "tessellate": -1, "extrude": 0, "visibility": 0, "drawOrder": null, "icon": null, "Folder": "ALD-1D-77/5 / ALD FSP 0-3-2" }, "geometry": { "type": "Point", "coordinates": [ -106.477142, 31.721514, 0.0 ] } },
{ "type": "Feature", "properties": { "id": null, "Name": "ALD-1D-77/5-8-8", "description": null, "timestamp": null, "begin": null, "end": null, "altitudeMode": null, "tessellate": -1, "extrude": 0, "visibility": 0, "drawOrder": null, "icon": null, "Folder": "ALD-1D-77/5 / ALD FSP 0-3-2" }, "geometry": { "type": "Point", "coordinates": [ -106.475268, 31.721672, 0.0 ] } },
{ "type": "Feature", "properties": { "id": null, "Name": "ALD-1D-30/6-1-1", "description": null, "timestamp": null, "begin": null, "end": null, "altitudeMode": null, "tessellate": -1, "extrude": 0, "visibility": 0, "drawOrder": null, "icon": null, "Folder": "ALD-1D-30/6 / ALD FSP 0-2-9" }, "geometry": { "type": "Point", "coordinates": [ -106.519755, 31.756248, 0.0 ] } },
{ "type": "Feature", "properties": { "id": null, "Name": "ALD-1D-30/6-2-2", "description": null, "timestamp": null, "begin": null, "end": null, "altitudeMode": null, "tessellate": -1, "extrude": 0, "visibility": 0, "drawOrder": null, "icon": null, "Folder": "ALD-1D-30/6 / ALD FSP 0-2-9" }, "geometry": { "type": "Point", "coordinates": [ -106.519426, 31.756144, 0.0 ] } },
{ "type": "Feature", "properties": { "id": null, "Name": "ALD-1D-30/6-3-3", "description": null, "timestamp": null, "begin": null, "end": null, "altitudeMode": null, "tessellate": -1, "extrude": 0, "visibility": 0, "drawOrder": null, "icon": null, "Folder": "ALD-1D-30/6 / ALD FSP 0-2-9" }, "geometry": { "type": "Point", "coordinates": [ -106.519219137781306, 31.756538764936941, 0.0 ] } },
{ "type": "Feature", "properties": { "id": null, "Name": "ALD-1D-30/6-4-4", "description": null, "timestamp": null, "begin": null, "end": null, "altitudeMode": null, "tessellate": -1, "extrude": 0, "visibility": 0, "drawOrder": null, "icon": null, "Folder": "ALD-1D-30/6 / ALD FSP 0-2-9" }, "geometry": { "type": "Point", "coordinates": [ -106.518427, 31.756681, 0.0 ] } },
{ "type": "Feature", "properties": { "id": null, "Name": "ALD-1D-30/6-5-5", "description": null, "timestamp": null, "begin": null, "end": null, "altitudeMode": null, "tessellate": -1, "extrude": 0, "visibility": 0, "drawOrder": null, "icon": null, "Folder": "ALD-1D-30/6 / ALD FSP 0-2-9" }, "geometry": { "type": "Point", "coordinates": [ -106.518216, 31.757148, 0.0 ] } },
{ "type": "Feature", "properties": { "id": null, "Name": "ALD-1D-30/6-6-6", "description": null, "timestamp": null, "begin": null, "end": null, "altitudeMode": null, "tessellate": -1, "extrude": 0, "visibility": 0, "drawOrder": null, "icon": null, "Folder": "ALD-1D-30/6 / ALD FSP 0-2-9" }, "geometry": { "type": "Point", "coordinates": [ -106.517888, 31.757968, 0.0 ] } },
{ "type": "Feature", "properties": { "id": null, "Name": "ALD-1D-30/6-7-7", "description": null, "timestamp": null, "begin": null, "end": null, "altitudeMode": null, "tessellate": -1, "extrude": 0, "visibility": 0, "drawOrder": null, "icon": null, "Folder": "ALD-1D-30/6 / ALD FSP 0-2-9" }, "geometry": { "type": "Point", "coordinates": [ -106.517216, 31.758131, 0.0 ] } },
{ "type": "Feature", "properties": { "id": null, "Name": "ALD-1D-30/6-8-8", "description": null, "timestamp": null, "begin": null, "end": null, "altitudeMode": null, "tessellate": -1, "extrude": 0, "visibility": 0, "drawOrder": null, "icon": null, "Folder": "ALD-1D-30/6 / ALD FSP 0-2-9" }, "geometry": { "type": "Point", "coordinates": [ -106.516747, 31.758806, 0.0 ] } },
{ "type": "Feature", "properties": { "id": null, "Name": "ALD-1D-30/6-9/1", "description": "<b>AGREGADA 29 DICIEMBRE 2025</b>", "timestamp": null, "begin": null, "end": null, "altitudeMode": null, "tessellate": -1, "extrude": 0, "visibility": 0, "drawOrder": null, "icon": null, "Folder": "ALD-1D-30/6 / ALD FSP 0-2-9" }, "geometry": { "type": "Point", "coordinates": [ -106.5208200419994, 31.755904857968321, 0.0 ] } },
{ "type": "Feature", "properties": { "id": null, "Name": "ALD-1D-80/8-1-1", "description": null, "timestamp": null, "begin": null, "end": null, "altitudeMode": null, "tessellate": -1, "extrude": 0, "visibility": 0, "drawOrder": null, "icon": null, "Folder": "ALD-1D-80/8 / ALD FSP 0-3-4" }, "geometry": { "type": "Point", "coordinates": [ -106.486386, 31.725778, 0.0 ] } },
{ "type": "Feature", "properties": { "id": null, "Name": "ALD-1D-80/8-2-2", "description": null, "timestamp": null, "begin": null, "end": null, "altitudeMode": null, "tessellate": -1, "extrude": 0, "visibility": 0, "drawOrder": null, "icon": null, "Folder": "ALD-1D-80/8 / ALD FSP 0-3-4" }, "geometry": { "type": "Point", "coordinates": [ -106.486638, 31.725144, 0.0 ] } },
{ "type": "Feature", "properties": { "id": null, "Name": "ALD-1D-80/8-5-5", "description": null, "timestamp": null, "begin": null, "end": null, "altitudeMode": null, "tessellate": -1, "extrude": 0, "visibility": 0, "drawOrder": null, "icon": null, "Folder": "ALD-1D-80/8 / ALD FSP 0-3-4" }, "geometry": { "type": "Point", "coordinates": [ -106.48705, 31.721742, 0.0 ] } },
{ "type": "Feature", "properties": { "id": null, "Name": "ALD-1D-80/8-6-6", "description": null, "timestamp": null, "begin": null, "end": null, "altitudeMode": null, "tessellate": -1, "extrude": 0, "visibility": 0, "drawOrder": null, "icon": null, "Folder": "ALD-1D-80/8 / ALD FSP 0-3-4" }, "geometry": { "type": "Point", "coordinates": [ -106.487308333333303, 31.72111666666666, 0.0 ] } },
{ "type": "Feature", "properties": { "id": null, "Name": "ALD-1D-80/8-7-7", "description": null, "timestamp": null, "begin": null, "end": null, "altitudeMode": null, "tessellate": -1, "extrude": 0, "visibility": 0, "drawOrder": null, "icon": null, "Folder": "ALD-1D-80/8 / ALD FSP 0-3-4" }, "geometry": { "type": "Point", "coordinates": [ -106.486895, 31.720959, 0.0 ] } },
{ "type": "Feature", "properties": { "id": null, "Name": "ALD-1D-80/8-8-8", "description": null, "timestamp": null, "begin": null, "end": null, "altitudeMode": null, "tessellate": -1, "extrude": 0, "visibility": 0, "drawOrder": null, "icon": null, "Folder": "ALD-1D-80/8 / ALD FSP 0-3-4" }, "geometry": { "type": "Point", "coordinates": [ -106.485231, 31.7201, 0.0 ] } },
{ "type": "Feature", "properties": { "id": null, "Name": "ALD-1D-79/7-1-1", "description": null, "timestamp": null, "begin": null, "end": null, "altitudeMode": null, "tessellate": -1, "extrude": 0, "visibility": 0, "drawOrder": null, "icon": null, "Folder": "ALD-1D-79/7 / ALD FSP 0-3-5" }, "geometry": { "type": "Point", "coordinates": [ -106.484225766308199, 31.725055582363851, 0.0 ] } },
{ "type": "Feature", "properties": { "id": null, "Name": "ALD-1D-79/7-2-2", "description": null, "timestamp": null, "begin": null, "end": null, "altitudeMode": null, "tessellate": -1, "extrude": 0, "visibility": 0, "drawOrder": null, "icon": null, "Folder": "ALD-1D-79/7 / ALD FSP 0-3-5" }, "geometry": { "type": "Point", "coordinates": [ -106.484596530056905, 31.724097269540049, 0.0 ] } },
{ "type": "Feature", "properties": { "id": null, "Name": "ALD-1D-79/7-3-3", "description": null, "timestamp": null, "begin": null, "end": null, "altitudeMode": null, "tessellate": -1, "extrude": 0, "visibility": 0, "drawOrder": null, "icon": null, "Folder": "ALD-1D-79/7 / ALD FSP 0-3-5" }, "geometry": { "type": "Point", "coordinates": [ -106.484961, 31.723244, 0.0 ] } },
{ "type": "Feature", "properties": { "id": null, "Name": "ALD-1D-79/7-4-4", "description": null, "timestamp": null, "begin": null, "end": null, "altitudeMode": null, "tessellate": -1, "extrude": 0, "visibility": 0, "drawOrder": null, "icon": null, "Folder": "ALD-1D-79/7 / ALD FSP 0-3-5" }, "geometry": { "type": "Point", "coordinates": [ -106.485518498654201, 31.721985181355819, 0.0 ] } },
{ "type": "Feature", "properties": { "id": null, "Name": "ALD-1D-79/7-5-5", "description": null, "timestamp": null, "begin": null, "end": null, "altitudeMode": null, "tessellate": -1, "extrude": 0, "visibility": 0, "drawOrder": null, "icon": null, "Folder": "ALD-1D-79/7 / ALD FSP 0-3-5" }, "geometry": { "type": "Point", "coordinates": [ -106.484627, 31.721698, 0.0 ] } },
{ "type": "Feature", "properties": { "id": null, "Name": "ALD-1D-79/7-6-6", "description": null, "timestamp": null, "begin": null, "end": null, "altitudeMode": null, "tessellate": -1, "extrude": 0, "visibility": 0, "drawOrder": null, "icon": null, "Folder": "ALD-1D-79/7 / ALD FSP 0-3-5" }, "geometry": { "type": "Point", "coordinates": [ -106.483831, 31.722271, 0.0 ] } },
{ "type": "Feature", "properties": { "id": null, "Name": "ALD-1D-79/7-7-7", "description": null, "timestamp": null, "begin": null, "end": null, "altitudeMode": null, "tessellate": -1, "extrude": 0, "visibility": 0, "drawOrder": null, "icon": null, "Folder": "ALD-1D-79/7 / ALD FSP 0-3-5" }, "geometry": { "type": "Point", "coordinates": [ -106.483499, 31.723109, 0.0 ] } },
{ "type": "Feature", "properties": { "id": null, "Name": "ALD-1D-79/7-8-8", "description": null, "timestamp": null, "begin": null, "end": null, "altitudeMode": null, "tessellate": -1, "extrude": 0, "visibility": 0, "drawOrder": null, "icon": null, "Folder": "ALD-1D-79/7 / ALD FSP 0-3-5" }, "geometry": { "type": "Point", "coordinates": [ -106.48286, 31.723302, 0.0 ] } },
{ "type": "Feature", "properties": { "id": null, "Name": "ALD-1D-81/9-1-1", "description": null, "timestamp": null, "begin": null, "end": null, "altitudeMode": null, "tessellate": -1, "extrude": 0, "visibility": 0, "drawOrder": null, "icon": null, "Folder": "ALD-1D-81/9 / ALD FSP 0-3-6" }, "geometry": { "type": "Point", "coordinates": [ -106.488614, 31.726794, 0.0 ] } },
{ "type": "Feature", "properties": { "id": null, "Name": "ALD-1D-81/9-2-2", "description": null, "timestamp": null, "begin": null, "end": null, "altitudeMode": null, "tessellate": -1, "extrude": 0, "visibility": 0, "drawOrder": null, "icon": null, "Folder": "ALD-1D-81/9 / ALD FSP 0-3-6" }, "geometry": { "type": "Point", "coordinates": [ -106.489021385224305, 31.72588641111178, 0.0 ] } },
{ "type": "Feature", "properties": { "id": null, "Name": "ALD-1D-81/9-3-3", "description": null, "timestamp": null, "begin": null, "end": null, "altitudeMode": null, "tessellate": -1, "extrude": 0, "visibility": 0, "drawOrder": null, "icon": null, "Folder": "ALD-1D-81/9 / ALD FSP 0-3-6" }, "geometry": { "type": "Point", "coordinates": [ -106.489286, 31.725119, 0.0 ] } },
{ "type": "Feature", "properties": { "id": null, "Name": "ALD-1D-81/9-4-4", "description": null, "timestamp": null, "begin": null, "end": null, "altitudeMode": null, "tessellate": -1, "extrude": 0, "visibility": 0, "drawOrder": null, "icon": null, "Folder": "ALD-1D-81/9 / ALD FSP 0-3-6" }, "geometry": { "type": "Point", "coordinates": [ -106.489983, 31.723369, 0.0 ] } },
{ "type": "Feature", "properties": { "id": null, "Name": "ALD-1D-81/9-5-5", "description": null, "timestamp": null, "begin": null, "end": null, "altitudeMode": null, "tessellate": -1, "extrude": 0, "visibility": 0, "drawOrder": null, "icon": null, "Folder": "ALD-1D-81/9 / ALD FSP 0-3-6" }, "geometry": { "type": "Point", "coordinates": [ -106.490268, 31.722642, 0.0 ] } },
{ "type": "Feature", "properties": { "id": null, "Name": "ALD-1D-81/9-6-6", "description": null, "timestamp": null, "begin": null, "end": null, "altitudeMode": null, "tessellate": -1, "extrude": 0, "visibility": 0, "drawOrder": null, "icon": null, "Folder": "ALD-1D-81/9 / ALD FSP 0-3-6" }, "geometry": { "type": "Point", "coordinates": [ -106.490531, 31.722005, 0.0 ] } },
{ "type": "Feature", "properties": { "id": null, "Name": "ALD-1D-81/9-7-7", "description": null, "timestamp": null, "begin": null, "end": null, "altitudeMode": null, "tessellate": -1, "extrude": 0, "visibility": 0, "drawOrder": null, "icon": null, "Folder": "ALD-1D-81/9 / ALD FSP 0-3-6" }, "geometry": { "type": "Point", "coordinates": [ -106.489528, 31.721706, 0.0 ] } },
{ "type": "Feature", "properties": { "id": null, "Name": "ALD-1D-81/9-8-8", "description": null, "timestamp": null, "begin": null, "end": null, "altitudeMode": null, "tessellate": -1, "extrude": 0, "visibility": 0, "drawOrder": null, "icon": null, "Folder": "ALD-1D-81/9 / ALD FSP 0-3-6" }, "geometry": { "type": "Point", "coordinates": [ -106.488542620697601, 31.724198022177429, 0.0 ] } },
{ "type": "Feature", "properties": { "id": null, "Name": "ALD-1D-34/10-1-1", "description": null, "timestamp": null, "begin": null, "end": null, "altitudeMode": null, "tessellate": -1, "extrude": 0, "visibility": 0, "drawOrder": null, "icon": null, "Folder": "ALD-1D-34/10 / ALD FSP 0-3-7" }, "geometry": { "type": "Point", "coordinates": [ -106.489912, 31.727208, 0.0 ] } },
{ "type": "Feature", "properties": { "id": null, "Name": "ALD-1D-34/10-2-2", "description": null, "timestamp": null, "begin": null, "end": null, "altitudeMode": null, "tessellate": -1, "extrude": 0, "visibility": 0, "drawOrder": null, "icon": null, "Folder": "ALD-1D-34/10 / ALD FSP 0-3-7" }, "geometry": { "type": "Point", "coordinates": [ -106.490175, 31.726611111111112, 0.0 ] } },
{ "type": "Feature", "properties": { "id": null, "Name": "ALD-1D-34/10-3-3", "description": null, "timestamp": null, "begin": null, "end": null, "altitudeMode": null, "tessellate": -1, "extrude": 0, "visibility": 0, "drawOrder": null, "icon": null, "Folder": "ALD-1D-34/10 / ALD FSP 0-3-7" }, "geometry": { "type": "Point", "coordinates": [ -106.490594, 31.725681, 0.0 ] } },
{ "type": "Feature", "properties": { "id": null, "Name": "ALD-1D-34/10-4-4", "description": null, "timestamp": null, "begin": null, "end": null, "altitudeMode": null, "tessellate": -1, "extrude": 0, "visibility": 0, "drawOrder": null, "icon": null, "Folder": "ALD-1D-34/10 / ALD FSP 0-3-7" }, "geometry": { "type": "Point", "coordinates": [ -106.490905, 31.72492, 0.0 ] } },
{ "type": "Feature", "properties": { "id": null, "Name": "ALD-1D-34/10-5-5", "description": null, "timestamp": null, "begin": null, "end": null, "altitudeMode": null, "tessellate": -1, "extrude": 0, "visibility": 0, "drawOrder": null, "icon": null, "Folder": "ALD-1D-34/10 / ALD FSP 0-3-7" }, "geometry": { "type": "Point", "coordinates": [ -106.491191666666694, 31.724041666666668, 0.0 ] } },
{ "type": "Feature", "properties": { "id": null, "Name": "ALD-1D-34/10-6-6", "description": null, "timestamp": null, "begin": null, "end": null, "altitudeMode": null, "tessellate": -1, "extrude": 0, "visibility": 0, "drawOrder": null, "icon": null, "Folder": "ALD-1D-34/10 / ALD FSP 0-3-7" }, "geometry": { "type": "Point", "coordinates": [ -106.491731, 31.722733, 0.0 ] } },
{ "type": "Feature", "properties": { "id": null, "Name": "ALD-1D-34/10-7-7", "description": null, "timestamp": null, "begin": null, "end": null, "altitudeMode": null, "tessellate": -1, "extrude": 0, "visibility": 0, "drawOrder": null, "icon": null, "Folder": "ALD-1D-34/10 / ALD FSP 0-3-7" }, "geometry": { "type": "Point", "coordinates": [ -106.49201, 31.722072, 0.0 ] } },
{ "type": "Feature", "properties": { "id": null, "Name": "ALD-1D-34/10-8-8", "description": null, "timestamp": null, "begin": null, "end": null, "altitudeMode": null, "tessellate": -1, "extrude": 0, "visibility": 0, "drawOrder": null, "icon": null, "Folder": "ALD-1D-34/10 / ALD FSP 0-3-7" }, "geometry": { "type": "Point", "coordinates": [ -106.492249, 31.721474, 0.0 ] } },
{ "type": "Feature", "properties": { "id": null, "Name": "ALD-1D-83/11-1-1", "description": null, "timestamp": null, "begin": null, "end": null, "altitudeMode": null, "tessellate": -1, "extrude": 0, "visibility": 0, "drawOrder": null, "icon": null, "Folder": "ALD-1D-83/11 / ALD FSP 0-3-8" }, "geometry": { "type": "Point", "coordinates": [ -106.491222261152103, 31.72776382903443, 0.0 ] } },
{ "type": "Feature", "properties": { "id": null, "Name": "ALD-1D-83/11-2-2", "description": null, "timestamp": null, "begin": null, "end": null, "altitudeMode": null, "tessellate": -1, "extrude": 0, "visibility": 0, "drawOrder": null, "icon": null, "Folder": "ALD-1D-83/11 / ALD FSP 0-3-8" }, "geometry": { "type": "Point", "coordinates": [ -106.491372, 31.727275, 0.0 ] } },
{ "type": "Feature", "properties": { "id": null, "Name": "ALD-1D-83/11-3-3", "description": null, "timestamp": null, "begin": null, "end": null, "altitudeMode": null, "tessellate": -1, "extrude": 0, "visibility": 0, "drawOrder": null, "icon": null, "Folder": "ALD-1D-83/11 / ALD FSP 0-3-8" }, "geometry": { "type": "Point", "coordinates": [ -106.491638384477099, 31.726670129846369, 0.0 ] } },
{ "type": "Feature", "properties": { "id": null, "Name": "ALD-1D-83/11-4-4", "description": null, "timestamp": null, "begin": null, "end": null, "altitudeMode": null, "tessellate": -1, "extrude": 0, "visibility": 0, "drawOrder": null, "icon": null, "Folder": "ALD-1D-83/11 / ALD FSP 0-3-8" }, "geometry": { "type": "Point", "coordinates": [ -106.492183333333301, 31.725413888888891, 0.0 ] } },
{ "type": "Feature", "properties": { "id": null, "Name": "ALD-1D-83/11-5-5", "description": null, "timestamp": null, "begin": null, "end": null, "altitudeMode": null, "tessellate": -1, "extrude": 0, "visibility": 0, "drawOrder": null, "icon": null, "Folder": "ALD-1D-83/11 / ALD FSP 0-3-8" }, "geometry": { "type": "Point", "coordinates": [ -106.492403, 31.724828, 0.0 ] } },
{ "type": "Feature", "properties": { "id": null, "Name": "ALD-1D-83/11-6-6", "description": null, "timestamp": null, "begin": null, "end": null, "altitudeMode": null, "tessellate": -1, "extrude": 0, "visibility": 0, "drawOrder": null, "icon": null, "Folder": "ALD-1D-83/11 / ALD FSP 0-3-8" }, "geometry": { "type": "Point", "coordinates": [ -106.492833, 31.723834, 0.0 ] } },
{ "type": "Feature", "properties": { "id": null, "Name": "ALD-1D-83/11-7-7", "description": null, "timestamp": null, "begin": null, "end": null, "altitudeMode": null, "tessellate": -1, "extrude": 0, "visibility": 0, "drawOrder": null, "icon": null, "Folder": "ALD-1D-83/11 / ALD FSP 0-3-8" }, "geometry": { "type": "Point", "coordinates": [ -106.492969532658805, 31.723505294371378, 0.0 ] } },
{ "type": "Feature", "properties": { "id": null, "Name": "ALD-1D-83/11-8-8", "description": null, "timestamp": null, "begin": null, "end": null, "altitudeMode": null, "tessellate": -1, "extrude": 0, "visibility": 0, "drawOrder": null, "icon": null, "Folder": "ALD-1D-83/11 / ALD FSP 0-3-8" }, "geometry": { "type": "Point", "coordinates": [ -106.493427, 31.722227, 0.0 ] } },
{ "type": "Feature", "properties": { "id": null, "Name": "ALD-1D-84/12-1-1", "description": null, "timestamp": null, "begin": null, "end": null, "altitudeMode": null, "tessellate": -1, "extrude": 0, "visibility": 0, "drawOrder": null, "icon": null, "Folder": "ALD-1D-84/12 / ALD FSP 0-3-9" }, "geometry": { "type": "Point", "coordinates": [ -106.493066, 31.728057, 0.0 ] } },
{ "type": "Feature", "properties": { "id": null, "Name": "ALD-1D-84/12-2-2", "description": null, "timestamp": null, "begin": null, "end": null, "altitudeMode": null, "tessellate": -1, "extrude": 0, "visibility": 0, "drawOrder": null, "icon": null, "Folder": "ALD-1D-84/12 / ALD FSP 0-3-9" }, "geometry": { "type": "Point", "coordinates": [ -106.493416, 31.727179, 0.0 ] } },
{ "type": "Feature", "properties": { "id": null, "Name": "ALD-1D-84/12-3-3", "description": null, "timestamp": null, "begin": null, "end": null, "altitudeMode": null, "tessellate": -1, "extrude": 0, "visibility": 0, "drawOrder": null, "icon": null, "Folder": "ALD-1D-84/12 / ALD FSP 0-3-9" }, "geometry": { "type": "Point", "coordinates": [ -106.49395, 31.725892, 0.0 ] } },
{ "type": "Feature", "properties": { "id": null, "Name": "ALD-1D-84/12-4-4", "description": null, "timestamp": null, "begin": null, "end": null, "altitudeMode": null, "tessellate": -1, "extrude": 0, "visibility": 0, "drawOrder": null, "icon": null, "Folder": "ALD-1D-84/12 / ALD FSP 0-3-9" }, "geometry": { "type": "Point", "coordinates": [ -106.495017, 31.723362, 0.0 ] } },
{ "type": "Feature", "properties": { "id": null, "Name": "ALD-1D-84/12-5-5", "description": null, "timestamp": null, "begin": null, "end": null, "altitudeMode": null, "tessellate": -1, "extrude": 0, "visibility": 0, "drawOrder": null, "icon": null, "Folder": "ALD-1D-84/12 / ALD FSP 0-3-9" }, "geometry": { "type": "Point", "coordinates": [ -106.49456, 31.7245, 0.0 ] } },
{ "type": "Feature", "properties": { "id": null, "Name": "ALD-1D-84/12-6-6", "description": null, "timestamp": null, "begin": null, "end": null, "altitudeMode": null, "tessellate": -1, "extrude": 0, "visibility": 0, "drawOrder": null, "icon": null, "Folder": "ALD-1D-84/12 / ALD FSP 0-3-9" }, "geometry": { "type": "Point", "coordinates": [ -106.495864, 31.723631, 0.0 ] } },
{ "type": "Feature", "properties": { "id": null, "Name": "ALD-1D-84/12-7-7", "description": null, "timestamp": null, "begin": null, "end": null, "altitudeMode": null, "tessellate": -1, "extrude": 0, "visibility": 0, "drawOrder": null, "icon": null, "Folder": "ALD-1D-84/12 / ALD FSP 0-3-9" }, "geometry": { "type": "Point", "coordinates": [ -106.497224, 31.724067, 0.0 ] } },
{ "type": "Feature", "properties": { "id": null, "Name": "ALD-1D-84/12-8-8", "description": null, "timestamp": null, "begin": null, "end": null, "altitudeMode": null, "tessellate": -1, "extrude": 0, "visibility": 0, "drawOrder": null, "icon": null, "Folder": "ALD-1D-84/12 / ALD FSP 0-3-9" }, "geometry": { "type": "Point", "coordinates": [ -106.498136, 31.724291, 0.0 ] } },
{ "type": "Feature", "properties": { "id": null, "Name": "ALD-2I-1/1-1-1", "description": null, "timestamp": null, "begin": null, "end": null, "altitudeMode": null, "tessellate": -1, "extrude": 0, "visibility": 0, "drawOrder": null, "icon": null, "Folder": "ALD-2I-1/1 / ALD FSP 0-3-10" }, "geometry": { "type": "Point", "coordinates": [ -106.5025002894062, 31.743412193380351, 0.0 ] } },
{ "type": "Feature", "properties": { "id": null, "Name": "ALD-2I-1/1-2-2", "description": null, "timestamp": null, "begin": null, "end": null, "altitudeMode": null, "tessellate": -1, "extrude": 0, "visibility": 0, "drawOrder": null, "icon": null, "Folder": "ALD-2I-1/1 / ALD FSP 0-3-10" }, "geometry": { "type": "Point", "coordinates": [ -106.502963, 31.743554, 0.0 ] } },
{ "type": "Feature", "properties": { "id": null, "Name": "ALD-2I-1/1-3-3", "description": null, "timestamp": null, "begin": null, "end": null, "altitudeMode": null, "tessellate": -1, "extrude": 0, "visibility": 0, "drawOrder": null, "icon": null, "Folder": "ALD-2I-1/1 / ALD FSP 0-3-10" }, "geometry": { "type": "Point", "coordinates": [ -106.502759, 31.744094, 0.0 ] } },
{ "type": "Feature", "properties": { "id": null, "Name": "ALD-2I-1/1-4-4", "description": null, "timestamp": null, "begin": null, "end": null, "altitudeMode": null, "tessellate": -1, "extrude": 0, "visibility": 0, "drawOrder": null, "icon": null, "Folder": "ALD-2I-1/1 / ALD FSP 0-3-10" }, "geometry": { "type": "Point", "coordinates": [ -106.502499, 31.74465, 0.0 ] } },
{ "type": "Feature", "properties": { "id": null, "Name": "ALD-2I-1/1-5-5", "description": null, "timestamp": null, "begin": null, "end": null, "altitudeMode": null, "tessellate": -1, "extrude": 0, "visibility": 0, "drawOrder": null, "icon": null, "Folder": "ALD-2I-1/1 / ALD FSP 0-3-10" }, "geometry": { "type": "Point", "coordinates": [ -106.502124, 31.745616, 0.0 ] } },
{ "type": "Feature", "properties": { "id": null, "Name": "ALD-2I-1/1-6-6", "description": null, "timestamp": null, "begin": null, "end": null, "altitudeMode": null, "tessellate": -1, "extrude": 0, "visibility": 0, "drawOrder": null, "icon": null, "Folder": "ALD-2I-1/1 / ALD FSP 0-3-10" }, "geometry": { "type": "Point", "coordinates": [ -106.501715, 31.746645, 0.0 ] } },
{ "type": "Feature", "properties": { "id": null, "Name": "ALD-2I-1/1-7-7", "description": null, "timestamp": null, "begin": null, "end": null, "altitudeMode": null, "tessellate": -1, "extrude": 0, "visibility": 0, "drawOrder": null, "icon": null, "Folder": "ALD-2I-1/1 / ALD FSP 0-3-10" }, "geometry": { "type": "Point", "coordinates": [ -106.5012, 31.747809, 0.0 ] } },
{ "type": "Feature", "properties": { "id": null, "Name": "ALD-2I-1/1-8-8", "description": null, "timestamp": null, "begin": null, "end": null, "altitudeMode": null, "tessellate": -1, "extrude": 0, "visibility": 0, "drawOrder": null, "icon": null, "Folder": "ALD-2I-1/1 / ALD FSP 0-3-10" }, "geometry": { "type": "Point", "coordinates": [ -106.500877, 31.748479, 0.0 ] } },
{ "type": "Feature", "properties": { "id": null, "Name": "ALD-2I-2/2-1-1", "description": null, "timestamp": null, "begin": null, "end": null, "altitudeMode": null, "tessellate": -1, "extrude": 0, "visibility": 0, "drawOrder": null, "icon": null, "Folder": "ALD-2I-2/2 / ALD FSP 0-3-11" }, "geometry": { "type": "Point", "coordinates": [ -106.499708, 31.746727, 0.0 ] } },
{ "type": "Feature", "properties": { "id": null, "Name": "ALD-2I-2/2-2-2", "description": null, "timestamp": null, "begin": null, "end": null, "altitudeMode": null, "tessellate": -1, "extrude": 0, "visibility": 0, "drawOrder": null, "icon": null, "Folder": "ALD-2I-2/2 / ALD FSP 0-3-11" }, "geometry": { "type": "Point", "coordinates": [ -106.500106768307504, 31.746828024863049, 0.0 ] } },
{ "type": "Feature", "properties": { "id": null, "Name": "ALD-2I-2/2-4-4", "description": null, "timestamp": null, "begin": null, "end": null, "altitudeMode": null, "tessellate": -1, "extrude": 0, "visibility": 0, "drawOrder": null, "icon": null, "Folder": "ALD-2I-2/2 / ALD FSP 0-3-11" }, "geometry": { "type": "Point", "coordinates": [ -106.501754068513705, 31.7466082780719, 0.0 ] } },
{ "type": "Feature", "properties": { "id": null, "Name": "ALD-2I-2/2-3-3", "description": null, "timestamp": null, "begin": null, "end": null, "altitudeMode": null, "tessellate": -1, "extrude": 0, "visibility": 0, "drawOrder": null, "icon": null, "Folder": "ALD-2I-2/2 / ALD FSP 0-3-11" }, "geometry": { "type": "Point", "coordinates": [ -106.500714, 31.746636, 0.0 ] } },
{ "type": "Feature", "properties": { "id": null, "Name": "ALD-2I-2/2-5-5", "description": null, "timestamp": null, "begin": null, "end": null, "altitudeMode": null, "tessellate": -1, "extrude": 0, "visibility": 0, "drawOrder": null, "icon": null, "Folder": "ALD-2I-2/2 / ALD FSP 0-3-11" }, "geometry": { "type": "Point", "coordinates": [ -106.502658, 31.74688, 0.0 ] } },
{ "type": "Feature", "properties": { "id": null, "Name": "ALD-2I-2/2-6-6", "description": null, "timestamp": null, "begin": null, "end": null, "altitudeMode": null, "tessellate": -1, "extrude": 0, "visibility": 0, "drawOrder": null, "icon": null, "Folder": "ALD-2I-2/2 / ALD FSP 0-3-11" }, "geometry": { "type": "Point", "coordinates": [ -106.503561, 31.747176, 0.0 ] } },
{ "type": "Feature", "properties": { "id": null, "Name": "ALD-2I-2/2-7-7", "description": null, "timestamp": null, "begin": null, "end": null, "altitudeMode": null, "tessellate": -1, "extrude": 0, "visibility": 0, "drawOrder": null, "icon": null, "Folder": "ALD-2I-2/2 / ALD FSP 0-3-11" }, "geometry": { "type": "Point", "coordinates": [ -106.503084, 31.748418, 0.0 ] } },
{ "type": "Feature", "properties": { "id": null, "Name": "ALD-2I-2/2-8-8", "description": null, "timestamp": null, "begin": null, "end": null, "altitudeMode": null, "tessellate": -1, "extrude": 0, "visibility": 0, "drawOrder": null, "icon": null, "Folder": "ALD-2I-2/2 / ALD FSP 0-3-11" }, "geometry": { "type": "Point", "coordinates": [ -106.503873, 31.748841, 0.0 ] } },
{ "type": "Feature", "properties": { "id": null, "Name": "ALD-2I-3/3-1-1", "description": null, "timestamp": null, "begin": null, "end": null, "altitudeMode": null, "tessellate": -1, "extrude": 0, "visibility": 0, "drawOrder": null, "icon": null, "Folder": "ALD-2I-3/3 / ALD FSP 0-3-12" }, "geometry": { "type": "Point", "coordinates": [ -106.498652, 31.746759, 0.0 ] } },
{ "type": "Feature", "properties": { "id": null, "Name": "ALD-2I-3/3-2-2", "description": null, "timestamp": null, "begin": null, "end": null, "altitudeMode": null, "tessellate": -1, "extrude": 0, "visibility": 0, "drawOrder": null, "icon": null, "Folder": "ALD-2I-3/3 / ALD FSP 0-3-12" }, "geometry": { "type": "Point", "coordinates": [ -106.498497, 31.747123, 0.0 ] } },
{ "type": "Feature", "properties": { "id": null, "Name": "ALD-2I-3/3-3-3", "description": null, "timestamp": null, "begin": null, "end": null, "altitudeMode": null, "tessellate": -1, "extrude": 0, "visibility": 0, "drawOrder": null, "icon": null, "Folder": "ALD-2I-3/3 / ALD FSP 0-3-12" }, "geometry": { "type": "Point", "coordinates": [ -106.49826, 31.747735, 0.0 ] } },
{ "type": "Feature", "properties": { "id": null, "Name": "ALD-2I-3/3-4-4", "description": null, "timestamp": null, "begin": null, "end": null, "altitudeMode": null, "tessellate": -1, "extrude": 0, "visibility": 0, "drawOrder": null, "icon": null, "Folder": "ALD-2I-3/3 / ALD FSP 0-3-12" }, "geometry": { "type": "Point", "coordinates": [ -106.498033, 31.748371, 0.0 ] } },
{ "type": "Feature", "properties": { "id": null, "Name": "ALD-2I-3/3-5-5", "description": null, "timestamp": null, "begin": null, "end": null, "altitudeMode": null, "tessellate": -1, "extrude": 0, "visibility": 0, "drawOrder": null, "icon": null, "Folder": "ALD-2I-3/3 / ALD FSP 0-3-12" }, "geometry": { "type": "Point", "coordinates": [ -106.497652, 31.749251, 0.0 ] } },
{ "type": "Feature", "properties": { "id": null, "Name": "ALD-2I-3/3-6-6", "description": null, "timestamp": null, "begin": null, "end": null, "altitudeMode": null, "tessellate": -1, "extrude": 0, "visibility": 0, "drawOrder": null, "icon": null, "Folder": "ALD-2I-3/3 / ALD FSP 0-3-12" }, "geometry": { "type": "Point", "coordinates": [ -106.497519, 31.749630555555559, 0.0 ] } },
{ "type": "Feature", "properties": { "id": null, "Name": "ALD-2I-3/3-7-7", "description": null, "timestamp": null, "begin": null, "end": null, "altitudeMode": null, "tessellate": -1, "extrude": 0, "visibility": 0, "drawOrder": null, "icon": null, "Folder": "ALD-2I-3/3 / ALD FSP 0-3-12" }, "geometry": { "type": "Point", "coordinates": [ -106.498408, 31.749763, 0.0 ] } },
{ "type": "Feature", "properties": { "id": null, "Name": "ALD-2I-3/3-8-8", "description": null, "timestamp": null, "begin": null, "end": null, "altitudeMode": null, "tessellate": -1, "extrude": 0, "visibility": 0, "drawOrder": null, "icon": null, "Folder": "ALD-2I-3/3 / ALD FSP 0-3-12" }, "geometry": { "type": "Point", "coordinates": [ -106.498901, 31.748608, 0.0 ] } },
{ "type": "Feature", "properties": { "id": null, "Name": "ALD-2I-4/4-1-1", "description": null, "timestamp": null, "begin": null, "end": null, "altitudeMode": null, "tessellate": -1, "extrude": 0, "visibility": 0, "drawOrder": null, "icon": null, "Folder": "ALD-2I-4/4 / ALD FSP 0-3-13" }, "geometry": { "type": "Point", "coordinates": [ -106.497758, 31.746459, 0.0 ] } },
{ "type": "Feature", "properties": { "id": null, "Name": "ALD-2I-4/4-2-2", "description": null, "timestamp": null, "begin": null, "end": null, "altitudeMode": null, "tessellate": -1, "extrude": 0, "visibility": 0, "drawOrder": null, "icon": null, "Folder": "ALD-2I-4/4 / ALD FSP 0-3-13" }, "geometry": { "type": "Point", "coordinates": [ -106.497338, 31.747469, 0.0 ] } },
{ "type": "Feature", "properties": { "id": null, "Name": "ALD-2I-4/4-3-3", "description": null, "timestamp": null, "begin": null, "end": null, "altitudeMode": null, "tessellate": -1, "extrude": 0, "visibility": 0, "drawOrder": null, "icon": null, "Folder": "ALD-2I-4/4 / ALD FSP 0-3-13" }, "geometry": { "type": "Point", "coordinates": [ -106.497119, 31.748064, 0.0 ] } },
{ "type": "Feature", "properties": { "id": null, "Name": "ALD-2I-4/4-4-4", "description": null, "timestamp": null, "begin": null, "end": null, "altitudeMode": null, "tessellate": -1, "extrude": 0, "visibility": 0, "drawOrder": null, "icon": null, "Folder": "ALD-2I-4/4 / ALD FSP 0-3-13" }, "geometry": { "type": "Point", "coordinates": [ -106.49685, 31.748699, 0.0 ] } },
{ "type": "Feature", "properties": { "id": null, "Name": "ALD-2I-4/4-5-5", "description": null, "timestamp": null, "begin": null, "end": null, "altitudeMode": null, "tessellate": -1, "extrude": 0, "visibility": 0, "drawOrder": null, "icon": null, "Folder": "ALD-2I-4/4 / ALD FSP 0-3-13" }, "geometry": { "type": "Point", "coordinates": [ -106.496584, 31.749336, 0.0 ] } },
{ "type": "Feature", "properties": { "id": null, "Name": "ALD-2I-4/4-6-6", "description": null, "timestamp": null, "begin": null, "end": null, "altitudeMode": null, "tessellate": -1, "extrude": 0, "visibility": 0, "drawOrder": null, "icon": null, "Folder": "ALD-2I-4/4 / ALD FSP 0-3-13" }, "geometry": { "type": "Point", "coordinates": [ -106.496347, 31.749979, 0.0 ] } },
{ "type": "Feature", "properties": { "id": null, "Name": "ALD-2I-4/4-7-7", "description": null, "timestamp": null, "begin": null, "end": null, "altitudeMode": null, "tessellate": -1, "extrude": 0, "visibility": 0, "drawOrder": null, "icon": null, "Folder": "ALD-2I-4/4 / ALD FSP 0-3-13" }, "geometry": { "type": "Point", "coordinates": [ -106.496689793876897, 31.75007043637061, 0.0 ] } },
{ "type": "Feature", "properties": { "id": null, "Name": "ALD-2I-4/4-8-8", "description": null, "timestamp": null, "begin": null, "end": null, "altitudeMode": null, "tessellate": -1, "extrude": 0, "visibility": 0, "drawOrder": null, "icon": null, "Folder": "ALD-2I-4/4 / ALD FSP 0-3-13" }, "geometry": { "type": "Point", "coordinates": [ -106.497507, 31.750669, 0.0 ] } },
{ "type": "Feature", "properties": { "id": null, "Name": "ALD-2I-6/6-1-1", "description": null, "timestamp": null, "begin": null, "end": null, "altitudeMode": null, "tessellate": -1, "extrude": 0, "visibility": 0, "drawOrder": null, "icon": null, "Folder": "ALD-2I-6/6 / ALD FSP 0-3-14" }, "geometry": { "type": "Point", "coordinates": [ -106.496486, 31.74578, 0.0 ] } },
{ "type": "Feature", "properties": { "id": null, "Name": "ALD-2I-6/6-2-2", "description": null, "timestamp": null, "begin": null, "end": null, "altitudeMode": null, "tessellate": -1, "extrude": 0, "visibility": 0, "drawOrder": null, "icon": null, "Folder": "ALD-2I-6/6 / ALD FSP 0-3-14" }, "geometry": { "type": "Point", "coordinates": [ -106.496119, 31.746633, 0.0 ] } },
{ "type": "Feature", "properties": { "id": null, "Name": "ALD-2I-6/6-3-3", "description": null, "timestamp": null, "begin": null, "end": null, "altitudeMode": null, "tessellate": -1, "extrude": 0, "visibility": 0, "drawOrder": null, "icon": null, "Folder": "ALD-2I-6/6 / ALD FSP 0-3-14" }, "geometry": { "type": "Point", "coordinates": [ -106.495889, 31.747241, 0.0 ] } },
{ "type": "Feature", "properties": { "id": null, "Name": "ALD-2I-6/6-4-4", "description": null, "timestamp": null, "begin": null, "end": null, "altitudeMode": null, "tessellate": -1, "extrude": 0, "visibility": 0, "drawOrder": null, "icon": null, "Folder": "ALD-2I-6/6 / ALD FSP 0-3-14" }, "geometry": { "type": "Point", "coordinates": [ -106.494368, 31.747247, 0.0 ] } },
{ "type": "Feature", "properties": { "id": null, "Name": "ALD-2I-6/6-5-5", "description": null, "timestamp": null, "begin": null, "end": null, "altitudeMode": null, "tessellate": -1, "extrude": 0, "visibility": 0, "drawOrder": null, "icon": null, "Folder": "ALD-2I-6/6 / ALD FSP 0-3-14" }, "geometry": { "type": "Point", "coordinates": [ -106.494123, 31.747869, 0.0 ] } },
{ "type": "Feature", "properties": { "id": null, "Name": "ALD-2I-6/6-6-6", "description": null, "timestamp": null, "begin": null, "end": null, "altitudeMode": null, "tessellate": -1, "extrude": 0, "visibility": 0, "drawOrder": null, "icon": null, "Folder": "ALD-2I-6/6 / ALD FSP 0-3-14" }, "geometry": { "type": "Point", "coordinates": [ -106.493947, 31.748388, 0.0 ] } },
{ "type": "Feature", "properties": { "id": null, "Name": "ALD-2I-6/6-7-7", "description": null, "timestamp": null, "begin": null, "end": null, "altitudeMode": null, "tessellate": -1, "extrude": 0, "visibility": 0, "drawOrder": null, "icon": null, "Folder": "ALD-2I-6/6 / ALD FSP 0-3-14" }, "geometry": { "type": "Point", "coordinates": [ -106.493701681037805, 31.749204554836599, 0.0 ] } },
{ "type": "Feature", "properties": { "id": null, "Name": "ALD-2I-6/6-8-8", "description": null, "timestamp": null, "begin": null, "end": null, "altitudeMode": null, "tessellate": -1, "extrude": 0, "visibility": 0, "drawOrder": null, "icon": null, "Folder": "ALD-2I-6/6 / ALD FSP 0-3-14" }, "geometry": { "type": "Point", "coordinates": [ -106.49437, 31.749804, 0.0 ] } },
{ "type": "Feature", "properties": { "id": null, "Name": "ALD-2I-5/5-1-1", "description": null, "timestamp": null, "begin": null, "end": null, "altitudeMode": null, "tessellate": -1, "extrude": 0, "visibility": 0, "drawOrder": null, "icon": null, "Folder": "ALD-2I-5/5 / ALD FSP 0-3-15" }, "geometry": { "type": "Point", "coordinates": [ -106.498004, 31.745837, 0.0 ] } },
{ "type": "Feature", "properties": { "id": null, "Name": "ALD-2I-5/5-2-2", "description": null, "timestamp": null, "begin": null, "end": null, "altitudeMode": null, "tessellate": -1, "extrude": 0, "visibility": 0, "drawOrder": null, "icon": null, "Folder": "ALD-2I-5/5 / ALD FSP 0-3-15" }, "geometry": { "type": "Point", "coordinates": [ -106.498122, 31.745564, 0.0 ] } },
{ "type": "Feature", "properties": { "id": null, "Name": "ALD-2I-5/5-3-3", "description": null, "timestamp": null, "begin": null, "end": null, "altitudeMode": null, "tessellate": -1, "extrude": 0, "visibility": 0, "drawOrder": null, "icon": null, "Folder": "ALD-2I-5/5 / ALD FSP 0-3-15" }, "geometry": { "type": "Point", "coordinates": [ -106.498393966128106, 31.744902582966191, 0.0 ] } },
{ "type": "Feature", "properties": { "id": null, "Name": "ALD-2I-5/5-4-4", "description": null, "timestamp": null, "begin": null, "end": null, "altitudeMode": null, "tessellate": -1, "extrude": 0, "visibility": 0, "drawOrder": null, "icon": null, "Folder": "ALD-2I-5/5 / ALD FSP 0-3-15" }, "geometry": { "type": "Point", "coordinates": [ -106.497925, 31.744748, 0.0 ] } },
{ "type": "Feature", "properties": { "id": null, "Name": "ALD-2I-5/5-5-5", "description": null, "timestamp": null, "begin": null, "end": null, "altitudeMode": null, "tessellate": -1, "extrude": 0, "visibility": 0, "drawOrder": null, "icon": null, "Folder": "ALD-2I-5/5 / ALD FSP 0-3-15" }, "geometry": { "type": "Point", "coordinates": [ -106.497468, 31.744631, 0.0 ] } },
{ "type": "Feature", "properties": { "id": null, "Name": "ALD-2I-5/5-6-6", "description": null, "timestamp": null, "begin": null, "end": null, "altitudeMode": null, "tessellate": -1, "extrude": 0, "visibility": 0, "drawOrder": null, "icon": null, "Folder": "ALD-2I-5/5 / ALD FSP 0-3-15" }, "geometry": { "type": "Point", "coordinates": [ -106.497745570214505, 31.743921628137979, 0.0 ] } },
{ "type": "Feature", "properties": { "id": null, "Name": "ALD-2I-5/5-7-7", "description": null, "timestamp": null, "begin": null, "end": null, "altitudeMode": null, "tessellate": -1, "extrude": 0, "visibility": 0, "drawOrder": null, "icon": null, "Folder": "ALD-2I-5/5 / ALD FSP 0-3-15" }, "geometry": { "type": "Point", "coordinates": [ -106.498253, 31.74271, 0.0 ] } },
{ "type": "Feature", "properties": { "id": null, "Name": "ALD-2I-5/5-8-8", "description": null, "timestamp": null, "begin": null, "end": null, "altitudeMode": null, "tessellate": -1, "extrude": 0, "visibility": 0, "drawOrder": null, "icon": null, "Folder": "ALD-2I-5/5 / ALD FSP 0-3-15" }, "geometry": { "type": "Point", "coordinates": [ -106.498473, 31.742216, 0.0 ] } },
{ "type": "Feature", "properties": { "id": null, "Name": "ALD-2I-7/7-1-1", "description": null, "timestamp": null, "begin": null, "end": null, "altitudeMode": null, "tessellate": -1, "extrude": 0, "visibility": 0, "drawOrder": null, "icon": null, "Folder": "ALD-2I-7/7 / ALD FSP 0-4-0" }, "geometry": { "type": "Point", "coordinates": [ -106.496384, 31.745033, 0.0 ] } },
{ "type": "Feature", "properties": { "id": null, "Name": "ALD-2I-7/7-2-2", "description": null, "timestamp": null, "begin": null, "end": null, "altitudeMode": null, "tessellate": -1, "extrude": 0, "visibility": 0, "drawOrder": null, "icon": null, "Folder": "ALD-2I-7/7 / ALD FSP 0-4-0" }, "geometry": { "type": "Point", "coordinates": [ -106.495481, 31.744608, 0.0 ] } },
{ "type": "Feature", "properties": { "id": null, "Name": "ALD-2I-7/7-3-3", "description": null, "timestamp": null, "begin": null, "end": null, "altitudeMode": null, "tessellate": -1, "extrude": 0, "visibility": 0, "drawOrder": null, "icon": null, "Folder": "ALD-2I-7/7 / ALD FSP 0-4-0" }, "geometry": { "type": "Point", "coordinates": [ -106.495704772118899, 31.744098111628102, 0.0 ] } },
{ "type": "Feature", "properties": { "id": null, "Name": "ALD-2I-7/7-4-4", "description": null, "timestamp": null, "begin": null, "end": null, "altitudeMode": null, "tessellate": -1, "extrude": 0, "visibility": 0, "drawOrder": null, "icon": null, "Folder": "ALD-2I-7/7 / ALD FSP 0-4-0" }, "geometry": { "type": "Point", "coordinates": [ -106.495952777777802, 31.74345, 0.0 ] } },
{ "type": "Feature", "properties": { "id": null, "Name": "ALD-2I-7/7-5-5", "description": null, "timestamp": null, "begin": null, "end": null, "altitudeMode": null, "tessellate": -1, "extrude": 0, "visibility": 0, "drawOrder": null, "icon": null, "Folder": "ALD-2I-7/7 / ALD FSP 0-4-0" }, "geometry": { "type": "Point", "coordinates": [ -106.495744, 31.742692, 0.0 ] } },
{ "type": "Feature", "properties": { "id": null, "Name": "ALD-2I-7/7-6-6", "description": null, "timestamp": null, "begin": null, "end": null, "altitudeMode": null, "tessellate": -1, "extrude": 0, "visibility": 0, "drawOrder": null, "icon": null, "Folder": "ALD-2I-7/7 / ALD FSP 0-4-0" }, "geometry": { "type": "Point", "coordinates": [ -106.495278852139194, 31.742511633523229, 0.0 ] } },
{ "type": "Feature", "properties": { "id": null, "Name": "ALD-2I-7/7-7-7", "description": null, "timestamp": null, "begin": null, "end": null, "altitudeMode": null, "tessellate": -1, "extrude": 0, "visibility": 0, "drawOrder": null, "icon": null, "Folder": "ALD-2I-7/7 / ALD FSP 0-4-0" }, "geometry": { "type": "Point", "coordinates": [ -106.4948277544473, 31.742416730432701, 0.0 ] } },
{ "type": "Feature", "properties": { "id": null, "Name": "ALD-2I-7/7-8-8", "description": null, "timestamp": null, "begin": null, "end": null, "altitudeMode": null, "tessellate": -1, "extrude": 0, "visibility": 0, "drawOrder": null, "icon": null, "Folder": "ALD-2I-7/7 / ALD FSP 0-4-0" }, "geometry": { "type": "Point", "coordinates": [ -106.494436, 31.742331120275949, 0.0 ] } },
{ "type": "Feature", "properties": { "id": null, "Name": "ALD-2I-8/8-1-1", "description": null, "timestamp": null, "begin": null, "end": null, "altitudeMode": null, "tessellate": -1, "extrude": 0, "visibility": 0, "drawOrder": null, "icon": null, "Folder": "ALD-2I-8/8 / ALD FSP 0-4-1" }, "geometry": { "type": "Point", "coordinates": [ -106.497988749071297, 31.739931526184041, 0.0 ] } },
{ "type": "Feature", "properties": { "id": null, "Name": "ALD-2I-8/8-2-2", "description": null, "timestamp": null, "begin": null, "end": null, "altitudeMode": null, "tessellate": -1, "extrude": 0, "visibility": 0, "drawOrder": null, "icon": null, "Folder": "ALD-2I-8/8 / ALD FSP 0-4-1" }, "geometry": { "type": "Point", "coordinates": [ -106.497515227076605, 31.739788520574649, 0.0 ] } },
{ "type": "Feature", "properties": { "id": null, "Name": "ALD-2I-8/8-3-3", "description": null, "timestamp": null, "begin": null, "end": null, "altitudeMode": null, "tessellate": -1, "extrude": 0, "visibility": 0, "drawOrder": null, "icon": null, "Folder": "ALD-2I-8/8 / ALD FSP 0-4-1" }, "geometry": { "type": "Point", "coordinates": [ -106.496640118549294, 31.739519868496611, 0.0 ] } },
{ "type": "Feature", "properties": { "id": null, "Name": "ALD-2I-8/8-4-4", "description": null, "timestamp": null, "begin": null, "end": null, "altitudeMode": null, "tessellate": -1, "extrude": 0, "visibility": 0, "drawOrder": null, "icon": null, "Folder": "ALD-2I-8/8 / ALD FSP 0-4-1" }, "geometry": { "type": "Point", "coordinates": [ -106.496053, 31.739372, 0.0 ] } },
{ "type": "Feature", "properties": { "id": null, "Name": "ALD-2I-8/8-5-5", "description": null, "timestamp": null, "begin": null, "end": null, "altitudeMode": null, "tessellate": -1, "extrude": 0, "visibility": 0, "drawOrder": null, "icon": null, "Folder": "ALD-2I-8/8 / ALD FSP 0-4-1" }, "geometry": { "type": "Point", "coordinates": [ -106.495827697973098, 31.739990739812029, 0.0 ] } },
{ "type": "Feature", "properties": { "id": null, "Name": "ALD-2I-8/8-6-6", "description": null, "timestamp": null, "begin": null, "end": null, "altitudeMode": null, "tessellate": -1, "extrude": 0, "visibility": 0, "drawOrder": null, "icon": null, "Folder": "ALD-2I-8/8 / ALD FSP 0-4-1" }, "geometry": { "type": "Point", "coordinates": [ -106.495537, 31.740553, 0.0 ] } },
{ "type": "Feature", "properties": { "id": null, "Name": "ALD-2I-8/8-7-7", "description": null, "timestamp": null, "begin": null, "end": null, "altitudeMode": null, "tessellate": -1, "extrude": 0, "visibility": 0, "drawOrder": null, "icon": null, "Folder": "ALD-2I-8/8 / ALD FSP 0-4-1" }, "geometry": { "type": "Point", "coordinates": [ -106.495204, 31.741495, 0.0 ] } },
{ "type": "Feature", "properties": { "id": null, "Name": "ALD-2I-8/8-8-8", "description": null, "timestamp": null, "begin": null, "end": null, "altitudeMode": null, "tessellate": -1, "extrude": 0, "visibility": 0, "drawOrder": null, "icon": null, "Folder": "ALD-2I-8/8 / ALD FSP 0-4-1" }, "geometry": { "type": "Point", "coordinates": [ -106.494614, 31.741606, 0.0 ] } },
{ "type": "Feature", "properties": { "id": null, "Name": "ALD-2I-9/9-1-1", "description": null, "timestamp": null, "begin": null, "end": null, "altitudeMode": null, "tessellate": -1, "extrude": 0, "visibility": 0, "drawOrder": null, "icon": null, "Folder": "ALD-2I-9/9 / ALD FSP 0-4-2" }, "geometry": { "type": "Point", "coordinates": [ -106.4988666666667, 31.73874166666667, 0.0 ] } },
{ "type": "Feature", "properties": { "id": null, "Name": "ALD-2I-9/9-2-2", "description": null, "timestamp": null, "begin": null, "end": null, "altitudeMode": null, "tessellate": -1, "extrude": 0, "visibility": 0, "drawOrder": null, "icon": null, "Folder": "ALD-2I-9/9 / ALD FSP 0-4-2" }, "geometry": { "type": "Point", "coordinates": [ -106.498432675177696, 31.73861867975463, 0.0 ] } },
{ "type": "Feature", "properties": { "id": null, "Name": "ALD-2I-9/9-3-3", "description": null, "timestamp": null, "begin": null, "end": null, "altitudeMode": null, "tessellate": -1, "extrude": 0, "visibility": 0, "drawOrder": null, "icon": null, "Folder": "ALD-2I-9/9 / ALD FSP 0-4-2" }, "geometry": { "type": "Point", "coordinates": [ -106.497984, 31.738500715876238, 0.0 ] } },
{ "type": "Feature", "properties": { "id": null, "Name": "ALD-2I-9/9-4-4", "description": null, "timestamp": null, "begin": null, "end": null, "altitudeMode": null, "tessellate": -1, "extrude": 0, "visibility": 0, "drawOrder": null, "icon": null, "Folder": "ALD-2I-9/9 / ALD FSP 0-4-2" }, "geometry": { "type": "Point", "coordinates": [ -106.497483, 31.738333, 0.0 ] } },
{ "type": "Feature", "properties": { "id": null, "Name": "ALD-2I-9/9-5-5", "description": null, "timestamp": null, "begin": null, "end": null, "altitudeMode": null, "tessellate": -1, "extrude": 0, "visibility": 0, "drawOrder": null, "icon": null, "Folder": "ALD-2I-9/9 / ALD FSP 0-4-2" }, "geometry": { "type": "Point", "coordinates": [ -106.496194, 31.737942, 0.0 ] } },
{ "type": "Feature", "properties": { "id": null, "Name": "ALD-2I-9/9-6-6", "description": null, "timestamp": null, "begin": null, "end": null, "altitudeMode": null, "tessellate": -1, "extrude": 0, "visibility": 0, "drawOrder": null, "icon": null, "Folder": "ALD-2I-9/9 / ALD FSP 0-4-2" }, "geometry": { "type": "Point", "coordinates": [ -106.495693, 31.737806, 0.0 ] } },
{ "type": "Feature", "properties": { "id": null, "Name": "ALD-2I-9/9-7-7", "description": null, "timestamp": null, "begin": null, "end": null, "altitudeMode": null, "tessellate": -1, "extrude": 0, "visibility": 0, "drawOrder": null, "icon": null, "Folder": "ALD-2I-9/9 / ALD FSP 0-4-2" }, "geometry": { "type": "Point", "coordinates": [ -106.495348, 31.738547, 0.0 ] } },
{ "type": "Feature", "properties": { "id": null, "Name": "ALD-2I-9/9-8-8", "description": null, "timestamp": null, "begin": null, "end": null, "altitudeMode": null, "tessellate": -1, "extrude": 0, "visibility": 0, "drawOrder": null, "icon": null, "Folder": "ALD-2I-9/9 / ALD FSP 0-4-2" }, "geometry": { "type": "Point", "coordinates": [ -106.495062, 31.739406, 0.0 ] } },
{ "type": "Feature", "properties": { "id": null, "Name": "ALD-2I-10/10-1-1", "description": null, "timestamp": null, "begin": null, "end": null, "altitudeMode": null, "tessellate": -1, "extrude": 0, "visibility": 0, "drawOrder": null, "icon": null, "Folder": "ALD-2I-10/10 / ALD FSP 0-4-3" }, "geometry": { "type": "Point", "coordinates": [ -106.499916, 31.738622, 0.0 ] } },
{ "type": "Feature", "properties": { "id": null, "Name": "ALD-2I-10/10-2-2", "description": null, "timestamp": null, "begin": null, "end": null, "altitudeMode": null, "tessellate": -1, "extrude": 0, "visibility": 0, "drawOrder": null, "icon": null, "Folder": "ALD-2I-10/10 / ALD FSP 0-4-3" }, "geometry": { "type": "Point", "coordinates": [ -106.499779, 31.73902, 0.0 ] } },
{ "type": "Feature", "properties": { "id": null, "Name": "ALD-2I-10/10-3-3", "description": null, "timestamp": null, "begin": null, "end": null, "altitudeMode": null, "tessellate": -1, "extrude": 0, "visibility": 0, "drawOrder": null, "icon": null, "Folder": "ALD-2I-10/10 / ALD FSP 0-4-3" }, "geometry": { "type": "Point", "coordinates": [ -106.499513, 31.739666, 0.0 ] } },
{ "type": "Feature", "properties": { "id": null, "Name": "ALD-2I-10/10-4-4", "description": null, "timestamp": null, "begin": null, "end": null, "altitudeMode": null, "tessellate": -1, "extrude": 0, "visibility": 0, "drawOrder": null, "icon": null, "Folder": "ALD-2I-10/10 / ALD FSP 0-4-3" }, "geometry": { "type": "Point", "coordinates": [ -106.49928, 31.74029, 0.0 ] } },
{ "type": "Feature", "properties": { "id": null, "Name": "ALD-2I-10/10-5-5", "description": null, "timestamp": null, "begin": null, "end": null, "altitudeMode": null, "tessellate": -1, "extrude": 0, "visibility": 0, "drawOrder": null, "icon": null, "Folder": "ALD-2I-10/10 / ALD FSP 0-4-3" }, "geometry": { "type": "Point", "coordinates": [ -106.500135, 31.740551, 0.0 ] } },
{ "type": "Feature", "properties": { "id": null, "Name": "ALD-2I-10/10-6-6", "description": null, "timestamp": null, "begin": null, "end": null, "altitudeMode": null, "tessellate": -1, "extrude": 0, "visibility": 0, "drawOrder": null, "icon": null, "Folder": "ALD-2I-10/10 / ALD FSP 0-4-3" }, "geometry": { "type": "Point", "coordinates": [ -106.501079282251197, 31.740833546371992, 0.0 ] } },
{ "type": "Feature", "properties": { "id": null, "Name": "ALD-2I-10/10-7-7", "description": null, "timestamp": null, "begin": null, "end": null, "altitudeMode": null, "tessellate": -1, "extrude": 0, "visibility": 0, "drawOrder": null, "icon": null, "Folder": "ALD-2I-10/10 / ALD FSP 0-4-3" }, "geometry": { "type": "Point", "coordinates": [ -106.501465, 31.740938, 0.0 ] } },
{ "type": "Feature", "properties": { "id": null, "Name": "ALD-2I-10/10-8-8", "description": null, "timestamp": null, "begin": null, "end": null, "altitudeMode": null, "tessellate": -1, "extrude": 0, "visibility": 0, "drawOrder": null, "icon": null, "Folder": "ALD-2I-10/10 / ALD FSP 0-4-3" }, "geometry": { "type": "Point", "coordinates": [ -106.502268, 31.7415, 0.0 ] } },
{ "type": "Feature", "properties": { "id": null, "Name": "ALD-2I-49/1-1-1", "description": null, "timestamp": null, "begin": null, "end": null, "altitudeMode": null, "tessellate": -1, "extrude": 0, "visibility": 0, "drawOrder": null, "icon": null, "Folder": "ALD-2I-49/1 / ALD FSP 0-4-4" }, "geometry": { "type": "Point", "coordinates": [ -106.505526, 31.747297, 0.0 ] } },
{ "type": "Feature", "properties": { "id": null, "Name": "ALD-2I-49/1-2-2", "description": null, "timestamp": null, "begin": null, "end": null, "altitudeMode": null, "tessellate": -1, "extrude": 0, "visibility": 0, "drawOrder": null, "icon": null, "Folder": "ALD-2I-49/1 / ALD FSP 0-4-4" }, "geometry": { "type": "Point", "coordinates": [ -106.505867, 31.74643611111112, 0.0 ] } },
{ "type": "Feature", "properties": { "id": null, "Name": "ALD-2I-49/1-3-3", "description": null, "timestamp": null, "begin": null, "end": null, "altitudeMode": null, "tessellate": -1, "extrude": 0, "visibility": 0, "drawOrder": null, "icon": null, "Folder": "ALD-2I-49/1 / ALD FSP 0-4-4" }, "geometry": { "type": "Point", "coordinates": [ -106.504734, 31.745366, 0.0 ] } },
{ "type": "Feature", "properties": { "id": null, "Name": "ALD-2I-49/1-4-4", "description": null, "timestamp": null, "begin": null, "end": null, "altitudeMode": null, "tessellate": -1, "extrude": 0, "visibility": 0, "drawOrder": null, "icon": null, "Folder": "ALD-2I-49/1 / ALD FSP 0-4-4" }, "geometry": { "type": "Point", "coordinates": [ -106.504319, 31.745242, 0.0 ] } },
{ "type": "Feature", "properties": { "id": null, "Name": "ALD-2I-49/1-5-5", "description": null, "timestamp": null, "begin": null, "end": null, "altitudeMode": null, "tessellate": -1, "extrude": 0, "visibility": 0, "drawOrder": null, "icon": null, "Folder": "ALD-2I-49/1 / ALD FSP 0-4-4" }, "geometry": { "type": "Point", "coordinates": [ -106.501974, 31.744511, 0.0 ] } },
{ "type": "Feature", "properties": { "id": null, "Name": "ALD-2I-49/1-6-6", "description": null, "timestamp": null, "begin": null, "end": null, "altitudeMode": null, "tessellate": -1, "extrude": 0, "visibility": 0, "drawOrder": null, "icon": null, "Folder": "ALD-2I-49/1 / ALD FSP 0-4-4" }, "geometry": { "type": "Point", "coordinates": [ -106.500272, 31.744044, 0.0 ] } },
{ "type": "Feature", "properties": { "id": null, "Name": "ALD-2I-49/1-7-7", "description": null, "timestamp": null, "begin": null, "end": null, "altitudeMode": null, "tessellate": -1, "extrude": 0, "visibility": 0, "drawOrder": null, "icon": null, "Folder": "ALD-2I-49/1 / ALD FSP 0-4-4" }, "geometry": { "type": "Point", "coordinates": [ -106.499339, 31.743736, 0.0 ] } },
{ "type": "Feature", "properties": { "id": null, "Name": "ALD-2I-49/1-8-8", "description": null, "timestamp": null, "begin": null, "end": null, "altitudeMode": null, "tessellate": -1, "extrude": 0, "visibility": 0, "drawOrder": null, "icon": null, "Folder": "ALD-2I-49/1 / ALD FSP 0-4-4" }, "geometry": { "type": "Point", "coordinates": [ -106.4984, 31.74348, 0.0 ] } },
{ "type": "Feature", "properties": { "id": null, "Name": "ALD-2I-50/2-1-1", "description": null, "timestamp": null, "begin": null, "end": null, "altitudeMode": null, "tessellate": -1, "extrude": 0, "visibility": 0, "drawOrder": null, "icon": null, "Folder": "ALD-2I-50/2 / ALD FSP 0-4-5" }, "geometry": { "type": "Point", "coordinates": [ -106.504059, 31.750569, 0.0 ] } },
{ "type": "Feature", "properties": { "id": null, "Name": "ALD-2I-50/2-2-2", "description": null, "timestamp": null, "begin": null, "end": null, "altitudeMode": null, "tessellate": -1, "extrude": 0, "visibility": 0, "drawOrder": null, "icon": null, "Folder": "ALD-2I-50/2 / ALD FSP 0-4-5" }, "geometry": { "type": "Point", "coordinates": [ -106.503006974864206, 31.749539098903849, 0.0 ] } },
{ "type": "Feature", "properties": { "id": null, "Name": "ALD-2I-50/2-3-3", "description": null, "timestamp": null, "begin": null, "end": null, "altitudeMode": null, "tessellate": -1, "extrude": 0, "visibility": 0, "drawOrder": null, "icon": null, "Folder": "ALD-2I-50/2 / ALD FSP 0-4-5" }, "geometry": { "type": "Point", "coordinates": [ -106.50226, 31.749447, 0.0 ] } },
{ "type": "Feature", "properties": { "id": null, "Name": "ALD-2I-50/2-4-4", "description": null, "timestamp": null, "begin": null, "end": null, "altitudeMode": null, "tessellate": -1, "extrude": 0, "visibility": 0, "drawOrder": null, "icon": null, "Folder": "ALD-2I-50/2 / ALD FSP 0-4-5" }, "geometry": { "type": "Point", "coordinates": [ -106.500643, 31.749117, 0.0 ] } },
{ "type": "Feature", "properties": { "id": null, "Name": "ALD-2I-50/2-5-5", "description": null, "timestamp": null, "begin": null, "end": null, "altitudeMode": null, "tessellate": -1, "extrude": 0, "visibility": 0, "drawOrder": null, "icon": null, "Folder": "ALD-2I-50/2 / ALD FSP 0-4-5" }, "geometry": { "type": "Point", "coordinates": [ -106.500294, 31.749, 0.0 ] } },
{ "type": "Feature", "properties": { "id": null, "Name": "ALD-2I-50/2-6-6", "description": null, "timestamp": null, "begin": null, "end": null, "altitudeMode": null, "tessellate": -1, "extrude": 0, "visibility": 0, "drawOrder": null, "icon": null, "Folder": "ALD-2I-50/2 / ALD FSP 0-4-5" }, "geometry": { "type": "Point", "coordinates": [ -106.499848, 31.748881, 0.0 ] } },
{ "type": "Feature", "properties": { "id": null, "Name": "ALD-2I-50/2-7-7", "description": null, "timestamp": null, "begin": null, "end": null, "altitudeMode": null, "tessellate": -1, "extrude": 0, "visibility": 0, "drawOrder": null, "icon": null, "Folder": "ALD-2I-50/2 / ALD FSP 0-4-5" }, "geometry": { "type": "Point", "coordinates": [ -106.499237, 31.749007, 0.0 ] } },
{ "type": "Feature", "properties": { "id": null, "Name": "ALD-2I-50/2-8-8", "description": null, "timestamp": null, "begin": null, "end": null, "altitudeMode": null, "tessellate": -1, "extrude": 0, "visibility": 0, "drawOrder": null, "icon": null, "Folder": "ALD-2I-50/2 / ALD FSP 0-4-5" }, "geometry": { "type": "Point", "coordinates": [ -106.49885, 31.749932, 0.0 ] } },
{ "type": "Feature", "properties": { "id": null, "Name": "ALD-2I-51/3-1-1", "description": null, "timestamp": null, "begin": null, "end": null, "altitudeMode": null, "tessellate": -1, "extrude": 0, "visibility": 0, "drawOrder": null, "icon": null, "Folder": "ALD-2I-51/3 / ALD FSP 0-4-6" }, "geometry": { "type": "Point", "coordinates": [ -106.503069, 31.75203, 0.0 ] } },
{ "type": "Feature", "properties": { "id": null, "Name": "ALD-2I-51/3-2-2", "description": null, "timestamp": null, "begin": null, "end": null, "altitudeMode": null, "tessellate": -1, "extrude": 0, "visibility": 0, "drawOrder": null, "icon": null, "Folder": "ALD-2I-51/3 / ALD FSP 0-4-6" }, "geometry": { "type": "Point", "coordinates": [ -106.502125, 31.751785, 0.0 ] } },
{ "type": "Feature", "properties": { "id": null, "Name": "ALD-2I-51/3-3-3", "description": null, "timestamp": null, "begin": null, "end": null, "altitudeMode": null, "tessellate": -1, "extrude": 0, "visibility": 0, "drawOrder": null, "icon": null, "Folder": "ALD-2I-51/3 / ALD FSP 0-4-6" }, "geometry": { "type": "Point", "coordinates": [ -106.501596, 31.7531034396815, 0.0 ] } },
{ "type": "Feature", "properties": { "id": null, "Name": "ALD-2I-51/3-4-4", "description": null, "timestamp": null, "begin": null, "end": null, "altitudeMode": null, "tessellate": -1, "extrude": 0, "visibility": 0, "drawOrder": null, "icon": null, "Folder": "ALD-2I-51/3 / ALD FSP 0-4-6" }, "geometry": { "type": "Point", "coordinates": [ -106.501142, 31.754297, 0.0 ] } },
{ "type": "Feature", "properties": { "id": null, "Name": "ALD-2I-51/3-5-5", "description": null, "timestamp": null, "begin": null, "end": null, "altitudeMode": null, "tessellate": -1, "extrude": 0, "visibility": 0, "drawOrder": null, "icon": null, "Folder": "ALD-2I-51/3 / ALD FSP 0-4-6" }, "geometry": { "type": "Point", "coordinates": [ -106.502425, 31.754686, 0.0 ] } },
{ "type": "Feature", "properties": { "id": null, "Name": "ALD-2I-51/3-6-6", "description": null, "timestamp": null, "begin": null, "end": null, "altitudeMode": null, "tessellate": -1, "extrude": 0, "visibility": 0, "drawOrder": null, "icon": null, "Folder": "ALD-2I-51/3 / ALD FSP 0-4-6" }, "geometry": { "type": "Point", "coordinates": [ -106.503308, 31.754963550439619, 0.0 ] } },
{ "type": "Feature", "properties": { "id": null, "Name": "ALD-2I-51/3-7-7", "description": null, "timestamp": null, "begin": null, "end": null, "altitudeMode": null, "tessellate": -1, "extrude": 0, "visibility": 0, "drawOrder": null, "icon": null, "Folder": "ALD-2I-51/3 / ALD FSP 0-4-6" }, "geometry": { "type": "Point", "coordinates": [ -106.504754113257604, 31.755272620855269, 0.0 ] } },
{ "type": "Feature", "properties": { "id": null, "Name": "ALD-2I-51/3-8-8", "description": null, "timestamp": null, "begin": null, "end": null, "altitudeMode": null, "tessellate": -1, "extrude": 0, "visibility": 0, "drawOrder": null, "icon": null, "Folder": "ALD-2I-51/3 / ALD FSP 0-4-6" }, "geometry": { "type": "Point", "coordinates": [ -106.505367, 31.75615, 0.0 ] } },
{ "type": "Feature", "properties": { "id": null, "Name": "ALD-2I-52/4-1-1", "description": null, "timestamp": null, "begin": null, "end": null, "altitudeMode": null, "tessellate": -1, "extrude": 0, "visibility": 0, "drawOrder": null, "icon": null, "Folder": "ALD-2I-52/4 / ALD FSP 0-4-7" }, "geometry": { "type": "Point", "coordinates": [ -106.504332216602094, 31.753841719397219, 0.0 ] } },
{ "type": "Feature", "properties": { "id": null, "Name": "ALD-2I-52/4-2-2", "description": null, "timestamp": null, "begin": null, "end": null, "altitudeMode": null, "tessellate": -1, "extrude": 0, "visibility": 0, "drawOrder": null, "icon": null, "Folder": "ALD-2I-52/4 / ALD FSP 0-4-7" }, "geometry": { "type": "Point", "coordinates": [ -106.504869444444495, 31.752575, 0.0 ] } },
{ "type": "Feature", "properties": { "id": null, "Name": "ALD-2I-52/4-3-3", "description": null, "timestamp": null, "begin": null, "end": null, "altitudeMode": null, "tessellate": -1, "extrude": 0, "visibility": 0, "drawOrder": null, "icon": null, "Folder": "ALD-2I-52/4 / ALD FSP 0-4-7" }, "geometry": { "type": "Point", "coordinates": [ -106.505350179093099, 31.751307849585341, 0.0 ] } },
{ "type": "Feature", "properties": { "id": null, "Name": "ALD-2I-52/4-4-4", "description": null, "timestamp": null, "begin": null, "end": null, "altitudeMode": null, "tessellate": -1, "extrude": 0, "visibility": 0, "drawOrder": null, "icon": null, "Folder": "ALD-2I-52/4 / ALD FSP 0-4-7" }, "geometry": { "type": "Point", "coordinates": [ -106.505622, 31.750689, 0.0 ] } },
{ "type": "Feature", "properties": { "id": null, "Name": "ALD-2I-52/4-5-5", "description": null, "timestamp": null, "begin": null, "end": null, "altitudeMode": null, "tessellate": -1, "extrude": 0, "visibility": 0, "drawOrder": null, "icon": null, "Folder": "ALD-2I-52/4 / ALD FSP 0-4-7" }, "geometry": { "type": "Point", "coordinates": [ -106.506737, 31.750283469678521, 0.0 ] } },
{ "type": "Feature", "properties": { "id": null, "Name": "ALD-2I-52/4-6-6", "description": null, "timestamp": null, "begin": null, "end": null, "altitudeMode": null, "tessellate": -1, "extrude": 0, "visibility": 0, "drawOrder": null, "icon": null, "Folder": "ALD-2I-52/4 / ALD FSP 0-4-7" }, "geometry": { "type": "Point", "coordinates": [ -106.507434952278203, 31.748718275789031, 0.0 ] } },
{ "type": "Feature", "properties": { "id": null, "Name": "ALD-2I-52/4-7-7", "description": null, "timestamp": null, "begin": null, "end": null, "altitudeMode": null, "tessellate": -1, "extrude": 0, "visibility": 0, "drawOrder": null, "icon": null, "Folder": "ALD-2I-52/4 / ALD FSP 0-4-7" }, "geometry": { "type": "Point", "coordinates": [ -106.507742, 31.747405555555559, 0.0 ] } },
{ "type": "Feature", "properties": { "id": null, "Name": "ALD-2I-52/4-8-8", "description": null, "timestamp": null, "begin": null, "end": null, "altitudeMode": null, "tessellate": -1, "extrude": 0, "visibility": 0, "drawOrder": null, "icon": null, "Folder": "ALD-2I-52/4 / ALD FSP 0-4-7" }, "geometry": { "type": "Point", "coordinates": [ -106.50796, 31.746249, 0.0 ] } },
{ "type": "Feature", "properties": { "id": null, "Name": "ALD-1D-44/20", "description": null, "timestamp": null, "begin": null, "end": null, "altitudeMode": null, "tessellate": -1, "extrude": 0, "visibility": 0, "drawOrder": null, "icon": null, "Folder": "1N (#6)" }, "geometry": { "type": "Point", "coordinates": [ -106.524801550007297, 31.742509226859081, 0.0 ] } },
{ "type": "Feature", "properties": { "id": null, "Name": "ALD-1D-44/20-1-1", "description": "<b>AGREGADA 21 MARZO 2026</b>", "timestamp": null, "begin": null, "end": null, "altitudeMode": null, "tessellate": -1, "extrude": 0, "visibility": 0, "drawOrder": null, "icon": null, "Folder": "2N (#7)" }, "geometry": { "type": "Point", "coordinates": [ -106.524704550164401, 31.74276756663026, 0.0 ] } },
{ "type": "Feature", "properties": { "id": null, "Name": "ALD-1D-44/20-4-4", "description": null, "timestamp": null, "begin": null, "end": null, "altitudeMode": null, "tessellate": -1, "extrude": 0, "visibility": 0, "drawOrder": null, "icon": null, "Folder": "2N (#7)" }, "geometry": { "type": "Point", "coordinates": [ -106.523194548459898, 31.74637534004464, 0.0 ] } },
{ "type": "Feature", "properties": { "id": null, "Name": "GASA", "description": null, "timestamp": null, "begin": null, "end": null, "altitudeMode": null, "tessellate": -1, "extrude": 0, "visibility": 0, "drawOrder": null, "icon": null, "Folder": "2N (#7)" }, "geometry": { "type": "Point", "coordinates": [ -106.524, 31.744583333333331, 0.0 ] } },
{ "type": "Feature", "properties": { "id": null, "Name": "GASA", "description": null, "timestamp": null, "begin": null, "end": null, "altitudeMode": null, "tessellate": -1, "extrude": 0, "visibility": 0, "drawOrder": null, "icon": null, "Folder": "2N (#7)" }, "geometry": { "type": "Point", "coordinates": [ -106.524527777777806, 31.743305555555551, 0.0 ] } },
{ "type": "Feature", "properties": { "id": null, "Name": "ALD-1D-44/20-5-5", "description": "<b>AGREGADA 07 OCTUBRE 2025</b>", "timestamp": null, "begin": null, "end": null, "altitudeMode": null, "tessellate": -1, "extrude": 0, "visibility": 0, "drawOrder": null, "icon": null, "Folder": "2N (#7)" }, "geometry": { "type": "Point", "coordinates": [ -106.521699613006902, 31.74826096253242, 0.0 ] } },
{ "type": "Feature", "properties": { "id": null, "Name": "ALD-S2-20", "description": null, "timestamp": null, "begin": null, "end": null, "altitudeMode": null, "tessellate": 1, "extrude": 0, "visibility": 0, "drawOrder": null, "icon": null, "Folder": "DISTRIBUCION (#7)" }, "geometry": { "type": "LineString", "coordinates": [ [ -106.524813536813994, 31.742496892674179, 0.0 ], [ -106.523198209012094, 31.746378856057309, 0.0 ] ] } },
{ "type": "Feature", "properties": { "id": null, "Name": "ALD-S2-20/1", "description": null, "timestamp": null, "begin": null, "end": null, "altitudeMode": null, "tessellate": 1, "extrude": 0, "visibility": 0, "drawOrder": null, "icon": null, "Folder": "DISTRIBUCION (#7)" }, "geometry": { "type": "LineString", "coordinates": [ [ -106.523214643742307, 31.746366575461831, 0.0 ], [ -106.523393323221498, 31.745910720892429, 0.0 ], [ -106.522732967907103, 31.745699315210189, 0.0 ], [ -106.521695483045804, 31.748271711624259, 0.0 ] ] } },
{ "type": "Feature", "properties": { "id": null, "Name": "ALD-S2-20/2", "description": null, "timestamp": null, "begin": null, "end": null, "altitudeMode": null, "tessellate": 1, "extrude": 0, "visibility": 0, "drawOrder": null, "icon": null, "Folder": "DISTRIBUCION (#7)" }, "geometry": { "type": "LineString", "coordinates": [ [ -106.524808368755004, 31.742501960925349, 0.0 ], [ -106.524707615627307, 31.74276756818147, 0.0 ] ] } },
{ "type": "Feature", "properties": { "id": null, "Name": "ALD-2I-53/5-1-1", "description": null, "timestamp": null, "begin": null, "end": null, "altitudeMode": null, "tessellate": -1, "extrude": 0, "visibility": 0, "drawOrder": null, "icon": null, "Folder": "ALD-2I-53/5 / ALD FSP 0-4-8" }, "geometry": { "type": "Point", "coordinates": [ -106.50532, 31.753777, 0.0 ] } },
{ "type": "Feature", "properties": { "id": null, "Name": "ALD-2I-53/5-2-2", "description": null, "timestamp": null, "begin": null, "end": null, "altitudeMode": null, "tessellate": -1, "extrude": 0, "visibility": 0, "drawOrder": null, "icon": null, "Folder": "ALD-2I-53/5 / ALD FSP 0-4-8" }, "geometry": { "type": "Point", "coordinates": [ -106.504956, 31.754608333333341, 0.0 ] } },
{ "type": "Feature", "properties": { "id": null, "Name": "ALD-2I-53/5-3-3", "description": null, "timestamp": null, "begin": null, "end": null, "altitudeMode": null, "tessellate": -1, "extrude": 0, "visibility": 0, "drawOrder": null, "icon": null, "Folder": "ALD-2I-53/5 / ALD FSP 0-4-8" }, "geometry": { "type": "Point", "coordinates": [ -106.504467309525296, 31.755861133564391, 0.0 ] } },
{ "type": "Feature", "properties": { "id": null, "Name": "ALD-2I-53/5-4-4", "description": null, "timestamp": null, "begin": null, "end": null, "altitudeMode": null, "tessellate": -1, "extrude": 0, "visibility": 0, "drawOrder": null, "icon": null, "Folder": "ALD-2I-53/5 / ALD FSP 0-4-8" }, "geometry": { "type": "Point", "coordinates": [ -106.503607, 31.755657, 0.0 ] } },
{ "type": "Feature", "properties": { "id": null, "Name": "ALD-2I-53/5-5-5", "description": null, "timestamp": null, "begin": null, "end": null, "altitudeMode": null, "tessellate": -1, "extrude": 0, "visibility": 0, "drawOrder": null, "icon": null, "Folder": "ALD-2I-53/5 / ALD FSP 0-4-8" }, "geometry": { "type": "Point", "coordinates": [ -106.501973, 31.755861, 0.0 ] } },
{ "type": "Feature", "properties": { "id": null, "Name": "ALD-2I-53/5-6-6/1", "description": null, "timestamp": null, "begin": null, "end": null, "altitudeMode": null, "tessellate": -1, "extrude": 0, "visibility": 0, "drawOrder": null, "icon": null, "Folder": "ALD-2I-53/5 / ALD FSP 0-4-8" }, "geometry": { "type": "Point", "coordinates": [ -106.505696, 31.752866, 0.0 ] } },
{ "type": "Feature", "properties": { "id": null, "Name": "ALD-2I-53/5-7-7/2", "description": null, "timestamp": null, "begin": null, "end": null, "altitudeMode": null, "tessellate": -1, "extrude": 0, "visibility": 0, "drawOrder": null, "icon": null, "Folder": "ALD-2I-53/5 / ALD FSP 0-4-8" }, "geometry": { "type": "Point", "coordinates": [ -106.505983, 31.75225, 0.0 ] } },
{ "type": "Feature", "properties": { "id": null, "Name": "ALD-2I-53/5-8-8/3", "description": null, "timestamp": null, "begin": null, "end": null, "altitudeMode": null, "tessellate": -1, "extrude": 0, "visibility": 0, "drawOrder": null, "icon": null, "Folder": "ALD-2I-53/5 / ALD FSP 0-4-8" }, "geometry": { "type": "Point", "coordinates": [ -106.506218, 31.751592018567621, 0.0 ] } },
{ "type": "Feature", "properties": { "id": null, "Name": "ALD-2I-55/7-1-1", "description": "CAJA COMPARTIDA", "timestamp": null, "begin": null, "end": null, "altitudeMode": null, "tessellate": -1, "extrude": 0, "visibility": 0, "drawOrder": null, "icon": null, "Folder": "ALD-2I-55/7 / ALD FSP 0-4-10" }, "geometry": { "type": "Point", "coordinates": [ -106.507613, 31.751959, 0.0 ] } },
{ "type": "Feature", "properties": { "id": null, "Name": "ALD-2I-55/7-2-2", "description": null, "timestamp": null, "begin": null, "end": null, "altitudeMode": null, "tessellate": -1, "extrude": 0, "visibility": 0, "drawOrder": null, "icon": null, "Folder": "ALD-2I-55/7 / ALD FSP 0-4-10" }, "geometry": { "type": "Point", "coordinates": [ -106.508117, 31.752131, 0.0 ] } },
{ "type": "Feature", "properties": { "id": null, "Name": "ALD-2I-55/7-3-3", "description": null, "timestamp": null, "begin": null, "end": null, "altitudeMode": null, "tessellate": -1, "extrude": 0, "visibility": 0, "drawOrder": null, "icon": null, "Folder": "ALD-2I-55/7 / ALD FSP 0-4-10" }, "geometry": { "type": "Point", "coordinates": [ -106.509244, 31.752469, 0.0 ] } },
{ "type": "Feature", "properties": { "id": null, "Name": "ALD-2I-55/7-4-4", "description": null, "timestamp": null, "begin": null, "end": null, "altitudeMode": null, "tessellate": -1, "extrude": 0, "visibility": 0, "drawOrder": null, "icon": null, "Folder": "ALD-2I-55/7 / ALD FSP 0-4-10" }, "geometry": { "type": "Point", "coordinates": [ -106.508978, 31.754705, 0.0 ] } },
{ "type": "Feature", "properties": { "id": null, "Name": "ALD-2I-55/7-5-5", "description": null, "timestamp": null, "begin": null, "end": null, "altitudeMode": null, "tessellate": -1, "extrude": 0, "visibility": 0, "drawOrder": null, "icon": null, "Folder": "ALD-2I-55/7 / ALD FSP 0-4-10" }, "geometry": { "type": "Point", "coordinates": [ -106.50998, 31.756358, 0.0 ] } },
{ "type": "Feature", "properties": { "id": null, "Name": "ALD-2I-55/7-6-6", "description": null, "timestamp": null, "begin": null, "end": null, "altitudeMode": null, "tessellate": -1, "extrude": 0, "visibility": 0, "drawOrder": null, "icon": null, "Folder": "ALD-2I-55/7 / ALD FSP 0-4-10" }, "geometry": { "type": "Point", "coordinates": [ -106.509741, 31.757483, 0.0 ] } },
{ "type": "Feature", "properties": { "id": null, "Name": "ALD-2I-55/7-7-7", "description": null, "timestamp": null, "begin": null, "end": null, "altitudeMode": null, "tessellate": -1, "extrude": 0, "visibility": 0, "drawOrder": null, "icon": null, "Folder": "ALD-2I-55/7 / ALD FSP 0-4-10" }, "geometry": { "type": "Point", "coordinates": [ -106.508938874879902, 31.75782269975268, 0.0 ] } },
{ "type": "Feature", "properties": { "id": null, "Name": "ALD-2I-55/7-8-8", "description": null, "timestamp": null, "begin": null, "end": null, "altitudeMode": null, "tessellate": -1, "extrude": 0, "visibility": 0, "drawOrder": null, "icon": null, "Folder": "ALD-2I-55/7 / ALD FSP 0-4-10" }, "geometry": { "type": "Point", "coordinates": [ -106.508622, 31.758564, 0.0 ] } },
{ "type": "Feature", "properties": { "id": null, "Name": "ALD-2I-56/8-1-1", "description": null, "timestamp": null, "begin": null, "end": null, "altitudeMode": null, "tessellate": -1, "extrude": 0, "visibility": 0, "drawOrder": null, "icon": null, "Folder": "ALD-2I-56/8 / ALD FSP 0-4-11" }, "geometry": { "type": "Point", "coordinates": [ -106.508515, 31.750626687710891, 0.0 ] } },
{ "type": "Feature", "properties": { "id": null, "Name": "ALD-2I-56/8-2-2", "description": null, "timestamp": null, "begin": null, "end": null, "altitudeMode": null, "tessellate": -1, "extrude": 0, "visibility": 0, "drawOrder": null, "icon": null, "Folder": "ALD-2I-56/8 / ALD FSP 0-4-11" }, "geometry": { "type": "Point", "coordinates": [ -106.509134, 31.750804, 0.0 ] } },
{ "type": "Feature", "properties": { "id": null, "Name": "ALD-2I-56/8-3-3", "description": null, "timestamp": null, "begin": null, "end": null, "altitudeMode": null, "tessellate": -1, "extrude": 0, "visibility": 0, "drawOrder": null, "icon": null, "Folder": "ALD-2I-56/8 / ALD FSP 0-4-11" }, "geometry": { "type": "Point", "coordinates": [ -106.510383333333294, 31.751238888888889, 0.0 ] } },
{ "type": "Feature", "properties": { "id": null, "Name": "ALD-2I-56-8-4-4", "description": null, "timestamp": null, "begin": null, "end": null, "altitudeMode": null, "tessellate": -1, "extrude": 0, "visibility": 0, "drawOrder": null, "icon": null, "Folder": "ALD-2I-56/8 / ALD FSP 0-4-11" }, "geometry": { "type": "Point", "coordinates": [ -106.511396639213004, 31.75102118711126, 0.0 ] } },
{ "type": "Feature", "properties": { "id": null, "Name": "ALD-2I-56/8-5-5", "description": null, "timestamp": null, "begin": null, "end": null, "altitudeMode": null, "tessellate": -1, "extrude": 0, "visibility": 0, "drawOrder": null, "icon": null, "Folder": "ALD-2I-56/8 / ALD FSP 0-4-11" }, "geometry": { "type": "Point", "coordinates": [ -106.512245, 31.75065, 0.0 ] } },
{ "type": "Feature", "properties": { "id": null, "Name": "ALD-2I-56/8-6-6", "description": null, "timestamp": null, "begin": null, "end": null, "altitudeMode": null, "tessellate": -1, "extrude": 0, "visibility": 0, "drawOrder": null, "icon": null, "Folder": "ALD-2I-56/8 / ALD FSP 0-4-11" }, "geometry": { "type": "Point", "coordinates": [ -106.513608, 31.750827, 0.0 ] } },
{ "type": "Feature", "properties": { "id": null, "Name": "ALD-2I-56/8-7-7", "description": null, "timestamp": null, "begin": null, "end": null, "altitudeMode": null, "tessellate": -1, "extrude": 0, "visibility": 0, "drawOrder": null, "icon": null, "Folder": "ALD-2I-56/8 / ALD FSP 0-4-11" }, "geometry": { "type": "Point", "coordinates": [ -106.514437, 31.750483, 0.0 ] } },
{ "type": "Feature", "properties": { "id": null, "Name": "ALD-2I-56/8-8-8", "description": null, "timestamp": null, "begin": null, "end": null, "altitudeMode": null, "tessellate": -1, "extrude": 0, "visibility": 0, "drawOrder": null, "icon": null, "Folder": "ALD-2I-56/8 / ALD FSP 0-4-11" }, "geometry": { "type": "Point", "coordinates": [ -106.515271, 31.749951, 0.0 ] } },
{ "type": "Feature", "properties": { "id": null, "Name": "ALD-2I-57/9-1-1", "description": null, "timestamp": null, "begin": null, "end": null, "altitudeMode": null, "tessellate": -1, "extrude": 0, "visibility": 0, "drawOrder": null, "icon": null, "Folder": "ALD-2I-57/9 / ALD FSP 0-4-12" }, "geometry": { "type": "Point", "coordinates": [ -106.508625410753595, 31.749511547636711, 0.0 ] } },
{ "type": "Feature", "properties": { "id": null, "Name": "ALD-2I-57/9-2-2", "description": null, "timestamp": null, "begin": null, "end": null, "altitudeMode": null, "tessellate": -1, "extrude": 0, "visibility": 0, "drawOrder": null, "icon": null, "Folder": "ALD-2I-57/9 / ALD FSP 0-4-12" }, "geometry": { "type": "Point", "coordinates": [ -106.509237, 31.748949, 0.0 ] } },
{ "type": "Feature", "properties": { "id": null, "Name": "ALD-2I-57/9-3-3", "description": null, "timestamp": null, "begin": null, "end": null, "altitudeMode": null, "tessellate": -1, "extrude": 0, "visibility": 0, "drawOrder": null, "icon": null, "Folder": "ALD-2I-57/9 / ALD FSP 0-4-12" }, "geometry": { "type": "Point", "coordinates": [ -106.509352, 31.748611, 0.0 ] } },
{ "type": "Feature", "properties": { "id": null, "Name": "ALD-2I-57/9-4-4", "description": null, "timestamp": null, "begin": null, "end": null, "altitudeMode": null, "tessellate": -1, "extrude": 0, "visibility": 0, "drawOrder": null, "icon": null, "Folder": "ALD-2I-57/9 / ALD FSP 0-4-12" }, "geometry": { "type": "Point", "coordinates": [ -106.510913, 31.748313, 0.0 ] } },
{ "type": "Feature", "properties": { "id": null, "Name": "ALD-2I-57/9-5-5", "description": null, "timestamp": null, "begin": null, "end": null, "altitudeMode": null, "tessellate": -1, "extrude": 0, "visibility": 0, "drawOrder": null, "icon": null, "Folder": "ALD-2I-57/9 / ALD FSP 0-4-12" }, "geometry": { "type": "Point", "coordinates": [ -106.511236, 31.747591666666668, 0.0 ] } },
{ "type": "Feature", "properties": { "id": null, "Name": "ALD-2I-57/9-6-6", "description": null, "timestamp": null, "begin": null, "end": null, "altitudeMode": null, "tessellate": -1, "extrude": 0, "visibility": 0, "drawOrder": null, "icon": null, "Folder": "ALD-2I-57/9 / ALD FSP 0-4-12" }, "geometry": { "type": "Point", "coordinates": [ -106.510963, 31.747325, 0.0 ] } },
{ "type": "Feature", "properties": { "id": null, "Name": "ALD-2I-57/9-7-7", "description": null, "timestamp": null, "begin": null, "end": null, "altitudeMode": null, "tessellate": -1, "extrude": 0, "visibility": 0, "drawOrder": null, "icon": null, "Folder": "ALD-2I-57/9 / ALD FSP 0-4-12" }, "geometry": { "type": "Point", "coordinates": [ -106.509629, 31.747059, 0.0 ] } },
{ "type": "Feature", "properties": { "id": null, "Name": "ALD-2I-57/9-8-8", "description": null, "timestamp": null, "begin": null, "end": null, "altitudeMode": null, "tessellate": -1, "extrude": 0, "visibility": 0, "drawOrder": null, "icon": null, "Folder": "ALD-2I-57/9 / ALD FSP 0-4-12" }, "geometry": { "type": "Point", "coordinates": [ -106.509052245525595, 31.74796821742083, 0.0 ] } },
{ "type": "Feature", "properties": { "id": null, "Name": "ALD-2I-58/10-1-1", "description": null, "timestamp": null, "begin": null, "end": null, "altitudeMode": null, "tessellate": -1, "extrude": 0, "visibility": 0, "drawOrder": null, "icon": null, "Folder": "ALD-2I-58/10 / ALD FSP 0-4-13" }, "geometry": { "type": "Point", "coordinates": [ -106.509940800056796, 31.745559778707271, 0.0 ] } },
{ "type": "Feature", "properties": { "id": null, "Name": "ALD-2I-58/10-2-2", "description": null, "timestamp": null, "begin": null, "end": null, "altitudeMode": null, "tessellate": -1, "extrude": 0, "visibility": 0, "drawOrder": null, "icon": null, "Folder": "ALD-2I-58/10 / ALD FSP 0-4-13" }, "geometry": { "type": "Point", "coordinates": [ -106.510552, 31.74576, 0.0 ] } },
{ "type": "Feature", "properties": { "id": null, "Name": "ALD-2I-58/10-3-3", "description": null, "timestamp": null, "begin": null, "end": null, "altitudeMode": null, "tessellate": -1, "extrude": 0, "visibility": 0, "drawOrder": null, "icon": null, "Folder": "ALD-2I-58/10 / ALD FSP 0-4-13" }, "geometry": { "type": "Point", "coordinates": [ -106.511776, 31.746105, 0.0 ] } },
{ "type": "Feature", "properties": { "id": null, "Name": "ALD-2I-58/10-4-4", "description": null, "timestamp": null, "begin": null, "end": null, "altitudeMode": null, "tessellate": -1, "extrude": 0, "visibility": 0, "drawOrder": null, "icon": null, "Folder": "ALD-2I-58/10 / ALD FSP 0-4-13" }, "geometry": { "type": "Point", "coordinates": [ -106.513797714996699, 31.746737966757969, 0.0 ] } },
{ "type": "Feature", "properties": { "id": null, "Name": "ALD-2I-58/10-5-5", "description": null, "timestamp": null, "begin": null, "end": null, "altitudeMode": null, "tessellate": -1, "extrude": 0, "visibility": 0, "drawOrder": null, "icon": null, "Folder": "ALD-2I-58/10 / ALD FSP 0-4-13" }, "geometry": { "type": "Point", "coordinates": [ -106.515046, 31.747148, 0.0 ] } },
{ "type": "Feature", "properties": { "id": null, "Name": "ALD-2I-58/10-6-6", "description": null, "timestamp": null, "begin": null, "end": null, "altitudeMode": null, "tessellate": -1, "extrude": 0, "visibility": 0, "drawOrder": null, "icon": null, "Folder": "ALD-2I-58/10 / ALD FSP 0-4-13" }, "geometry": { "type": "Point", "coordinates": [ -106.513728297689795, 31.74872899501813, 0.0 ] } },
{ "type": "Feature", "properties": { "id": null, "Name": "ALD-2I-58/10-7-7", "description": "<b>REFORZADA 30 MAYO 2025</b>", "timestamp": null, "begin": null, "end": null, "altitudeMode": null, "tessellate": -1, "extrude": 0, "visibility": 0, "drawOrder": null, "icon": null, "Folder": "ALD-2I-58/10 / ALD FSP 0-4-13" }, "geometry": { "type": "Point", "coordinates": [ -106.512765, 31.7493, 0.0 ] } },
{ "type": "Feature", "properties": { "id": null, "Name": "ALD-2I-58/10-8-8", "description": null, "timestamp": null, "begin": null, "end": null, "altitudeMode": null, "tessellate": -1, "extrude": 0, "visibility": 0, "drawOrder": null, "icon": null, "Folder": "ALD-2I-58/10 / ALD FSP 0-4-13" }, "geometry": { "type": "Point", "coordinates": [ -106.511918, 31.749641, 0.0 ] } },
{ "type": "Feature", "properties": { "id": null, "Name": "ALD-2D-25/1-1-1", "description": null, "timestamp": null, "begin": null, "end": null, "altitudeMode": null, "tessellate": -1, "extrude": 0, "visibility": 0, "drawOrder": null, "icon": null, "Folder": "ALD-2D-25/1 / ALD FSP 0-4-14" }, "geometry": { "type": "Point", "coordinates": [ -106.504838195418102, 31.73678909964125, 0.0 ] } },
{ "type": "Feature", "properties": { "id": null, "Name": "ALD-2D-25/1-2-2", "description": null, "timestamp": null, "begin": null, "end": null, "altitudeMode": null, "tessellate": -1, "extrude": 0, "visibility": 0, "drawOrder": null, "icon": null, "Folder": "ALD-2D-25/1 / ALD FSP 0-4-14" }, "geometry": { "type": "Point", "coordinates": [ -106.505025738238302, 31.737284156218031, 0.0 ] } },
{ "type": "Feature", "properties": { "id": null, "Name": "ALD-2D-25/1-3-3", "description": null, "timestamp": null, "begin": null, "end": null, "altitudeMode": null, "tessellate": -1, "extrude": 0, "visibility": 0, "drawOrder": null, "icon": null, "Folder": "ALD-2D-25/1 / ALD FSP 0-4-14" }, "geometry": { "type": "Point", "coordinates": [ -106.505274434520601, 31.738270469583359, 0.0 ] } },
{ "type": "Feature", "properties": { "id": null, "Name": "ALD-2D-25/1-4-4", "description": null, "timestamp": null, "begin": null, "end": null, "altitudeMode": null, "tessellate": -1, "extrude": 0, "visibility": 0, "drawOrder": null, "icon": null, "Folder": "ALD-2D-25/1 / ALD FSP 0-4-14" }, "geometry": { "type": "Point", "coordinates": [ -106.505481, 31.739044, 0.0 ] } },
{ "type": "Feature", "properties": { "id": null, "Name": "ALD-2D-25/1-5-5", "description": null, "timestamp": null, "begin": null, "end": null, "altitudeMode": null, "tessellate": -1, "extrude": 0, "visibility": 0, "drawOrder": null, "icon": null, "Folder": "ALD-2D-25/1 / ALD FSP 0-4-14" }, "geometry": { "type": "Point", "coordinates": [ -106.505863, 31.740505, 0.0 ] } },
{ "type": "Feature", "properties": { "id": null, "Name": "ALD-2D-25/1-6-6", "description": null, "timestamp": null, "begin": null, "end": null, "altitudeMode": null, "tessellate": -1, "extrude": 0, "visibility": 0, "drawOrder": null, "icon": null, "Folder": "ALD-2D-25/1 / ALD FSP 0-4-14" }, "geometry": { "type": "Point", "coordinates": [ -106.506431, 31.742122, 0.0 ] } },
{ "type": "Feature", "properties": { "id": null, "Name": "ALD-2D-25/1-7-7", "description": null, "timestamp": null, "begin": null, "end": null, "altitudeMode": null, "tessellate": -1, "extrude": 0, "visibility": 0, "drawOrder": null, "icon": null, "Folder": "ALD-2D-25/1 / ALD FSP 0-4-14" }, "geometry": { "type": "Point", "coordinates": [ -106.50672, 31.743413, 0.0 ] } },
{ "type": "Feature", "properties": { "id": null, "Name": "ALD-2D-25/1-8-8", "description": null, "timestamp": null, "begin": null, "end": null, "altitudeMode": null, "tessellate": -1, "extrude": 0, "visibility": 0, "drawOrder": null, "icon": null, "Folder": "ALD-2D-25/1 / ALD FSP 0-4-14" }, "geometry": { "type": "Point", "coordinates": [ -106.506885342252204, 31.744016389879, 0.0 ] } },
{ "type": "Feature", "properties": { "id": null, "Name": "ALD-2D-26/2-1-1", "description": null, "timestamp": null, "begin": null, "end": null, "altitudeMode": null, "tessellate": -1, "extrude": 0, "visibility": 0, "drawOrder": null, "icon": null, "Folder": "ALD-2D-26/2 / ALD FSP 0-4-15" }, "geometry": { "type": "Point", "coordinates": [ -106.506771990959393, 31.73638217971985, 0.0 ] } },
{ "type": "Feature", "properties": { "id": null, "Name": "ALD-2D-26/2-2-2 1:16", "description": null, "timestamp": null, "begin": null, "end": null, "altitudeMode": null, "tessellate": -1, "extrude": 0, "visibility": 0, "drawOrder": null, "icon": null, "Folder": "ALD-2D-26/2 / ALD FSP 0-4-15" }, "geometry": { "type": "Point", "coordinates": [ -106.506964, 31.736954, 0.0 ] } },
{ "type": "Feature", "properties": { "id": null, "Name": "ALD-2D-26/2-3-3", "description": null, "timestamp": null, "begin": null, "end": null, "altitudeMode": null, "tessellate": -1, "extrude": 0, "visibility": 0, "drawOrder": null, "icon": null, "Folder": "ALD-2D-26/2 / ALD FSP 0-4-15" }, "geometry": { "type": "Point", "coordinates": [ -106.507725, 31.737686, 0.0 ] } },
{ "type": "Feature", "properties": { "id": null, "Name": "ALD-2D-26/2-4-4", "description": "<b>REFORZADA 22 JUN 2025</b>", "timestamp": null, "begin": null, "end": null, "altitudeMode": null, "tessellate": -1, "extrude": 0, "visibility": 0, "drawOrder": null, "icon": null, "Folder": "ALD-2D-26/2 / ALD FSP 0-4-15" }, "geometry": { "type": "Point", "coordinates": [ -106.508401, 31.73844, 0.0 ] } },
{ "type": "Feature", "properties": { "id": null, "Name": "ALD-2D-26/2-5-5", "description": null, "timestamp": null, "begin": null, "end": null, "altitudeMode": null, "tessellate": -1, "extrude": 0, "visibility": 0, "drawOrder": null, "icon": null, "Folder": "ALD-2D-26/2 / ALD FSP 0-4-15" }, "geometry": { "type": "Point", "coordinates": [ -106.508527, 31.739017, 0.0 ] } },
{ "type": "Feature", "properties": { "id": null, "Name": "ALD-2D-26/2-6-6", "description": null, "timestamp": null, "begin": null, "end": null, "altitudeMode": null, "tessellate": -1, "extrude": 0, "visibility": 0, "drawOrder": null, "icon": null, "Folder": "ALD-2D-26/2 / ALD FSP 0-4-15" }, "geometry": { "type": "Point", "coordinates": [ -106.509189, 31.739258, 0.0 ] } },
{ "type": "Feature", "properties": { "id": null, "Name": "ALD-2D-26/2-7-7", "description": null, "timestamp": null, "begin": null, "end": null, "altitudeMode": null, "tessellate": -1, "extrude": 0, "visibility": 0, "drawOrder": null, "icon": null, "Folder": "ALD-2D-26/2 / ALD FSP 0-4-15" }, "geometry": { "type": "Point", "coordinates": [ -106.510059, 31.739089, 0.0 ] } },
{ "type": "Feature", "properties": { "id": null, "Name": "ALD-2D-26/2-8-8", "description": null, "timestamp": null, "begin": null, "end": null, "altitudeMode": null, "tessellate": -1, "extrude": 0, "visibility": 0, "drawOrder": null, "icon": null, "Folder": "ALD-2D-26/2 / ALD FSP 0-4-15" }, "geometry": { "type": "Point", "coordinates": [ -106.510734, 31.739409, 0.0 ] } },
{ "type": "Feature", "properties": { "id": null, "Name": "ALD-2D-27/3-1-1", "description": null, "timestamp": null, "begin": null, "end": null, "altitudeMode": null, "tessellate": -1, "extrude": 0, "visibility": 0, "drawOrder": null, "icon": null, "Folder": "ALD-2D-27/3 / ALD FSP 0-5-0" }, "geometry": { "type": "Point", "coordinates": [ -106.506145834363593, 31.73602301775291, 0.0 ] } },
{ "type": "Feature", "properties": { "id": null, "Name": "ALD-2D-27/3-2-2", "description": null, "timestamp": null, "begin": null, "end": null, "altitudeMode": null, "tessellate": -1, "extrude": 0, "visibility": 0, "drawOrder": null, "icon": null, "Folder": "ALD-2D-27/3 / ALD FSP 0-5-0" }, "geometry": { "type": "Point", "coordinates": [ -106.507043, 31.735821, 0.0 ] } },
{ "type": "Feature", "properties": { "id": null, "Name": "ALD-2D-27/3-3-3", "description": null, "timestamp": null, "begin": null, "end": null, "altitudeMode": null, "tessellate": -1, "extrude": 0, "visibility": 0, "drawOrder": null, "icon": null, "Folder": "ALD-2D-27/3 / ALD FSP 0-5-0" }, "geometry": { "type": "Point", "coordinates": [ -106.5084, 31.735542, 0.0 ] } },
{ "type": "Feature", "properties": { "id": null, "Name": "ALD-2D-27/3-4-4", "description": null, "timestamp": null, "begin": null, "end": null, "altitudeMode": null, "tessellate": -1, "extrude": 0, "visibility": 0, "drawOrder": null, "icon": null, "Folder": "ALD-2D-27/3 / ALD FSP 0-5-0" }, "geometry": { "type": "Point", "coordinates": [ -106.508841, 31.735459, 0.0 ] } },
{ "type": "Feature", "properties": { "id": null, "Name": "ALD-2D-27/3-5-5", "description": null, "timestamp": null, "begin": null, "end": null, "altitudeMode": null, "tessellate": -1, "extrude": 0, "visibility": 0, "drawOrder": null, "icon": null, "Folder": "ALD-2D-27/3 / ALD FSP 0-5-0" }, "geometry": { "type": "Point", "coordinates": [ -106.509596, 31.735306, 0.0 ] } },
{ "type": "Feature", "properties": { "id": null, "Name": "ALD-2D-27/3-6-6", "description": null, "timestamp": null, "begin": null, "end": null, "altitudeMode": null, "tessellate": -1, "extrude": 0, "visibility": 0, "drawOrder": null, "icon": null, "Folder": "ALD-2D-27/3 / ALD FSP 0-5-0" }, "geometry": { "type": "Point", "coordinates": [ -106.509794605755104, 31.735887760305239, 0.0 ] } },
{ "type": "Feature", "properties": { "id": null, "Name": "ALD-2D-27/3-7-7", "description": null, "timestamp": null, "begin": null, "end": null, "altitudeMode": null, "tessellate": -1, "extrude": 0, "visibility": 0, "drawOrder": null, "icon": null, "Folder": "ALD-2D-27/3 / ALD FSP 0-5-0" }, "geometry": { "type": "Point", "coordinates": [ -106.510844, 31.736052, 0.0 ] } },
{ "type": "Feature", "properties": { "id": null, "Name": "ALD-2D-27/3-8-8", "description": null, "timestamp": null, "begin": null, "end": null, "altitudeMode": null, "tessellate": -1, "extrude": 0, "visibility": 0, "drawOrder": null, "icon": null, "Folder": "ALD-2D-27/3 / ALD FSP 0-5-0" }, "geometry": { "type": "Point", "coordinates": [ -106.511746, 31.735853, 0.0 ] } },
{ "type": "Feature", "properties": { "id": null, "Name": "ALD-2D-28/4-1-1", "description": null, "timestamp": null, "begin": null, "end": null, "altitudeMode": null, "tessellate": -1, "extrude": 0, "visibility": 0, "drawOrder": null, "icon": null, "Folder": "ALD-2D-28/4 / ALD FSP 0-5-1" }, "geometry": { "type": "Point", "coordinates": [ -106.506404, 31.733246, 0.0 ] } },
{ "type": "Feature", "properties": { "id": null, "Name": "ALD-2D-28/4-2-2", "description": null, "timestamp": null, "begin": null, "end": null, "altitudeMode": null, "tessellate": -1, "extrude": 0, "visibility": 0, "drawOrder": null, "icon": null, "Folder": "ALD-2D-28/4 / ALD FSP 0-5-1" }, "geometry": { "type": "Point", "coordinates": [ -106.50587, 31.733159, 0.0 ] } },
{ "type": "Feature", "properties": { "id": null, "Name": "ALD-2D-28/4-3-3", "description": null, "timestamp": null, "begin": null, "end": null, "altitudeMode": null, "tessellate": -1, "extrude": 0, "visibility": 0, "drawOrder": null, "icon": null, "Folder": "ALD-2D-28/4 / ALD FSP 0-5-1" }, "geometry": { "type": "Point", "coordinates": [ -106.505930881510494, 31.73220685898891, 0.0 ] } },
{ "type": "Feature", "properties": { "id": null, "Name": "ALD-2D-28/4-4-4", "description": null, "timestamp": null, "begin": null, "end": null, "altitudeMode": null, "tessellate": -1, "extrude": 0, "visibility": 0, "drawOrder": null, "icon": null, "Folder": "ALD-2D-28/4 / ALD FSP 0-5-1" }, "geometry": { "type": "Point", "coordinates": [ -106.506312, 31.732261, 0.0 ] } },
{ "type": "Feature", "properties": { "id": null, "Name": "ALD-2D-28/4-5-5", "description": null, "timestamp": null, "begin": null, "end": null, "altitudeMode": null, "tessellate": -1, "extrude": 0, "visibility": 0, "drawOrder": null, "icon": null, "Folder": "ALD-2D-28/4 / ALD FSP 0-5-1" }, "geometry": { "type": "Point", "coordinates": [ -106.506406, 31.731861, 0.0 ] } },
{ "type": "Feature", "properties": { "id": null, "Name": "ALD-2D-28/4-6-6", "description": null, "timestamp": null, "begin": null, "end": null, "altitudeMode": null, "tessellate": -1, "extrude": 0, "visibility": 0, "drawOrder": null, "icon": null, "Folder": "ALD-2D-28/4 / ALD FSP 0-5-1" }, "geometry": { "type": "Point", "coordinates": [ -106.506976, 31.731388, 0.0 ] } },
{ "type": "Feature", "properties": { "id": null, "Name": "ALD-2D-28/4-7-7", "description": null, "timestamp": null, "begin": null, "end": null, "altitudeMode": null, "tessellate": -1, "extrude": 0, "visibility": 0, "drawOrder": null, "icon": null, "Folder": "ALD-2D-28/4 / ALD FSP 0-5-1" }, "geometry": { "type": "Point", "coordinates": [ -106.507153, 31.730537, 0.0 ] } },
{ "type": "Feature", "properties": { "id": null, "Name": "ALD-2D-28/4-8-8", "description": null, "timestamp": null, "begin": null, "end": null, "altitudeMode": null, "tessellate": -1, "extrude": 0, "visibility": 0, "drawOrder": null, "icon": null, "Folder": "ALD-2D-28/4 / ALD FSP 0-5-1" }, "geometry": { "type": "Point", "coordinates": [ -106.506015, 31.730497, 0.0 ] } },
{ "type": "Feature", "properties": { "id": null, "Name": "ALD-2D-29/5-1-1", "description": null, "timestamp": null, "begin": null, "end": null, "altitudeMode": null, "tessellate": -1, "extrude": 0, "visibility": 0, "drawOrder": null, "icon": null, "Folder": "ALD-2D-29/5 / ALD FSP 0-5-2" }, "geometry": { "type": "Point", "coordinates": [ -106.505354, 31.733093, 0.0 ] } },
{ "type": "Feature", "properties": { "id": null, "Name": "ALD-2D-29/5-2-2", "description": null, "timestamp": null, "begin": null, "end": null, "altitudeMode": null, "tessellate": -1, "extrude": 0, "visibility": 0, "drawOrder": null, "icon": null, "Folder": "ALD-2D-29/5 / ALD FSP 0-5-2" }, "geometry": { "type": "Point", "coordinates": [ -106.504886057010197, 31.733027001853369, 0.0 ] } },
{ "type": "Feature", "properties": { "id": null, "Name": "ALD-2D-29/5-3-3", "description": null, "timestamp": null, "begin": null, "end": null, "altitudeMode": null, "tessellate": -1, "extrude": 0, "visibility": 0, "drawOrder": null, "icon": null, "Folder": "ALD-2D-29/5 / ALD FSP 0-5-2" }, "geometry": { "type": "Point", "coordinates": [ -106.504438, 31.732951, 0.0 ] } },
{ "type": "Feature", "properties": { "id": null, "Name": "ALD-2D-29/5-4-4", "description": null, "timestamp": null, "begin": null, "end": null, "altitudeMode": null, "tessellate": -1, "extrude": 0, "visibility": 0, "drawOrder": null, "icon": null, "Folder": "ALD-2D-29/5 / ALD FSP 0-5-2" }, "geometry": { "type": "Point", "coordinates": [ -106.503406, 31.732881, 0.0 ] } },
{ "type": "Feature", "properties": { "id": null, "Name": "ALD-2D-29/5-5-5", "description": null, "timestamp": null, "begin": null, "end": null, "altitudeMode": null, "tessellate": -1, "extrude": 0, "visibility": 0, "drawOrder": null, "icon": null, "Folder": "ALD-2D-29/5 / ALD FSP 0-5-2" }, "geometry": { "type": "Point", "coordinates": [ -106.50319, 31.734087, 0.0 ] } },
{ "type": "Feature", "properties": { "id": null, "Name": "ALD-2D-29/5-6-6", "description": null, "timestamp": null, "begin": null, "end": null, "altitudeMode": null, "tessellate": -1, "extrude": 0, "visibility": 0, "drawOrder": null, "icon": null, "Folder": "ALD-2D-29/5 / ALD FSP 0-5-2" }, "geometry": { "type": "Point", "coordinates": [ -106.503144, 31.734471, 0.0 ] } },
{ "type": "Feature", "properties": { "id": null, "Name": "ALD-2D-29/5-7-7", "description": null, "timestamp": null, "begin": null, "end": null, "altitudeMode": null, "tessellate": -1, "extrude": 0, "visibility": 0, "drawOrder": null, "icon": null, "Folder": "ALD-2D-29/5 / ALD FSP 0-5-2" }, "geometry": { "type": "Point", "coordinates": [ -106.504235670633093, 31.734737566720121, 0.0 ] } },
{ "type": "Feature", "properties": { "id": null, "Name": "ALD-2D-29/5-8-8", "description": null, "timestamp": null, "begin": null, "end": null, "altitudeMode": null, "tessellate": -1, "extrude": 0, "visibility": 0, "drawOrder": null, "icon": null, "Folder": "ALD-2D-29/5 / ALD FSP 0-5-2" }, "geometry": { "type": "Point", "coordinates": [ -106.504591, 31.735906, 0.0 ] } },
{ "type": "Feature", "properties": { "id": null, "Name": "ALD-2D-30/6-1-1", "description": null, "timestamp": null, "begin": null, "end": null, "altitudeMode": null, "tessellate": -1, "extrude": 0, "visibility": 0, "drawOrder": null, "icon": null, "Folder": "ALD-2D-30/6 / ALD FSP 0-5-3" }, "geometry": { "type": "Point", "coordinates": [ -106.505877, 31.730496, 0.0 ] } },
{ "type": "Feature", "properties": { "id": null, "Name": "ALD-2D-30/6-2-2", "description": null, "timestamp": null, "begin": null, "end": null, "altitudeMode": null, "tessellate": -1, "extrude": 0, "visibility": 0, "drawOrder": null, "icon": null, "Folder": "ALD-2D-30/6 / ALD FSP 0-5-3" }, "geometry": { "type": "Point", "coordinates": [ -106.505525, 31.73006, 0.0 ] } },
{ "type": "Feature", "properties": { "id": null, "Name": "ALD-2D-30/6-3-3", "description": null, "timestamp": null, "begin": null, "end": null, "altitudeMode": null, "tessellate": -1, "extrude": 0, "visibility": 0, "drawOrder": null, "icon": null, "Folder": "ALD-2D-30/6 / ALD FSP 0-5-3" }, "geometry": { "type": "Point", "coordinates": [ -106.504742, 31.728987, 0.0 ] } },
{ "type": "Feature", "properties": { "id": null, "Name": "ALD-2D-30/6-4-4", "description": null, "timestamp": null, "begin": null, "end": null, "altitudeMode": null, "tessellate": -1, "extrude": 0, "visibility": 0, "drawOrder": null, "icon": null, "Folder": "ALD-2D-30/6 / ALD FSP 0-5-3" }, "geometry": { "type": "Point", "coordinates": [ -106.50399, 31.728011, 0.0 ] } },
{ "type": "Feature", "properties": { "id": null, "Name": "ALD-2D-30/6-5-5", "description": null, "timestamp": null, "begin": null, "end": null, "altitudeMode": null, "tessellate": -1, "extrude": 0, "visibility": 0, "drawOrder": null, "icon": null, "Folder": "ALD-2D-30/6 / ALD FSP 0-5-3" }, "geometry": { "type": "Point", "coordinates": [ -106.503181, 31.726994, 0.0 ] } },
{ "type": "Feature", "properties": { "id": null, "Name": "ALD-2D-30/6-6-6", "description": null, "timestamp": null, "begin": null, "end": null, "altitudeMode": null, "tessellate": -1, "extrude": 0, "visibility": 0, "drawOrder": null, "icon": null, "Folder": "ALD-2D-30/6 / ALD FSP 0-5-3" }, "geometry": { "type": "Point", "coordinates": [ -106.502533, 31.726242, 0.0 ] } },
{ "type": "Feature", "properties": { "id": null, "Name": "ALD-2D-30/6-7-7", "description": null, "timestamp": null, "begin": null, "end": null, "altitudeMode": null, "tessellate": -1, "extrude": 0, "visibility": 0, "drawOrder": null, "icon": null, "Folder": "ALD-2D-30/6 / ALD FSP 0-5-3" }, "geometry": { "type": "Point", "coordinates": [ -106.501996985909599, 31.725553700899809, 0.0 ] } },
{ "type": "Feature", "properties": { "id": null, "Name": "ALD-2D-30/6-8-8", "description": null, "timestamp": null, "begin": null, "end": null, "altitudeMode": null, "tessellate": -1, "extrude": 0, "visibility": 0, "drawOrder": null, "icon": null, "Folder": "ALD-2D-30/6 / ALD FSP 0-5-3" }, "geometry": { "type": "Point", "coordinates": [ -106.501785006027802, 31.724215237782548, 0.0 ] } },
{ "type": "Feature", "properties": { "id": null, "Name": "ALD-2D-31/7-1-1", "description": null, "timestamp": null, "begin": null, "end": null, "altitudeMode": null, "tessellate": -1, "extrude": 0, "visibility": 0, "drawOrder": null, "icon": null, "Folder": "ALD-2D-31/7 / ALD FSP 0-5-4" }, "geometry": { "type": "Point", "coordinates": [ -106.501629, 31.733148, 0.0 ] } },
{ "type": "Feature", "properties": { "id": null, "Name": "ALD-2D-31/7-2-2", "description": null, "timestamp": null, "begin": null, "end": null, "altitudeMode": null, "tessellate": -1, "extrude": 0, "visibility": 0, "drawOrder": null, "icon": null, "Folder": "ALD-2D-31/7 / ALD FSP 0-5-4" }, "geometry": { "type": "Point", "coordinates": [ -106.501212, 31.733025, 0.0 ] } },
{ "type": "Feature", "properties": { "id": null, "Name": "ALD-2D-31/7-3-3", "description": null, "timestamp": null, "begin": null, "end": null, "altitudeMode": null, "tessellate": -1, "extrude": 0, "visibility": 0, "drawOrder": null, "icon": null, "Folder": "ALD-2D-31/7 / ALD FSP 0-5-4" }, "geometry": { "type": "Point", "coordinates": [ -106.500924, 31.732281, 0.0 ] } },
{ "type": "Feature", "properties": { "id": null, "Name": "ALD-2D-31/7-4-4", "description": null, "timestamp": null, "begin": null, "end": null, "altitudeMode": null, "tessellate": -1, "extrude": 0, "visibility": 0, "drawOrder": null, "icon": null, "Folder": "ALD-2D-31/7 / ALD FSP 0-5-4" }, "geometry": { "type": "Point", "coordinates": [ -106.501718, 31.731763, 0.0 ] } },
{ "type": "Feature", "properties": { "id": null, "Name": "ALD-2D-31/7-5-5", "description": null, "timestamp": null, "begin": null, "end": null, "altitudeMode": null, "tessellate": -1, "extrude": 0, "visibility": 0, "drawOrder": null, "icon": null, "Folder": "ALD-2D-31/7 / ALD FSP 0-5-4" }, "geometry": { "type": "Point", "coordinates": [ -106.502699, 31.731838, 0.0 ] } },
{ "type": "Feature", "properties": { "id": null, "Name": "ALD-2D-31/7-6-6", "description": null, "timestamp": null, "begin": null, "end": null, "altitudeMode": null, "tessellate": -1, "extrude": 0, "visibility": 0, "drawOrder": null, "icon": null, "Folder": "ALD-2D-31/7 / ALD FSP 0-5-4" }, "geometry": { "type": "Point", "coordinates": [ -106.503686, 31.731461, 0.0 ] } },
{ "type": "Feature", "properties": { "id": null, "Name": "ALD-2D-31/7-7-7", "description": null, "timestamp": null, "begin": null, "end": null, "altitudeMode": null, "tessellate": -1, "extrude": 0, "visibility": 0, "drawOrder": null, "icon": null, "Folder": "ALD-2D-31/7 / ALD FSP 0-5-4" }, "geometry": { "type": "Point", "coordinates": [ -106.503360003246996, 31.73043926550114, 0.0 ] } },
{ "type": "Feature", "properties": { "id": null, "Name": "ALD-2D-31/7-8-8", "description": null, "timestamp": null, "begin": null, "end": null, "altitudeMode": null, "tessellate": -1, "extrude": 0, "visibility": 0, "drawOrder": null, "icon": null, "Folder": "ALD-2D-31/7 / ALD FSP 0-5-4" }, "geometry": { "type": "Point", "coordinates": [ -106.502233, 31.730181, 0.0 ] } },
{ "type": "Feature", "properties": { "id": null, "Name": "ALD-2D-32/8-1-1", "description": null, "timestamp": null, "begin": null, "end": null, "altitudeMode": null, "tessellate": -1, "extrude": 0, "visibility": 0, "drawOrder": null, "icon": null, "Folder": "ALD-2D-32/8 / ALD FSP 0-5-5" }, "geometry": { "type": "Point", "coordinates": [ -106.501187999791398, 31.735142597962469, 0.0 ] } },
{ "type": "Feature", "properties": { "id": null, "Name": "ALD-2D-32/8-2-2", "description": null, "timestamp": null, "begin": null, "end": null, "altitudeMode": null, "tessellate": -1, "extrude": 0, "visibility": 0, "drawOrder": null, "icon": null, "Folder": "ALD-2D-32/8 / ALD FSP 0-5-5" }, "geometry": { "type": "Point", "coordinates": [ -106.501685, 31.734204, 0.0 ] } },
{ "type": "Feature", "properties": { "id": null, "Name": "ALD-2D-32/8-3-3", "description": null, "timestamp": null, "begin": null, "end": null, "altitudeMode": null, "tessellate": -1, "extrude": 0, "visibility": 0, "drawOrder": null, "icon": null, "Folder": "ALD-2D-32/8 / ALD FSP 0-5-5" }, "geometry": { "type": "Point", "coordinates": [ -106.50194, 31.733562, 0.0 ] } },
{ "type": "Feature", "properties": { "id": null, "Name": "ALD-2D-32/8-4-4", "description": null, "timestamp": null, "begin": null, "end": null, "altitudeMode": null, "tessellate": -1, "extrude": 0, "visibility": 0, "drawOrder": null, "icon": null, "Folder": "ALD-2D-32/8 / ALD FSP 0-5-5" }, "geometry": { "type": "Point", "coordinates": [ -106.502804, 31.733547, 0.0 ] } },
{ "type": "Feature", "properties": { "id": null, "Name": "ALD-2D-32/8-5-5", "description": null, "timestamp": null, "begin": null, "end": null, "altitudeMode": null, "tessellate": -1, "extrude": 0, "visibility": 0, "drawOrder": null, "icon": null, "Folder": "ALD-2D-32/8 / ALD FSP 0-5-5" }, "geometry": { "type": "Point", "coordinates": [ -106.503338, 31.733299, 0.0 ] } },
{ "type": "Feature", "properties": { "id": null, "Name": "ALD-2D-32/8-6-6", "description": null, "timestamp": null, "begin": null, "end": null, "altitudeMode": null, "tessellate": -1, "extrude": 0, "visibility": 0, "drawOrder": null, "icon": null, "Folder": "ALD-2D-32/8 / ALD FSP 0-5-5" }, "geometry": { "type": "Point", "coordinates": [ -106.503634, 31.731834, 0.0 ] } },
{ "type": "Feature", "properties": { "id": null, "Name": "ALD-2D-32/8-7-7", "description": null, "timestamp": null, "begin": null, "end": null, "altitudeMode": null, "tessellate": -1, "extrude": 0, "visibility": 0, "drawOrder": null, "icon": null, "Folder": "ALD-2D-32/8 / ALD FSP 0-5-5" }, "geometry": { "type": "Point", "coordinates": [ -106.504674, 31.731241, 0.0 ] } },
{ "type": "Feature", "properties": { "id": null, "Name": "ALD-2D-32/8-8-8", "description": null, "timestamp": null, "begin": null, "end": null, "altitudeMode": null, "tessellate": -1, "extrude": 0, "visibility": 0, "drawOrder": null, "icon": null, "Folder": "ALD-2D-32/8 / ALD FSP 0-5-5" }, "geometry": { "type": "Point", "coordinates": [ -106.505689, 31.731231, 0.0 ] } },
{ "type": "Feature", "properties": { "id": null, "Name": "ALD-2D-33/9-1-1", "description": null, "timestamp": null, "begin": null, "end": null, "altitudeMode": null, "tessellate": -1, "extrude": 0, "visibility": 0, "drawOrder": null, "icon": null, "Folder": "ALD-2D-33/9 / ALD FSP 0-5-6" }, "geometry": { "type": "Point", "coordinates": [ -106.502178, 31.735456, 0.0 ] } },
{ "type": "Feature", "properties": { "id": null, "Name": "ALD-2D-33/9-2-2", "description": null, "timestamp": null, "begin": null, "end": null, "altitudeMode": null, "tessellate": -1, "extrude": 0, "visibility": 0, "drawOrder": null, "icon": null, "Folder": "ALD-2D-33/9 / ALD FSP 0-5-6" }, "geometry": { "type": "Point", "coordinates": [ -106.50165, 31.735247, 0.0 ] } },
{ "type": "Feature", "properties": { "id": null, "Name": "ALD-2D-33/9-3-3", "description": null, "timestamp": null, "begin": null, "end": null, "altitudeMode": null, "tessellate": -1, "extrude": 0, "visibility": 0, "drawOrder": null, "icon": null, "Folder": "ALD-2D-33/9 / ALD FSP 0-5-6" }, "geometry": { "type": "Point", "coordinates": [ -106.500888, 31.735031, 0.0 ] } },
{ "type": "Feature", "properties": { "id": null, "Name": "ALD-2D-33/9-4-4", "description": null, "timestamp": null, "begin": null, "end": null, "altitudeMode": null, "tessellate": -1, "extrude": 0, "visibility": 0, "drawOrder": null, "icon": null, "Folder": "ALD-2D-33/9 / ALD FSP 0-5-6" }, "geometry": { "type": "Point", "coordinates": [ -106.500656, 31.734292270546149, 0.0 ] } },
{ "type": "Feature", "properties": { "id": null, "Name": "ALD-2D-33/9-5-5", "description": "<b>REFORZADA 23 ABRIL 2025</b>", "timestamp": null, "begin": null, "end": null, "altitudeMode": null, "tessellate": -1, "extrude": 0, "visibility": 0, "drawOrder": null, "icon": null, "Folder": "ALD-2D-33/9 / ALD FSP 0-5-6" }, "geometry": { "type": "Point", "coordinates": [ -106.499808333333405, 31.734041666666659, 0.0 ] } },
{ "type": "Feature", "properties": { "id": null, "Name": "ALD-2D-33/9-6-6", "description": null, "timestamp": null, "begin": null, "end": null, "altitudeMode": null, "tessellate": -1, "extrude": 0, "visibility": 0, "drawOrder": null, "icon": null, "Folder": "ALD-2D-33/9 / ALD FSP 0-5-6" }, "geometry": { "type": "Point", "coordinates": [ -106.499332, 31.733895, 0.0 ] } },
{ "type": "Feature", "properties": { "id": null, "Name": "ALD-2D-33/9-7-7", "description": null, "timestamp": null, "begin": null, "end": null, "altitudeMode": null, "tessellate": -1, "extrude": 0, "visibility": 0, "drawOrder": null, "icon": null, "Folder": "ALD-2D-33/9 / ALD FSP 0-5-6" }, "geometry": { "type": "Point", "coordinates": [ -106.4989, 31.733783, 0.0 ] } },
{ "type": "Feature", "properties": { "id": null, "Name": "ALD-2D-33/9-8-8", "description": null, "timestamp": null, "begin": null, "end": null, "altitudeMode": null, "tessellate": -1, "extrude": 0, "visibility": 0, "drawOrder": null, "icon": null, "Folder": "ALD-2D-33/9 / ALD FSP 0-5-6" }, "geometry": { "type": "Point", "coordinates": [ -106.498367532360703, 31.733636891088221, 0.0 ] } },
{ "type": "Feature", "properties": { "id": null, "Name": "ALD-2D-34/10-1-1", "description": null, "timestamp": null, "begin": null, "end": null, "altitudeMode": null, "tessellate": -1, "extrude": 0, "visibility": 0, "drawOrder": null, "icon": null, "Folder": "ALD-2D-34/10 / ALD FSP 0-5-7" }, "geometry": { "type": "Point", "coordinates": [ -106.501406, 31.735903, 0.0 ] } },
{ "type": "Feature", "properties": { "id": null, "Name": "ALD-2D-34/10-2-2", "description": null, "timestamp": null, "begin": null, "end": null, "altitudeMode": null, "tessellate": -1, "extrude": 0, "visibility": 0, "drawOrder": null, "icon": null, "Folder": "ALD-2D-34/10 / ALD FSP 0-5-7" }, "geometry": { "type": "Point", "coordinates": [ -106.500312, 31.736245, 0.0 ] } },
{ "type": "Feature", "properties": { "id": null, "Name": "ALD-2D-34/10-3-3", "description": null, "timestamp": null, "begin": null, "end": null, "altitudeMode": null, "tessellate": -1, "extrude": 0, "visibility": 0, "drawOrder": null, "icon": null, "Folder": "ALD-2D-34/10 / ALD FSP 0-5-7" }, "geometry": { "type": "Point", "coordinates": [ -106.4994916666667, 31.736058333333329, 0.0 ] } },
{ "type": "Feature", "properties": { "id": null, "Name": "ALD-2D-34/10-4-4", "description": null, "timestamp": null, "begin": null, "end": null, "altitudeMode": null, "tessellate": -1, "extrude": 0, "visibility": 0, "drawOrder": null, "icon": null, "Folder": "ALD-2D-34/10 / ALD FSP 0-5-7" }, "geometry": { "type": "Point", "coordinates": [ -106.498953, 31.735906, 0.0 ] } },
{ "type": "Feature", "properties": { "id": null, "Name": "ALD-2D-34/10-5-5", "description": null, "timestamp": null, "begin": null, "end": null, "altitudeMode": null, "tessellate": -1, "extrude": 0, "visibility": 0, "drawOrder": null, "icon": null, "Folder": "ALD-2D-34/10 / ALD FSP 0-5-7" }, "geometry": { "type": "Point", "coordinates": [ -106.498223787169195, 31.735674389829999, 0.0 ] } },
{ "type": "Feature", "properties": { "id": null, "Name": "ALD-2D-34/10-6-6", "description": null, "timestamp": null, "begin": null, "end": null, "altitudeMode": null, "tessellate": -1, "extrude": 0, "visibility": 0, "drawOrder": null, "icon": null, "Folder": "ALD-2D-34/10 / ALD FSP 0-5-7" }, "geometry": { "type": "Point", "coordinates": [ -106.497652, 31.735546, 0.0 ] } },
{ "type": "Feature", "properties": { "id": null, "Name": "ALD-2D-34/10-7-7", "description": null, "timestamp": null, "begin": null, "end": null, "altitudeMode": null, "tessellate": -1, "extrude": 0, "visibility": 0, "drawOrder": null, "icon": null, "Folder": "ALD-2D-34/10 / ALD FSP 0-5-7" }, "geometry": { "type": "Point", "coordinates": [ -106.496793, 31.735285, 0.0 ] } },
{ "type": "Feature", "properties": { "id": null, "Name": "ALD-2D-34/10-8-8", "description": null, "timestamp": null, "begin": null, "end": null, "altitudeMode": null, "tessellate": -1, "extrude": 0, "visibility": 0, "drawOrder": null, "icon": null, "Folder": "ALD-2D-34/10 / ALD FSP 0-5-7" }, "geometry": { "type": "Point", "coordinates": [ -106.496385624880801, 31.735069338454799, 0.0 ] } },
{ "type": "Feature", "properties": { "id": null, "Name": "ALD-2D-35/11-1-1", "description": null, "timestamp": null, "begin": null, "end": null, "altitudeMode": null, "tessellate": -1, "extrude": 0, "visibility": 0, "drawOrder": null, "icon": null, "Folder": "ALD-2D-35/11 / ALD FSP 0-5-8" }, "geometry": { "type": "Point", "coordinates": [ -106.501620571952998, 31.738088474342291, 0.0 ] } },
{ "type": "Feature", "properties": { "id": null, "Name": "ALD-2D-35/11-2-2", "description": null, "timestamp": null, "begin": null, "end": null, "altitudeMode": null, "tessellate": -1, "extrude": 0, "visibility": 0, "drawOrder": null, "icon": null, "Folder": "ALD-2D-35/11 / ALD FSP 0-5-8" }, "geometry": { "type": "Point", "coordinates": [ -106.502080252243303, 31.738268055332291, 0.0 ] } },
{ "type": "Feature", "properties": { "id": null, "Name": "ALD-2D-35/11-3-3", "description": null, "timestamp": null, "begin": null, "end": null, "altitudeMode": null, "tessellate": -1, "extrude": 0, "visibility": 0, "drawOrder": null, "icon": null, "Folder": "ALD-2D-35/11 / ALD FSP 0-5-8" }, "geometry": { "type": "Point", "coordinates": [ -106.502217061058602, 31.737916699903021, 0.0 ] } },
{ "type": "Feature", "properties": { "id": null, "Name": "ALD-2D-35/11-4-4", "description": null, "timestamp": null, "begin": null, "end": null, "altitudeMode": null, "tessellate": -1, "extrude": 0, "visibility": 0, "drawOrder": null, "icon": null, "Folder": "ALD-2D-35/11 / ALD FSP 0-5-8" }, "geometry": { "type": "Point", "coordinates": [ -106.502339304858396, 31.737633589351731, 0.0 ] } },
{ "type": "Feature", "properties": { "id": null, "Name": "ALD-2D-35/11-5-5", "description": null, "timestamp": null, "begin": null, "end": null, "altitudeMode": null, "tessellate": -1, "extrude": 0, "visibility": 0, "drawOrder": null, "icon": null, "Folder": "ALD-2D-35/11 / ALD FSP 0-5-8" }, "geometry": { "type": "Point", "coordinates": [ -106.502424, 31.737323, 0.0 ] } },
{ "type": "Feature", "properties": { "id": null, "Name": "ALD-2D-35/11-6-6", "description": null, "timestamp": null, "begin": null, "end": null, "altitudeMode": null, "tessellate": -1, "extrude": 0, "visibility": 0, "drawOrder": null, "icon": null, "Folder": "ALD-2D-35/11 / ALD FSP 0-5-8" }, "geometry": { "type": "Point", "coordinates": [ -106.502551, 31.737016, 0.0 ] } },
{ "type": "Feature", "properties": { "id": null, "Name": "ALD-2D-35/11-7-7", "description": null, "timestamp": null, "begin": null, "end": null, "altitudeMode": null, "tessellate": -1, "extrude": 0, "visibility": 0, "drawOrder": null, "icon": null, "Folder": "ALD-2D-35/11 / ALD FSP 0-5-8" }, "geometry": { "type": "Point", "coordinates": [ -106.502747, 31.736649601093909, 0.0 ] } },
{ "type": "Feature", "properties": { "id": null, "Name": "ALD-2D-35/11-8-8", "description": null, "timestamp": null, "begin": null, "end": null, "altitudeMode": null, "tessellate": -1, "extrude": 0, "visibility": 0, "drawOrder": null, "icon": null, "Folder": "ALD-2D-35/11 / ALD FSP 0-5-8" }, "geometry": { "type": "Point", "coordinates": [ -106.502808, 31.736347, 0.0 ] } },
{ "type": "Feature", "properties": { "id": null, "Name": "ALD-2D-73/1-1-1", "description": null, "timestamp": null, "begin": null, "end": null, "altitudeMode": null, "tessellate": -1, "extrude": 0, "visibility": 0, "drawOrder": null, "icon": null, "Folder": "ALD-2D-73/1 / ALD FSP 0-5-9" }, "geometry": { "type": "Point", "coordinates": [ -106.511481321831596, 31.744533221533299, 0.0 ] } },
{ "type": "Feature", "properties": { "id": null, "Name": "ALD-2D-73/1-2-2", "description": "<b>REFORZADA 19 JULIO 2025</b>", "timestamp": null, "begin": null, "end": null, "altitudeMode": null, "tessellate": -1, "extrude": 0, "visibility": 0, "drawOrder": null, "icon": null, "Folder": "ALD-2D-73/1 / ALD FSP 0-5-9" }, "geometry": { "type": "Point", "coordinates": [ -106.512902127850595, 31.744984389846071, 0.0 ] } },
{ "type": "Feature", "properties": { "id": null, "Name": "ALD-2D-73/1-3-3", "description": null, "timestamp": null, "begin": null, "end": null, "altitudeMode": null, "tessellate": -1, "extrude": 0, "visibility": 0, "drawOrder": null, "icon": null, "Folder": "ALD-2D-73/1 / ALD FSP 0-5-9" }, "geometry": { "type": "Point", "coordinates": [ -106.513786, 31.744624, 0.0 ] } },
{ "type": "Feature", "properties": { "id": null, "Name": "ALD-2D-73/1-4-4", "description": null, "timestamp": null, "begin": null, "end": null, "altitudeMode": null, "tessellate": -1, "extrude": 0, "visibility": 0, "drawOrder": null, "icon": null, "Folder": "ALD-2D-73/1 / ALD FSP 0-5-9" }, "geometry": { "type": "Point", "coordinates": [ -106.513922, 31.74427, 0.0 ] } },
{ "type": "Feature", "properties": { "id": null, "Name": "ALD-2D-73/1-5-5", "description": null, "timestamp": null, "begin": null, "end": null, "altitudeMode": null, "tessellate": -1, "extrude": 0, "visibility": 0, "drawOrder": null, "icon": null, "Folder": "ALD-2D-73/1 / ALD FSP 0-5-9" }, "geometry": { "type": "Point", "coordinates": [ -106.514194827644403, 31.74348853118201, 0.0 ] } },
{ "type": "Feature", "properties": { "id": null, "Name": "ALD-2D-73/1-6-6", "description": null, "timestamp": null, "begin": null, "end": null, "altitudeMode": null, "tessellate": -1, "extrude": 0, "visibility": 0, "drawOrder": null, "icon": null, "Folder": "ALD-2D-73/1 / ALD FSP 0-5-9" }, "geometry": { "type": "Point", "coordinates": [ -106.514916743704504, 31.743483919380999, 0.0 ] } },
{ "type": "Feature", "properties": { "id": null, "Name": "ALD-2D-73/1-7-7", "description": null, "timestamp": null, "begin": null, "end": null, "altitudeMode": null, "tessellate": -1, "extrude": 0, "visibility": 0, "drawOrder": null, "icon": null, "Folder": "ALD-2D-73/1 / ALD FSP 0-5-9" }, "geometry": { "type": "Point", "coordinates": [ -106.515169, 31.742883, 0.0 ] } },
{ "type": "Feature", "properties": { "id": null, "Name": "ALD-2D-73/1-8-8", "description": null, "timestamp": null, "begin": null, "end": null, "altitudeMode": null, "tessellate": -1, "extrude": 0, "visibility": 0, "drawOrder": null, "icon": null, "Folder": "ALD-2D-73/1 / ALD FSP 0-5-9" }, "geometry": { "type": "Point", "coordinates": [ -106.515296, 31.74245, 0.0 ] } },
{ "type": "Feature", "properties": { "id": null, "Name": "ALD-2D-74/2-1-1", "description": null, "timestamp": null, "begin": null, "end": null, "altitudeMode": null, "tessellate": -1, "extrude": 0, "visibility": 0, "drawOrder": null, "icon": null, "Folder": "ALD-2D-74/2 / ALD FSP 0-5-10" }, "geometry": { "type": "Point", "coordinates": [ -106.511798203265599, 31.743307768576251, 0.0 ] } },
{ "type": "Feature", "properties": { "id": null, "Name": "ALD-2D-74/2-2-2", "description": null, "timestamp": null, "begin": null, "end": null, "altitudeMode": null, "tessellate": -1, "extrude": 0, "visibility": 0, "drawOrder": null, "icon": null, "Folder": "ALD-2D-74/2 / ALD FSP 0-5-10" }, "geometry": { "type": "Point", "coordinates": [ -106.512328, 31.743429, 0.0 ] } },
{ "type": "Feature", "properties": { "id": null, "Name": "ALD-2D-74/2-3-3", "description": null, "timestamp": null, "begin": null, "end": null, "altitudeMode": null, "tessellate": -1, "extrude": 0, "visibility": 0, "drawOrder": null, "icon": null, "Folder": "ALD-2D-74/2 / ALD FSP 0-5-10" }, "geometry": { "type": "Point", "coordinates": [ -106.513322, 31.743704, 0.0 ] } },
{ "type": "Feature", "properties": { "id": null, "Name": "ALD-2D-74/2-4-4", "description": null, "timestamp": null, "begin": null, "end": null, "altitudeMode": null, "tessellate": -1, "extrude": 0, "visibility": 0, "drawOrder": null, "icon": null, "Folder": "ALD-2D-74/2 / ALD FSP 0-5-10" }, "geometry": { "type": "Point", "coordinates": [ -106.514608, 31.74409, 0.0 ] } },
{ "type": "Feature", "properties": { "id": null, "Name": "ALD-2D-74/2-5-5", "description": null, "timestamp": null, "begin": null, "end": null, "altitudeMode": null, "tessellate": -1, "extrude": 0, "visibility": 0, "drawOrder": null, "icon": null, "Folder": "ALD-2D-74/2 / ALD FSP 0-5-10" }, "geometry": { "type": "Point", "coordinates": [ -106.51554, 31.743608, 0.0 ] } },
{ "type": "Feature", "properties": { "id": null, "Name": "ALD-2D-74/2-6-6", "description": null, "timestamp": null, "begin": null, "end": null, "altitudeMode": null, "tessellate": -1, "extrude": 0, "visibility": 0, "drawOrder": null, "icon": null, "Folder": "ALD-2D-74/2 / ALD FSP 0-5-10" }, "geometry": { "type": "Point", "coordinates": [ -106.516408, 31.742933, 0.0 ] } },
{ "type": "Feature", "properties": { "id": null, "Name": "ALD-2D-74/2-7-7", "description": null, "timestamp": null, "begin": null, "end": null, "altitudeMode": null, "tessellate": -1, "extrude": 0, "visibility": 0, "drawOrder": null, "icon": null, "Folder": "ALD-2D-74/2 / ALD FSP 0-5-10" }, "geometry": { "type": "Point", "coordinates": [ -106.517793224002702, 31.74243326399132, 0.0 ] } },
{ "type": "Feature", "properties": { "id": null, "Name": "ALD-2D-74/2-8-8", "description": null, "timestamp": null, "begin": null, "end": null, "altitudeMode": null, "tessellate": -1, "extrude": 0, "visibility": 0, "drawOrder": null, "icon": null, "Folder": "ALD-2D-74/2 / ALD FSP 0-5-10" }, "geometry": { "type": "Point", "coordinates": [ -106.5174177964074, 31.743340977763339, 0.0 ] } },
{ "type": "Feature", "properties": { "id": null, "Name": "ALD-S-8-3", "description": null, "timestamp": null, "begin": null, "end": null, "altitudeMode": null, "tessellate": 1, "extrude": 0, "visibility": 0, "drawOrder": null, "icon": null, "Folder": "DISTRIBUCION (#8)" }, "geometry": { "type": "LineString", "coordinates": [ [ -106.508711560341396, 31.742881964291009, 0.0 ], [ -106.508683796012903, 31.742637906271341, 0.0 ], [ -106.512602757788201, 31.741684133533418, 0.0 ], [ -106.512124470468393, 31.740387729141698, 0.0 ], [ -106.511951389794802, 31.739826570027819, 0.0 ], [ -106.511867274822905, 31.739635862428749, 0.0 ], [ -106.511993027833597, 31.73959148783495, 0.0 ], [ -106.511745405972903, 31.73869377374406, 0.0 ], [ -106.511516587155995, 31.737822340825161, 0.0 ], [ -106.510548081301593, 31.738047439929328, 0.0 ], [ -106.510399774254594, 31.737624557065129, 0.0 ], [ -106.510289691682203, 31.73710001957695, 0.0 ], [ -106.5099775635843, 31.736589016207159, 0.0 ], [ -106.509893232858005, 31.736242586116202, 0.0 ], [ -106.509502537862204, 31.736347374850059, 0.0 ] ] } },
{ "type": "Feature", "properties": { "id": null, "Name": "ALD-2D-75/3", "description": null, "timestamp": null, "begin": null, "end": null, "altitudeMode": null, "tessellate": -1, "extrude": 0, "visibility": 0, "drawOrder": null, "icon": null, "Folder": "ALD-2D-75/3 / ALD FSP 0-5-11" }, "geometry": { "type": "Point", "coordinates": [ -106.510668317272206, 31.742195786730321, 0.0 ] } },
{ "type": "Feature", "properties": { "id": null, "Name": "ALD-2D-75/3-1-1", "description": null, "timestamp": null, "begin": null, "end": null, "altitudeMode": null, "tessellate": -1, "extrude": 0, "visibility": 0, "drawOrder": null, "icon": null, "Folder": "ALD-2D-75/3 / ALD FSP 0-5-11" }, "geometry": { "type": "Point", "coordinates": [ -106.509169, 31.742481, 0.0 ] } },
{ "type": "Feature", "properties": { "id": null, "Name": "ALD-2D-75/3-2-2", "description": null, "timestamp": null, "begin": null, "end": null, "altitudeMode": null, "tessellate": -1, "extrude": 0, "visibility": 0, "drawOrder": null, "icon": null, "Folder": "ALD-2D-75/3 / ALD FSP 0-5-11" }, "geometry": { "type": "Point", "coordinates": [ -106.511631439591895, 31.74194117843388, 0.0 ] } },
{ "type": "Feature", "properties": { "id": null, "Name": "ALD-2D-75/3-3-3", "description": null, "timestamp": null, "begin": null, "end": null, "altitudeMode": null, "tessellate": -1, "extrude": 0, "visibility": 0, "drawOrder": null, "icon": null, "Folder": "ALD-2D-75/3 / ALD FSP 0-5-11" }, "geometry": { "type": "Point", "coordinates": [ -106.512203, 31.740742, 0.0 ] } },
{ "type": "Feature", "properties": { "id": null, "Name": "ALD-2D-75/3-4-4", "description": null, "timestamp": null, "begin": null, "end": null, "altitudeMode": null, "tessellate": -1, "extrude": 0, "visibility": 0, "drawOrder": null, "icon": null, "Folder": "ALD-2D-75/3 / ALD FSP 0-5-11" }, "geometry": { "type": "Point", "coordinates": [ -106.511839, 31.739642, 0.0 ] } },
{ "type": "Feature", "properties": { "id": null, "Name": "ALD-2D-75/3-5-5", "description": null, "timestamp": null, "begin": null, "end": null, "altitudeMode": null, "tessellate": -1, "extrude": 0, "visibility": 0, "drawOrder": null, "icon": null, "Folder": "ALD-2D-75/3 / ALD FSP 0-5-11" }, "geometry": { "type": "Point", "coordinates": [ -106.511563, 31.737873, 0.0 ] } },
{ "type": "Feature", "properties": { "id": null, "Name": "ALD-2D-75/3-6-6", "description": null, "timestamp": null, "begin": null, "end": null, "altitudeMode": null, "tessellate": -1, "extrude": 0, "visibility": 0, "drawOrder": null, "icon": null, "Folder": "ALD-2D-75/3 / ALD FSP 0-5-11" }, "geometry": { "type": "Point", "coordinates": [ -106.510536, 31.738078, 0.0 ] } },
{ "type": "Feature", "properties": { "id": null, "Name": "ALD-2D-75/3-7-7 1:16", "description": "<b>REFORZADA 07 ENERO 2025</b>\n<br><br>\n1\t102589856\tZ1202110<br>\n2\tDEPURADO\tDEPURADO<br>\n3\t102291884\tZ1693718<br>\n4\t107064502\tZ3112262<br>\n5\t104396840\tSE<br>\n6\t103518637\tSE<br>\n7\t100648535\tSE<br>\n8\t102946828\tSE", "timestamp": null, "begin": null, "end": null, "altitudeMode": null, "tessellate": -1, "extrude": 0, "visibility": 0, "drawOrder": null, "icon": null, "Folder": "ALD-2D-75/3 / ALD FSP 0-5-11" }, "geometry": { "type": "Point", "coordinates": [ -106.509966, 31.7366, 0.0 ] } },
{ "type": "Feature", "properties": { "id": null, "Name": "ALD-2D-75/3-8-8", "description": null, "timestamp": null, "begin": null, "end": null, "altitudeMode": null, "tessellate": -1, "extrude": 0, "visibility": 0, "drawOrder": null, "icon": null, "Folder": "ALD-2D-75/3 / ALD FSP 0-5-11" }, "geometry": { "type": "Point", "coordinates": [ -106.50945, 31.736339, 0.0 ] } },
{ "type": "Feature", "properties": { "id": null, "Name": "ALD-2D-77/5-1-1", "description": null, "timestamp": null, "begin": null, "end": null, "altitudeMode": null, "tessellate": -1, "extrude": 0, "visibility": 0, "drawOrder": null, "icon": null, "Folder": "ALD-2D-77/5 / ALD FSP 0-5-13" }, "geometry": { "type": "Point", "coordinates": [ -106.505107, 31.741766, 0.0 ] } },
{ "type": "Feature", "properties": { "id": null, "Name": "ALD-2D-77/5-2-2", "description": null, "timestamp": null, "begin": null, "end": null, "altitudeMode": null, "tessellate": -1, "extrude": 0, "visibility": 0, "drawOrder": null, "icon": null, "Folder": "ALD-2D-77/5 / ALD FSP 0-5-13" }, "geometry": { "type": "Point", "coordinates": [ -106.505367, 31.742342, 0.0 ] } },
{ "type": "Feature", "properties": { "id": null, "Name": "ALD-2D-77/5-3-3", "description": null, "timestamp": null, "begin": null, "end": null, "altitudeMode": null, "tessellate": -1, "extrude": 0, "visibility": 0, "drawOrder": null, "icon": null, "Folder": "ALD-2D-77/5 / ALD FSP 0-5-13" }, "geometry": { "type": "Point", "coordinates": [ -106.505681, 31.743304, 0.0 ] } },
{ "type": "Feature", "properties": { "id": null, "Name": "ALD-2D-77/5-4-4", "description": null, "timestamp": null, "begin": null, "end": null, "altitudeMode": null, "tessellate": -1, "extrude": 0, "visibility": 0, "drawOrder": null, "icon": null, "Folder": "ALD-2D-77/5 / ALD FSP 0-5-13" }, "geometry": { "type": "Point", "coordinates": [ -106.506751, 31.74306, 0.0 ] } },
{ "type": "Feature", "properties": { "id": null, "Name": "ALD-2D-77/5-5-5", "description": null, "timestamp": null, "begin": null, "end": null, "altitudeMode": null, "tessellate": -1, "extrude": 0, "visibility": 0, "drawOrder": null, "icon": null, "Folder": "ALD-2D-77/5 / ALD FSP 0-5-13" }, "geometry": { "type": "Point", "coordinates": [ -106.507694, 31.742839, 0.0 ] } },
{ "type": "Feature", "properties": { "id": null, "Name": "ALD-2D-77/5-6-6", "description": null, "timestamp": null, "begin": null, "end": null, "altitudeMode": null, "tessellate": -1, "extrude": 0, "visibility": 0, "drawOrder": null, "icon": null, "Folder": "ALD-2D-77/5 / ALD FSP 0-5-13" }, "geometry": { "type": "Point", "coordinates": [ -106.508665, 31.742691, 0.0 ] } },
{ "type": "Feature", "properties": { "id": null, "Name": "ALD-2D-77/5-7-7", "description": null, "timestamp": null, "begin": null, "end": null, "altitudeMode": null, "tessellate": -1, "extrude": 0, "visibility": 0, "drawOrder": null, "icon": null, "Folder": "ALD-2D-77/5 / ALD FSP 0-5-13" }, "geometry": { "type": "Point", "coordinates": [ -106.508987543457494, 31.74371946059356, 0.0 ] } },
{ "type": "Feature", "properties": { "id": null, "Name": "ALD-2D-77/5-8-8", "description": null, "timestamp": null, "begin": null, "end": null, "altitudeMode": null, "tessellate": -1, "extrude": 0, "visibility": 0, "drawOrder": null, "icon": null, "Folder": "ALD-2D-77/5 / ALD FSP 0-5-13" }, "geometry": { "type": "Point", "coordinates": [ -106.510171, 31.744031, 0.0 ] } },
{ "type": "Feature", "properties": { "id": null, "Name": "ALD-2D-78/6-1-1", "description": null, "timestamp": null, "begin": null, "end": null, "altitudeMode": null, "tessellate": -1, "extrude": 0, "visibility": 0, "drawOrder": null, "icon": null, "Folder": "ALD-2D-78/6 / ALD FSP 0-5-14" }, "geometry": { "type": "Point", "coordinates": [ -106.505041, 31.741044, 0.0 ] } },
{ "type": "Feature", "properties": { "id": null, "Name": "ALD-2D-78/6-4-4", "description": null, "timestamp": null, "begin": null, "end": null, "altitudeMode": null, "tessellate": -1, "extrude": 0, "visibility": 0, "drawOrder": null, "icon": null, "Folder": "ALD-2D-78/6 / ALD FSP 0-5-14" }, "geometry": { "type": "Point", "coordinates": [ -106.506572035532599, 31.739744742079861, 0.0 ] } },
{ "type": "Feature", "properties": { "id": null, "Name": "ALD-2D-78/6-2-2", "description": null, "timestamp": null, "begin": null, "end": null, "altitudeMode": null, "tessellate": -1, "extrude": 0, "visibility": 0, "drawOrder": null, "icon": null, "Folder": "ALD-2D-78/6 / ALD FSP 0-5-14" }, "geometry": { "type": "Point", "coordinates": [ -106.505615, 31.740949, 0.0 ] } },
{ "type": "Feature", "properties": { "id": null, "Name": "ALD-2D-78/6-3-3", "description": null, "timestamp": null, "begin": null, "end": null, "altitudeMode": null, "tessellate": -1, "extrude": 0, "visibility": 0, "drawOrder": null, "icon": null, "Folder": "ALD-2D-78/6 / ALD FSP 0-5-14" }, "geometry": { "type": "Point", "coordinates": [ -106.506942, 31.740643, 0.0 ] } },
{ "type": "Feature", "properties": { "id": null, "Name": "ALD-2D-78/6-5-5", "description": null, "timestamp": null, "begin": null, "end": null, "altitudeMode": null, "tessellate": -1, "extrude": 0, "visibility": 0, "drawOrder": null, "icon": null, "Folder": "ALD-2D-78/6 / ALD FSP 0-5-14" }, "geometry": { "type": "Point", "coordinates": [ -106.506476, 31.73882894693562, 0.0 ] } },
{ "type": "Feature", "properties": { "id": null, "Name": "ALD-2D-78/6-6-6", "description": null, "timestamp": null, "begin": null, "end": null, "altitudeMode": null, "tessellate": -1, "extrude": 0, "visibility": 0, "drawOrder": null, "icon": null, "Folder": "ALD-2D-78/6 / ALD FSP 0-5-14" }, "geometry": { "type": "Point", "coordinates": [ -106.507458, 31.738656, 0.0 ] } },
{ "type": "Feature", "properties": { "id": null, "Name": "ALD-2D-78/6-7-7", "description": null, "timestamp": null, "begin": null, "end": null, "altitudeMode": null, "tessellate": -1, "extrude": 0, "visibility": 0, "drawOrder": null, "icon": null, "Folder": "ALD-2D-78/6 / ALD FSP 0-5-14" }, "geometry": { "type": "Point", "coordinates": [ -106.509531, 31.738258333333331, 0.0 ] } },
{ "type": "Feature", "properties": { "id": null, "Name": "ALD-2D-78/6-8-8", "description": null, "timestamp": null, "begin": null, "end": null, "altitudeMode": null, "tessellate": -1, "extrude": 0, "visibility": 0, "drawOrder": null, "icon": null, "Folder": "ALD-2D-78/6 / ALD FSP 0-5-14" }, "geometry": { "type": "Point", "coordinates": [ -106.509306, 31.737484, 0.0 ] } },
{ "type": "Feature", "properties": { "id": null, "Name": "ALD-2D-79/7-1-1", "description": null, "timestamp": null, "begin": null, "end": null, "altitudeMode": null, "tessellate": -1, "extrude": 0, "visibility": 0, "drawOrder": null, "icon": null, "Folder": "ALD-2D-79/7 / ALD FSP 0-5-15" }, "geometry": { "type": "Point", "coordinates": [ -106.504231, 31.740324, 0.0 ] } },
{ "type": "Feature", "properties": { "id": null, "Name": "ALD-2D-79/7-2-2", "description": null, "timestamp": null, "begin": null, "end": null, "altitudeMode": null, "tessellate": -1, "extrude": 0, "visibility": 0, "drawOrder": null, "icon": null, "Folder": "ALD-2D-79/7 / ALD FSP 0-5-15" }, "geometry": { "type": "Point", "coordinates": [ -106.504685, 31.740168, 0.0 ] } },
{ "type": "Feature", "properties": { "id": null, "Name": "ALD-2D-79/7-3-3", "description": null, "timestamp": null, "begin": null, "end": null, "altitudeMode": null, "tessellate": -1, "extrude": 0, "visibility": 0, "drawOrder": null, "icon": null, "Folder": "ALD-2D-79/7 / ALD FSP 0-5-15" }, "geometry": { "type": "Point", "coordinates": [ -106.504435, 31.73924769175327, 0.0 ] } },
{ "type": "Feature", "properties": { "id": null, "Name": "ALD-2D-79/7-4-4", "description": null, "timestamp": null, "begin": null, "end": null, "altitudeMode": null, "tessellate": -1, "extrude": 0, "visibility": 0, "drawOrder": null, "icon": null, "Folder": "ALD-2D-79/7 / ALD FSP 0-5-15" }, "geometry": { "type": "Point", "coordinates": [ -106.504321625088494, 31.738850305492299, 0.0 ] } },
{ "type": "Feature", "properties": { "id": null, "Name": "ALD-2D-79/7-5-5", "description": null, "timestamp": null, "begin": null, "end": null, "altitudeMode": null, "tessellate": -1, "extrude": 0, "visibility": 0, "drawOrder": null, "icon": null, "Folder": "ALD-2D-79/7 / ALD FSP 0-5-15" }, "geometry": { "type": "Point", "coordinates": [ -106.505179, 31.737958, 0.0 ] } },
{ "type": "Feature", "properties": { "id": null, "Name": "ALD-2D-79/7-6-6", "description": null, "timestamp": null, "begin": null, "end": null, "altitudeMode": null, "tessellate": -1, "extrude": 0, "visibility": 0, "drawOrder": null, "icon": null, "Folder": "ALD-2D-79/7 / ALD FSP 0-5-15" }, "geometry": { "type": "Point", "coordinates": [ -106.505049, 31.737349, 0.0 ] } },
{ "type": "Feature", "properties": { "id": null, "Name": "ALD-2D-79/7-7-7", "description": null, "timestamp": null, "begin": null, "end": null, "altitudeMode": null, "tessellate": -1, "extrude": 0, "visibility": 0, "drawOrder": null, "icon": null, "Folder": "ALD-2D-79/7 / ALD FSP 0-5-15" }, "geometry": { "type": "Point", "coordinates": [ -106.505344444444503, 31.737180555555561, 0.0 ] } },
{ "type": "Feature", "properties": { "id": null, "Name": "ALD-2D-79/7-8-8", "description": null, "timestamp": null, "begin": null, "end": null, "altitudeMode": null, "tessellate": -1, "extrude": 0, "visibility": 0, "drawOrder": null, "icon": null, "Folder": "ALD-2D-79/7 / ALD FSP 0-5-15" }, "geometry": { "type": "Point", "coordinates": [ -106.505644, 31.736175, 0.0 ] } },
{ "type": "Feature", "properties": { "id": null, "Name": "ALD-2D-80/8-1-1", "description": null, "timestamp": null, "begin": null, "end": null, "altitudeMode": null, "tessellate": -1, "extrude": 0, "visibility": 0, "drawOrder": null, "icon": null, "Folder": "ALD-2D-80/8 / ALD FSP 0-6-0" }, "geometry": { "type": "Point", "coordinates": [ -106.50315, 31.740704, 0.0 ] } },
{ "type": "Feature", "properties": { "id": null, "Name": "ALD-2D-80/8-2-2", "description": null, "timestamp": null, "begin": null, "end": null, "altitudeMode": null, "tessellate": -1, "extrude": 0, "visibility": 0, "drawOrder": null, "icon": null, "Folder": "ALD-2D-80/8 / ALD FSP 0-6-0" }, "geometry": { "type": "Point", "coordinates": [ -106.502206, 31.740439, 0.0 ] } },
{ "type": "Feature", "properties": { "id": null, "Name": "ALD-2D-80/8-3-3", "description": null, "timestamp": null, "begin": null, "end": null, "altitudeMode": null, "tessellate": -1, "extrude": 0, "visibility": 0, "drawOrder": null, "icon": null, "Folder": "ALD-2D-80/8 / ALD FSP 0-6-0" }, "geometry": { "type": "Point", "coordinates": [ -106.501315, 31.740194, 0.0 ] } },
{ "type": "Feature", "properties": { "id": null, "Name": "ALD-2D-80/8-4-4", "description": null, "timestamp": null, "begin": null, "end": null, "altitudeMode": null, "tessellate": -1, "extrude": 0, "visibility": 0, "drawOrder": null, "icon": null, "Folder": "ALD-2D-80/8 / ALD FSP 0-6-0" }, "geometry": { "type": "Point", "coordinates": [ -106.500861, 31.740056, 0.0 ] } },
{ "type": "Feature", "properties": { "id": null, "Name": "ALD-2D-80/8-5-5", "description": null, "timestamp": null, "begin": null, "end": null, "altitudeMode": null, "tessellate": -1, "extrude": 0, "visibility": 0, "drawOrder": null, "icon": null, "Folder": "ALD-2D-80/8 / ALD FSP 0-6-0" }, "geometry": { "type": "Point", "coordinates": [ -106.499554405835397, 31.73964592988581, 0.0 ] } },
{ "type": "Feature", "properties": { "id": null, "Name": "ALD-2D-80/8-6-6", "description": null, "timestamp": null, "begin": null, "end": null, "altitudeMode": null, "tessellate": -1, "extrude": 0, "visibility": 0, "drawOrder": null, "icon": null, "Folder": "ALD-2D-80/8 / ALD FSP 0-6-0" }, "geometry": { "type": "Point", "coordinates": [ -106.499053, 31.739535, 0.0 ] } },
{ "type": "Feature", "properties": { "id": null, "Name": "ALD-2D-80/8-7-7", "description": null, "timestamp": null, "begin": null, "end": null, "altitudeMode": null, "tessellate": -1, "extrude": 0, "visibility": 0, "drawOrder": null, "icon": null, "Folder": "ALD-2D-80/8 / ALD FSP 0-6-0" }, "geometry": { "type": "Point", "coordinates": [ -106.498784, 31.740142, 0.0 ] } },
{ "type": "Feature", "properties": { "id": null, "Name": "ALD-2D-80/8-8-8", "description": null, "timestamp": null, "begin": null, "end": null, "altitudeMode": null, "tessellate": -1, "extrude": 0, "visibility": 0, "drawOrder": null, "icon": null, "Folder": "ALD-2D-80/8 / ALD FSP 0-6-0" }, "geometry": { "type": "Point", "coordinates": [ -106.498506, 31.740784, 0.0 ] } },
{ "type": "Feature", "properties": { "id": null, "Name": "ALD-2D-81/9-1-1", "description": null, "timestamp": null, "begin": null, "end": null, "altitudeMode": null, "tessellate": -1, "extrude": 0, "visibility": 0, "drawOrder": null, "icon": null, "Folder": "ALD-2D-81/9 / ALD FSP 0-6-1" }, "geometry": { "type": "Point", "coordinates": [ -106.502123, 31.741863, 0.0 ] } },
{ "type": "Feature", "properties": { "id": null, "Name": "ALD-2D-81/9-2-2", "description": null, "timestamp": null, "begin": null, "end": null, "altitudeMode": null, "tessellate": -1, "extrude": 0, "visibility": 0, "drawOrder": null, "icon": null, "Folder": "ALD-2D-81/9 / ALD FSP 0-6-1" }, "geometry": { "type": "Point", "coordinates": [ -106.501710040628197, 31.741749448279091, 0.0 ] } },
{ "type": "Feature", "properties": { "id": null, "Name": "ALD-2D-81/9-3-3", "description": null, "timestamp": null, "begin": null, "end": null, "altitudeMode": null, "tessellate": -1, "extrude": 0, "visibility": 0, "drawOrder": null, "icon": null, "Folder": "ALD-2D-81/9 / ALD FSP 0-6-1" }, "geometry": { "type": "Point", "coordinates": [ -106.500833, 31.741475, 0.0 ] } },
{ "type": "Feature", "properties": { "id": null, "Name": "ALD-2D-81/9-4-4", "description": null, "timestamp": null, "begin": null, "end": null, "altitudeMode": null, "tessellate": -1, "extrude": 0, "visibility": 0, "drawOrder": null, "icon": null, "Folder": "ALD-2D-81/9 / ALD FSP 0-6-1" }, "geometry": { "type": "Point", "coordinates": [ -106.499949, 31.741207, 0.0 ] } },
{ "type": "Feature", "properties": { "id": null, "Name": "ALD-2D-81/9-5-5", "description": null, "timestamp": null, "begin": null, "end": null, "altitudeMode": null, "tessellate": -1, "extrude": 0, "visibility": 0, "drawOrder": null, "icon": null, "Folder": "ALD-2D-81/9 / ALD FSP 0-6-1" }, "geometry": { "type": "Point", "coordinates": [ -106.499268208524001, 31.74167093401956, 0.0 ] } },
{ "type": "Feature", "properties": { "id": null, "Name": "ALD-2D-81/9-6-6", "description": null, "timestamp": null, "begin": null, "end": null, "altitudeMode": null, "tessellate": -1, "extrude": 0, "visibility": 0, "drawOrder": null, "icon": null, "Folder": "ALD-2D-81/9 / ALD FSP 0-6-1" }, "geometry": { "type": "Point", "coordinates": [ -106.498307, 31.741439, 0.0 ] } },
{ "type": "Feature", "properties": { "id": null, "Name": "ALD-2D-81/9-7-7", "description": null, "timestamp": null, "begin": null, "end": null, "altitudeMode": null, "tessellate": -1, "extrude": 0, "visibility": 0, "drawOrder": null, "icon": null, "Folder": "ALD-2D-81/9 / ALD FSP 0-6-1" }, "geometry": { "type": "Point", "coordinates": [ -106.496909926676807, 31.74105555594026, 0.0 ] } },
{ "type": "Feature", "properties": { "id": null, "Name": "ALD-2D-81/9-8-8", "description": null, "timestamp": null, "begin": null, "end": null, "altitudeMode": null, "tessellate": -1, "extrude": 0, "visibility": 0, "drawOrder": null, "icon": null, "Folder": "ALD-2D-81/9 / ALD FSP 0-6-1" }, "geometry": { "type": "Point", "coordinates": [ -106.4963388888889, 31.74249166666667, 0.0 ] } },
{ "type": "Feature", "properties": { "id": null, "Name": "ALD-2D-82/10-1-1", "description": "<b>REFORZADA 07 FEBRERO 2026</b>", "timestamp": null, "begin": null, "end": null, "altitudeMode": null, "tessellate": -1, "extrude": 0, "visibility": 0, "drawOrder": null, "icon": null, "Folder": "ALD-2D-82/10 / ALD FSP 0-6-2" }, "geometry": { "type": "Point", "coordinates": [ -106.502662517233304, 31.74272538509333, 0.0 ] } },
{ "type": "Feature", "properties": { "id": null, "Name": "ALD-2D-82/10-2-2", "description": null, "timestamp": null, "begin": null, "end": null, "altitudeMode": null, "tessellate": -1, "extrude": 0, "visibility": 0, "drawOrder": null, "icon": null, "Folder": "ALD-2D-82/10 / ALD FSP 0-6-2" }, "geometry": { "type": "Point", "coordinates": [ -106.502337813357798, 31.742605244769329, 0.0 ] } },
{ "type": "Feature", "properties": { "id": null, "Name": "ALD-2D-82/10-3-3", "description": null, "timestamp": null, "begin": null, "end": null, "altitudeMode": null, "tessellate": -1, "extrude": 0, "visibility": 0, "drawOrder": null, "icon": null, "Folder": "ALD-2D-82/10 / ALD FSP 0-6-2" }, "geometry": { "type": "Point", "coordinates": [ -106.503238, 31.742909, 0.0 ] } },
{ "type": "Feature", "properties": { "id": null, "Name": "ALD-2D-82/10-4-4", "description": null, "timestamp": null, "begin": null, "end": null, "altitudeMode": null, "tessellate": -1, "extrude": 0, "visibility": 0, "drawOrder": null, "icon": null, "Folder": "ALD-2D-82/10 / ALD FSP 0-6-2" }, "geometry": { "type": "Point", "coordinates": [ -106.504185125867906, 31.743167404509389, 0.0 ] } },
{ "type": "Feature", "properties": { "id": null, "Name": "ALD-2D-82/10-5-5", "description": null, "timestamp": null, "begin": null, "end": null, "altitudeMode": null, "tessellate": -1, "extrude": 0, "visibility": 0, "drawOrder": null, "icon": null, "Folder": "ALD-2D-82/10 / ALD FSP 0-6-2" }, "geometry": { "type": "Point", "coordinates": [ -106.504602955594194, 31.74328319052675, 0.0 ] } },
{ "type": "Feature", "properties": { "id": null, "Name": "ALD-2D-82/10-6-6", "description": null, "timestamp": null, "begin": null, "end": null, "altitudeMode": null, "tessellate": -1, "extrude": 0, "visibility": 0, "drawOrder": null, "icon": null, "Folder": "ALD-2D-82/10 / ALD FSP 0-6-2" }, "geometry": { "type": "Point", "coordinates": [ -106.505111, 31.743448, 0.0 ] } },
{ "type": "Feature", "properties": { "id": null, "Name": "ALD-2D-82/10-7-7", "description": null, "timestamp": null, "begin": null, "end": null, "altitudeMode": null, "tessellate": -1, "extrude": 0, "visibility": 0, "drawOrder": null, "icon": null, "Folder": "ALD-2D-82/10 / ALD FSP 0-6-2" }, "geometry": { "type": "Point", "coordinates": [ -106.504809, 31.744064, 0.0 ] } },
{ "type": "Feature", "properties": { "id": null, "Name": "ALD-2D-82/10-8-8", "description": null, "timestamp": null, "begin": null, "end": null, "altitudeMode": null, "tessellate": -1, "extrude": 0, "visibility": 0, "drawOrder": null, "icon": null, "Folder": "ALD-2D-82/10 / ALD FSP 0-6-2" }, "geometry": { "type": "Point", "coordinates": [ -106.505954, 31.744393, 0.0 ] } },
{ "type": "Feature", "properties": { "id": null, "Name": "ALD-1D-20/20", "description": null, "timestamp": null, "begin": null, "end": null, "altitudeMode": null, "tessellate": -1, "extrude": 0, "visibility": 0, "drawOrder": null, "icon": null, "Folder": "1N (#7)" }, "geometry": { "type": "Point", "coordinates": [ -106.517386237759197, 31.765990163477721, 0.0 ] } },
{ "type": "Feature", "properties": { "id": null, "Name": "ALD-1D-20/20-1-1", "description": null, "timestamp": null, "begin": null, "end": null, "altitudeMode": null, "tessellate": -1, "extrude": 0, "visibility": 0, "drawOrder": null, "icon": null, "Folder": "2N (#8)" }, "geometry": { "type": "Point", "coordinates": [ -106.517803, 31.766415, 0.0 ] } },
{ "type": "Feature", "properties": { "id": null, "Name": "ALD-1D-20/20-2-2", "description": null, "timestamp": null, "begin": null, "end": null, "altitudeMode": null, "tessellate": -1, "extrude": 0, "visibility": 0, "drawOrder": null, "icon": null, "Folder": "2N (#8)" }, "geometry": { "type": "Point", "coordinates": [ -106.515673, 31.767182, 0.0 ] } },
{ "type": "Feature", "properties": { "id": null, "Name": "ALD-1D-20/20-3-3", "description": null, "timestamp": null, "begin": null, "end": null, "altitudeMode": null, "tessellate": -1, "extrude": 0, "visibility": 0, "drawOrder": null, "icon": null, "Folder": "2N (#8)" }, "geometry": { "type": "Point", "coordinates": [ -106.518965, 31.767717, 0.0 ] } },
{ "type": "Feature", "properties": { "id": null, "Name": "ALD-1D-20-20-4-4", "description": null, "timestamp": null, "begin": null, "end": null, "altitudeMode": null, "tessellate": -1, "extrude": 0, "visibility": 0, "drawOrder": null, "icon": null, "Folder": "2N (#8)" }, "geometry": { "type": "Point", "coordinates": [ -106.518756, 31.765222, 0.0 ] } },
{ "type": "Feature", "properties": { "id": null, "Name": "ALD-1D-20/20-5-5", "description": null, "timestamp": null, "begin": null, "end": null, "altitudeMode": null, "tessellate": -1, "extrude": 0, "visibility": 0, "drawOrder": null, "icon": null, "Folder": "2N (#8)" }, "geometry": { "type": "Point", "coordinates": [ -106.520515, 31.768351, 0.0 ] } },
{ "type": "Feature", "properties": { "id": null, "Name": "ALD-1D-20/20-6-6", "description": null, "timestamp": null, "begin": null, "end": null, "altitudeMode": null, "tessellate": -1, "extrude": 0, "visibility": 0, "drawOrder": null, "icon": null, "Folder": "2N (#8)" }, "geometry": { "type": "Point", "coordinates": [ -106.520644, 31.767417, 0.0 ] } },
{ "type": "Feature", "properties": { "id": null, "Name": "ALD-1D-20/20-7-7", "description": null, "timestamp": null, "begin": null, "end": null, "altitudeMode": null, "tessellate": -1, "extrude": 0, "visibility": 0, "drawOrder": null, "icon": null, "Folder": "2N (#8)" }, "geometry": { "type": "Point", "coordinates": [ -106.519633, 31.766243, 0.0 ] } },
{ "type": "Feature", "properties": { "id": null, "Name": "ALD-1D-20/20-8-8", "description": null, "timestamp": null, "begin": null, "end": null, "altitudeMode": null, "tessellate": -1, "extrude": 0, "visibility": 0, "drawOrder": null, "icon": null, "Folder": "2N (#8)" }, "geometry": { "type": "Point", "coordinates": [ -106.518511, 31.765047, 0.0 ] } },
{ "type": "Feature", "properties": { "id": null, "Name": "ALD-1D-S-9-16", "description": null, "timestamp": null, "begin": null, "end": null, "altitudeMode": null, "tessellate": 1, "extrude": 0, "visibility": 0, "drawOrder": null, "icon": null, "Folder": "DISTRIBUCION (#9)" }, "geometry": { "type": "LineString", "coordinates": [ [ -106.517368398104793, 31.765909476115571, 0.0 ], [ -106.517625425178807, 31.766223365814131, 0.0 ], [ -106.517840514229903, 31.766458041469729, 0.0 ], [ -106.518183414631807, 31.766847669052279, 0.0 ], [ -106.518424489205003, 31.767104800396559, 0.0 ], [ -106.518674568014504, 31.76737892208461, 0.0 ], [ -106.519024945087594, 31.767768955754281, 0.0 ], [ -106.519105721257006, 31.76785244762354, 0.0 ], [ -106.5192612831096, 31.76802855909628, 0.0 ], [ -106.519450634059595, 31.76822855659606, 0.0 ], [ -106.519521577668996, 31.76830847634281, 0.0 ], [ -106.519793583903095, 31.768613230433331, 0.0 ], [ -106.519963359900103, 31.76878008043375, 0.0 ], [ -106.520229023442596, 31.768598293898851, 0.0 ], [ -106.521163020162803, 31.767917598840061, 0.0 ], [ -106.5207457176069, 31.767440355960751, 0.0 ], [ -106.520235246937901, 31.766899229069431, 0.0 ], [ -106.519895204049703, 31.766502659390021, 0.0 ], [ -106.519407604769199, 31.76596519236033, 0.0 ], [ -106.519242377701502, 31.765783189416489, 0.0 ], [ -106.519069111560896, 31.7655926939366, 0.0 ], [ -106.518819629468297, 31.76530174303084, 0.0 ], [ -106.518616977196103, 31.7650305276076, 0.0 ] ] } },
{ "type": "Feature", "properties": { "id": null, "Name": "ALD-1I-17", "description": null, "timestamp": null, "begin": null, "end": null, "altitudeMode": null, "tessellate": -1, "extrude": 0, "visibility": 0, "drawOrder": null, "icon": null, "Folder": "1N (#8)" }, "geometry": { "type": "Point", "coordinates": [ -106.488079925775807, 31.742602507790739, 0.0 ] } },
{ "type": "Feature", "properties": { "id": null, "Name": "ALD-1I-17-1-1 1", "description": null, "timestamp": null, "begin": null, "end": null, "altitudeMode": null, "tessellate": -1, "extrude": 0, "visibility": 0, "drawOrder": null, "icon": null, "Folder": "2N (#9)" }, "geometry": { "type": "Point", "coordinates": [ -106.490415, 31.74331, 0.0 ] } },
{ "type": "Feature", "properties": { "id": null, "Name": "ALD-1I-17-2-2", "description": "<b>AGREGADA 31 OCTUBRE 2025</b>", "timestamp": null, "begin": null, "end": null, "altitudeMode": null, "tessellate": -1, "extrude": 0, "visibility": 0, "drawOrder": null, "icon": null, "Folder": "2N (#9)" }, "geometry": { "type": "Point", "coordinates": [ -106.486625175997304, 31.7412764707904, 0.0 ] } },
{ "type": "Feature", "properties": { "id": null, "Name": "ALD-1I-17-3-3", "description": null, "timestamp": null, "begin": null, "end": null, "altitudeMode": null, "tessellate": -1, "extrude": 0, "visibility": 0, "drawOrder": null, "icon": null, "Folder": "2N (#9)" }, "geometry": { "type": "Point", "coordinates": [ -106.489436, 31.744555, 0.0 ] } },
{ "type": "Feature", "properties": { "id": null, "Name": "ALD-1I-17-4-4", "description": "CAJA MIGRADA", "timestamp": null, "begin": null, "end": null, "altitudeMode": null, "tessellate": -1, "extrude": 0, "visibility": 0, "drawOrder": null, "icon": null, "Folder": "2N (#9)" }, "geometry": { "type": "Point", "coordinates": [ -106.488828, 31.745694, 0.0 ] } },
{ "type": "Feature", "properties": { "id": null, "Name": "ALD-1I-17-5-5", "description": "<b>REFORZADA 18 MARZO 2026</b>", "timestamp": null, "begin": null, "end": null, "altitudeMode": null, "tessellate": -1, "extrude": 0, "visibility": 0, "drawOrder": null, "icon": null, "Folder": "2N (#9)" }, "geometry": { "type": "Point", "coordinates": [ -106.489976735672499, 31.746671621272959, 0.0 ] } },
{ "type": "Feature", "properties": { "id": null, "Name": "ALD-1I-17-6-6", "description": null, "timestamp": null, "begin": null, "end": null, "altitudeMode": null, "tessellate": -1, "extrude": 0, "visibility": 0, "drawOrder": null, "icon": null, "Folder": "2N (#9)" }, "geometry": { "type": "Point", "coordinates": [ -106.487175, 31.74516, 0.0 ] } },
{ "type": "Feature", "properties": { "id": null, "Name": "ALD-1I-17-7-7", "description": "CAJA MIGRADA DEL ORIGINAL", "timestamp": null, "begin": null, "end": null, "altitudeMode": null, "tessellate": -1, "extrude": 0, "visibility": 0, "drawOrder": null, "icon": null, "Folder": "2N (#9)" }, "geometry": { "type": "Point", "coordinates": [ -106.487677433542103, 31.743881862883381, 0.0 ] } },
{ "type": "Feature", "properties": { "id": null, "Name": "ALD-1I-17-8-8", "description": null, "timestamp": null, "begin": null, "end": null, "altitudeMode": null, "tessellate": -1, "extrude": 0, "visibility": 0, "drawOrder": null, "icon": null, "Folder": "2N (#9)" }, "geometry": { "type": "Point", "coordinates": [ -106.487919, 31.742943, 0.0 ] } },
{ "type": "Feature", "properties": { "id": null, "Name": "ALD-S-1-7-1", "description": null, "timestamp": null, "begin": null, "end": null, "altitudeMode": null, "tessellate": 1, "extrude": 0, "visibility": 0, "drawOrder": null, "icon": null, "Folder": "DISTRIBUCION (#10)" }, "geometry": { "type": "LineString", "coordinates": [ [ -106.488061087741997, 31.74257570346948, 0.0 ], [ -106.487653637970595, 31.742461961936399, 0.0 ], [ -106.487366481015201, 31.742209191544429, 0.0 ], [ -106.487619087461297, 31.74156956543526, 0.0 ], [ -106.486586956790404, 31.741274149894299, 0.0 ] ] } },
{ "type": "Feature", "properties": { "id": null, "Name": "ALD-S-1-7", "description": null, "timestamp": null, "begin": null, "end": null, "altitudeMode": null, "tessellate": 1, "extrude": 0, "visibility": 0, "drawOrder": null, "icon": null, "Folder": "DISTRIBUCION (#10)" }, "geometry": { "type": "LineString", "coordinates": [ [ -106.490929708738406, 31.743414182486621, 0.0 ], [ -106.490020265380707, 31.74313858296712, 0.0 ], [ -106.489606082556406, 31.744140926978091, 0.0 ], [ -106.489283563786202, 31.744976235476159, 0.0 ], [ -106.4891692307189, 31.74491561375962, 0.0 ], [ -106.488671667363903, 31.746196506091991, 0.0 ], [ -106.487748949681304, 31.745919533839199, 0.0 ], [ -106.4878698323393, 31.7456467435427, 0.0 ], [ -106.487999743254804, 31.745377416438892, 0.0 ], [ -106.4871936953854, 31.745130081286131, 0.0 ], [ -106.487750063672607, 31.7436211511653, 0.0 ], [ -106.487833320142201, 31.743224547351868, 0.0 ], [ -106.488080530708103, 31.742591446476379, 0.0 ] ] } },
{ "type": "Feature", "properties": { "id": null, "Name": "ALD-2I-70/21", "description": "(YA SE TOMO EL ULTIMO HILO, SIN HILOS DISPONIBLES) 26 AGOSTO 2024", "timestamp": null, "begin": null, "end": null, "altitudeMode": null, "tessellate": -1, "extrude": 0, "visibility": 0, "drawOrder": null, "icon": null, "Folder": "1N (#9)" }, "geometry": { "type": "Point", "coordinates": [ -106.5118478494242, 31.749645329159051, 0.0 ] } },
{ "type": "Feature", "properties": { "id": null, "Name": "ALD-2I-70/21-1-1", "description": null, "timestamp": null, "begin": null, "end": null, "altitudeMode": null, "tessellate": -1, "extrude": 0, "visibility": 0, "drawOrder": null, "icon": null, "Folder": "2N (#10)" }, "geometry": { "type": "Point", "coordinates": [ -106.509998588888294, 31.74557430493839, 0.0 ] } },
{ "type": "Feature", "properties": { "id": null, "Name": "ALD-2I-70/21-7-11", "description": null, "timestamp": null, "begin": null, "end": null, "altitudeMode": null, "tessellate": -1, "extrude": 0, "visibility": 0, "drawOrder": null, "icon": null, "Folder": "2N (#10)" }, "geometry": { "type": "Point", "coordinates": [ -106.507112020143097, 31.744755327398661, 0.0 ] } },
{ "type": "Feature", "properties": { "id": null, "Name": "ALD-2I-70/21-5-5", "description": null, "timestamp": null, "begin": null, "end": null, "altitudeMode": null, "tessellate": -1, "extrude": 0, "visibility": 0, "drawOrder": null, "icon": null, "Folder": "2N (#10)" }, "geometry": { "type": "Point", "coordinates": [ -106.514961890382494, 31.747169764590701, 0.0 ] } },
{ "type": "Feature", "properties": { "id": null, "Name": "ALD-2I-70/21-6-6", "description": null, "timestamp": null, "begin": null, "end": null, "altitudeMode": null, "tessellate": -1, "extrude": 0, "visibility": 0, "drawOrder": null, "icon": null, "Folder": "2N (#10)" }, "geometry": { "type": "Point", "coordinates": [ -106.513740488482199, 31.748749703138881, 0.0 ] } },
{ "type": "Feature", "properties": { "id": null, "Name": "ALD-2I-70/21-7-7", "description": null, "timestamp": null, "begin": null, "end": null, "altitudeMode": null, "tessellate": -1, "extrude": 0, "visibility": 0, "drawOrder": null, "icon": null, "Folder": "2N (#10)" }, "geometry": { "type": "Point", "coordinates": [ -106.512149879676102, 31.749703562142951, 0.0 ] } },
{ "type": "Feature", "properties": { "id": null, "Name": "ALD-2I-70/21-8-8", "description": null, "timestamp": null, "begin": null, "end": null, "altitudeMode": null, "tessellate": -1, "extrude": 0, "visibility": 0, "drawOrder": null, "icon": null, "Folder": "2N (#10)" }, "geometry": { "type": "Point", "coordinates": [ -106.511954, 31.74965, 0.0 ] } },
{ "type": "Feature", "properties": { "id": null, "Name": "ALD-S-7-11", "description": null, "timestamp": null, "begin": null, "end": null, "altitudeMode": null, "tessellate": 1, "extrude": 0, "visibility": 0, "drawOrder": null, "icon": null, "Folder": "DISTRIBUCION (#11)" }, "geometry": { "type": "LineString", "coordinates": [ [ -106.509244681240702, 31.745355792844052, 0.0 ], [ -106.513808092003501, 31.746718030493309, 0.0 ], [ -106.515077157113296, 31.747100941020442, 0.0 ], [ -106.514882766878301, 31.74762176604894, 0.0 ], [ -106.514579194828698, 31.74834271068206, 0.0 ], [ -106.513893364352199, 31.748175604024741, 0.0 ], [ -106.513688193989594, 31.748754014749021, 0.0 ], [ -106.5129994300205, 31.748557920230422, 0.0 ], [ -106.512723149373798, 31.749288963364531, 0.0 ], [ -106.512544376996999, 31.749812806548459, 0.0 ], [ -106.511894151343796, 31.749634016536209, 0.0 ] ] } },
{ "type": "Feature", "properties": { "id": null, "Name": "ALD-S-7-11/1", "description": null, "timestamp": null, "begin": null, "end": null, "altitudeMode": null, "tessellate": 1, "extrude": 0, "visibility": 0, "drawOrder": null, "icon": null, "Folder": "DISTRIBUCION (#11)" }, "geometry": { "type": "LineString", "coordinates": [ [ -106.509980685636805, 31.745573574404521, 0.0 ], [ -106.507146347681399, 31.744740731149719, 0.0 ] ] } },
{ "type": "Feature", "properties": { "id": null, "Name": "ALD-1D-54/6", "description": null, "timestamp": null, "begin": null, "end": null, "altitudeMode": null, "tessellate": -1, "extrude": 0, "visibility": 0, "drawOrder": null, "icon": null, "Folder": "1N (#10)" }, "geometry": { "type": "Point", "coordinates": [ -106.53333, 31.742658501138621, 0.0 ] } },
{ "type": "Feature", "properties": { "id": null, "Name": "ALD-1D-54/6/9-1-1", "description": null, "timestamp": null, "begin": null, "end": null, "altitudeMode": null, "tessellate": -1, "extrude": 0, "visibility": 0, "drawOrder": null, "icon": null, "Folder": "2N (#11)" }, "geometry": { "type": "Point", "coordinates": [ -106.534877665182904, 31.742911245792708, 0.0 ] } },
{ "type": "Feature", "properties": { "id": null, "Name": "ALD-1D-54/6/9-2-2", "description": null, "timestamp": null, "begin": null, "end": null, "altitudeMode": null, "tessellate": -1, "extrude": 0, "visibility": 0, "drawOrder": null, "icon": null, "Folder": "2N (#11)" }, "geometry": { "type": "Point", "coordinates": [ -106.530830175439405, 31.74181001993497, 0.0 ] } },
{ "type": "Feature", "properties": { "id": null, "Name": "ALD-1D-54/6/9-3-3", "description": null, "timestamp": null, "begin": null, "end": null, "altitudeMode": null, "tessellate": -1, "extrude": 0, "visibility": 0, "drawOrder": null, "icon": null, "Folder": "2N (#11)" }, "geometry": { "type": "Point", "coordinates": [ -106.531777764683497, 31.741205855774041, 0.0 ] } },
{ "type": "Feature", "properties": { "id": null, "Name": "ALD-1D-54/6/9-4-4", "description": null, "timestamp": null, "begin": null, "end": null, "altitudeMode": null, "tessellate": -1, "extrude": 0, "visibility": 0, "drawOrder": null, "icon": null, "Folder": "2N (#11)" }, "geometry": { "type": "Point", "coordinates": [ -106.533526931314299, 31.74241930103857, 0.0 ] } },
{ "type": "Feature", "properties": { "id": null, "Name": "ALD-1D-54/6/9-5-5", "description": null, "timestamp": null, "begin": null, "end": null, "altitudeMode": null, "tessellate": -1, "extrude": 0, "visibility": 0, "drawOrder": null, "icon": null, "Folder": "2N (#11)" }, "geometry": { "type": "Point", "coordinates": [ -106.533424, 31.742523, 0.0 ] } },
{ "type": "Feature", "properties": { "id": null, "Name": "ALD-1D-54/6/9-6-6/2", "description": null, "timestamp": null, "begin": null, "end": null, "altitudeMode": null, "tessellate": -1, "extrude": 0, "visibility": 0, "drawOrder": null, "icon": null, "Folder": "2N (#11)" }, "geometry": { "type": "Point", "coordinates": [ -106.535409815650098, 31.743146201137499, 0.0 ] } },
{ "type": "Feature", "properties": { "id": null, "Name": "ALD-1D-54/6/9-7-7", "description": null, "timestamp": null, "begin": null, "end": null, "altitudeMode": null, "tessellate": -1, "extrude": 0, "visibility": 0, "drawOrder": null, "icon": null, "Folder": "2N (#11)" }, "geometry": { "type": "Point", "coordinates": [ -106.531047037413899, 31.74375728001915, 0.0 ] } },
{ "type": "Feature", "properties": { "id": null, "Name": "ALD-1D-54/6/9-8-1", "description": null, "timestamp": null, "begin": null, "end": null, "altitudeMode": null, "tessellate": -1, "extrude": 0, "visibility": 0, "drawOrder": null, "icon": null, "Folder": "2N (#11)" }, "geometry": { "type": "Point", "coordinates": [ -106.533774250473101, 31.741689953739719, 0.0 ] } },
{ "type": "Feature", "properties": { "id": null, "Name": "ALD-1D-54/6/9-8-8", "description": null, "timestamp": null, "begin": null, "end": null, "altitudeMode": null, "tessellate": -1, "extrude": 0, "visibility": 0, "drawOrder": null, "icon": null, "Folder": "2N (#11)" }, "geometry": { "type": "Point", "coordinates": [ -106.532055802044994, 31.744046338401638, 0.0 ] } },
{ "type": "Feature", "properties": { "id": null, "Name": "ALD-1D-S-9-3/1", "description": null, "timestamp": null, "begin": null, "end": null, "altitudeMode": null, "tessellate": 1, "extrude": 0, "visibility": 0, "drawOrder": null, "icon": null, "Folder": "DISTRIBUCION (#12)" }, "geometry": { "type": "LineString", "coordinates": [ [ -106.5308675060528, 31.741910135062671, 0.0 ], [ -106.530728713084699, 31.742249583428649, 0.0 ], [ -106.531250069897297, 31.74241474804349, 0.0 ], [ -106.530990541918896, 31.743085058318659, 0.0 ], [ -106.530751680905595, 31.743711523248251, 0.0 ], [ -106.531479869827805, 31.743931205075789, 0.0 ], [ -106.531997080064301, 31.744086385340228, 0.0 ] ] } },
{ "type": "Feature", "properties": { "id": null, "Name": "ALD-1D-S-9-3", "description": null, "timestamp": null, "begin": null, "end": null, "altitudeMode": null, "tessellate": 1, "extrude": 0, "visibility": 0, "drawOrder": null, "icon": null, "Folder": "DISTRIBUCION (#12)" }, "geometry": { "type": "LineString", "coordinates": [ [ -106.529766000660203, 31.742813689914399, 0.0 ], [ -106.529889007372205, 31.742489481417429, 0.0 ], [ -106.530059967569102, 31.742080723046811, 0.0 ], [ -106.530727608393093, 31.74225322007203, 0.0 ], [ -106.5312118096696, 31.741058933180089, 0.0 ], [ -106.5317205256476, 31.741199209212219, 0.0 ], [ -106.532281561359895, 31.741246420471299, 0.0 ], [ -106.532710444998202, 31.7413488766292, 0.0 ], [ -106.533270062379302, 31.741522030495691, 0.0 ], [ -106.533807009514405, 31.741672744206351, 0.0 ], [ -106.533526765177101, 31.742331912578599, 0.0 ], [ -106.533363230873306, 31.742585783078191, 0.0 ], [ -106.5333636042172, 31.742582070557091, 0.0 ], [ -106.533509900873099, 31.7423524013027, 0.0 ], [ -106.533916352195803, 31.742501117231221, 0.0 ], [ -106.534400782765601, 31.742688013524099, 0.0 ], [ -106.535416904785393, 31.743150220952248, 0.0 ] ] } },
{ "type": "Feature", "properties": { "id": null, "Name": "ALD-1D-S-9-3/2", "description": null, "timestamp": null, "begin": null, "end": null, "altitudeMode": null, "tessellate": 1, "extrude": 0, "visibility": 0, "drawOrder": null, "icon": null, "Folder": "DISTRIBUCION (#12)" }, "geometry": { "type": "LineString", "coordinates": [ [ -106.533322244506294, 31.742643128416589, 0.0 ], [ -106.533479401121397, 31.742393691688989, 0.0 ], [ -106.533616089584896, 31.742126261155839, 0.0 ], [ -106.533786848173804, 31.741694988729929, 0.0 ] ] } },
{ "type": "Feature", "properties": { "id": null, "Name": "ALD-1D-18/18/17", "description": null, "timestamp": null, "begin": null, "end": null, "altitudeMode": null, "tessellate": -1, "extrude": 0, "visibility": 0, "drawOrder": null, "icon": null, "Folder": "1N (#11)" }, "geometry": { "type": "Point", "coordinates": [ -106.533253138375201, 31.7497906520397, 0.0 ] } },
{ "type": "Feature", "properties": { "id": null, "Name": "ALD-1D-18/18/17-1-1", "description": null, "timestamp": null, "begin": null, "end": null, "altitudeMode": null, "tessellate": -1, "extrude": 0, "visibility": 0, "drawOrder": null, "icon": null, "Folder": "2N (#12)" }, "geometry": { "type": "Point", "coordinates": [ -106.529125, 31.749479, 0.0 ] } },
{ "type": "Feature", "properties": { "id": null, "Name": "ALD-1D-18/18/17-2-2", "description": null, "timestamp": null, "begin": null, "end": null, "altitudeMode": null, "tessellate": -1, "extrude": 0, "visibility": 0, "drawOrder": null, "icon": null, "Folder": "2N (#12)" }, "geometry": { "type": "Point", "coordinates": [ -106.528787, 31.747436, 0.0 ] } },
{ "type": "Feature", "properties": { "id": null, "Name": "ALD-1D-18/18/17-3-3", "description": null, "timestamp": null, "begin": null, "end": null, "altitudeMode": null, "tessellate": -1, "extrude": 0, "visibility": 0, "drawOrder": null, "icon": null, "Folder": "2N (#12)" }, "geometry": { "type": "Point", "coordinates": [ -106.530877, 31.748667, 0.0 ] } },
{ "type": "Feature", "properties": { "id": null, "Name": "ALD-1D-18/18/17-4-4", "description": null, "timestamp": null, "begin": null, "end": null, "altitudeMode": null, "tessellate": -1, "extrude": 0, "visibility": 0, "drawOrder": null, "icon": null, "Folder": "2N (#12)" }, "geometry": { "type": "Point", "coordinates": [ -106.531582, 31.748382, 0.0 ] } },
{ "type": "Feature", "properties": { "id": null, "Name": "ALD-1D-18/18/17-5-5", "description": "CAJA MIGRADA", "timestamp": null, "begin": null, "end": null, "altitudeMode": null, "tessellate": -1, "extrude": 0, "visibility": 0, "drawOrder": null, "icon": null, "Folder": "2N (#12)" }, "geometry": { "type": "Point", "coordinates": [ -106.533338984538005, 31.7488794120822, 0.0 ] } },
{ "type": "Feature", "properties": { "id": null, "Name": "ALD-1D-18/18/17-6-6", "description": null, "timestamp": null, "begin": null, "end": null, "altitudeMode": null, "tessellate": -1, "extrude": 0, "visibility": 0, "drawOrder": null, "icon": null, "Folder": "2N (#12)" }, "geometry": { "type": "Point", "coordinates": [ -106.534373428790005, 31.749225790138901, 0.0 ] } },
{ "type": "Feature", "properties": { "id": null, "Name": "ALD-1D-18/18/17-7-7", "description": null, "timestamp": null, "begin": null, "end": null, "altitudeMode": null, "tessellate": -1, "extrude": 0, "visibility": 0, "drawOrder": null, "icon": null, "Folder": "2N (#12)" }, "geometry": { "type": "Point", "coordinates": [ -106.533277, 31.749812, 0.0 ] } },
{ "type": "Feature", "properties": { "id": null, "Name": "ALD-1D-18/18/17-8-8", "description": null, "timestamp": null, "begin": null, "end": null, "altitudeMode": null, "tessellate": -1, "extrude": 0, "visibility": 0, "drawOrder": null, "icon": null, "Folder": "2N (#12)" }, "geometry": { "type": "Point", "coordinates": [ -106.534258566896, 31.74917433628374, 0.0 ] } },
{ "type": "Feature", "properties": { "id": null, "Name": "ALD-1D-S-9-5,6", "description": null, "timestamp": null, "begin": null, "end": null, "altitudeMode": null, "tessellate": 1, "extrude": 0, "visibility": 0, "drawOrder": null, "icon": null, "Folder": "DISTRIBUCION (#13)" }, "geometry": { "type": "LineString", "coordinates": [ [ -106.523900776417605, 31.75024855530063, 0.0 ], [ -106.524093958575904, 31.749740061870401, 0.0 ], [ -106.524233720768393, 31.74940533223943, 0.0 ], [ -106.524315733232996, 31.749184581177481, 0.0 ], [ -106.524385402071005, 31.74899921699129, 0.0 ], [ -106.524604985722604, 31.748455668914591, 0.0 ], [ -106.524741879041699, 31.748137791152931, 0.0 ], [ -106.524907411363699, 31.74771400740525, 0.0 ], [ -106.525128761653605, 31.747180080952411, 0.0 ], [ -106.525683877828101, 31.747328386226211, 0.0 ], [ -106.526442035426697, 31.74755780491855, 0.0 ], [ -106.526227115778795, 31.748101382796591, 0.0 ], [ -106.526075492203205, 31.748473114991761, 0.0 ], [ -106.525920754770098, 31.74884677657834, 0.0 ], [ -106.5264445548287, 31.748999732184441, 0.0 ], [ -106.526595516537796, 31.748646058304729, 0.0 ], [ -106.526744677726498, 31.748255783840548, 0.0 ], [ -106.5273751824909, 31.74855434473055, 0.0 ], [ -106.527547818316293, 31.748504453288671, 0.0 ], [ -106.528040817897306, 31.74866400432072, 0.0 ], [ -106.528261202369293, 31.748167932818159, 0.0 ], [ -106.528283002390495, 31.748126413617712, 0.0 ], [ -106.528636250850397, 31.748190220006421, 0.0 ], [ -106.528987648473105, 31.748258293229561, 0.0 ], [ -106.529420939697005, 31.74833696152988, 0.0 ], [ -106.529579484778793, 31.748364823929919, 0.0 ], [ -106.529379944506999, 31.748754384860561, 0.0 ], [ -106.529222197204405, 31.749167156474151, 0.0 ], [ -106.529061896192104, 31.74950709923311, 0.0 ], [ -106.529350076474699, 31.749646064828841, 0.0 ], [ -106.529714581588706, 31.749800894753331, 0.0 ], [ -106.530224771226997, 31.750015923429771, 0.0 ], [ -106.530401904900998, 31.749643225976541, 0.0 ], [ -106.5306188183675, 31.749141557513791, 0.0 ], [ -106.530835408458302, 31.748697649887049, 0.0 ], [ -106.531078731198505, 31.74813594448657, 0.0 ], [ -106.531703049642601, 31.748330322529259, 0.0 ], [ -106.531799394529102, 31.74837094501045, 0.0 ], [ -106.531926680828207, 31.748412003980249, 0.0 ], [ -106.532374155312795, 31.748559979657191, 0.0 ], [ -106.532964078931798, 31.748760923968771, 0.0 ], [ -106.533729995816103, 31.749010896116381, 0.0 ], [ -106.534376037943005, 31.749214380271429, 0.0 ], [ -106.534192011814497, 31.749597681013721, 0.0 ], [ -106.533934344677704, 31.74974369638219, 0.0 ], [ -106.533770430935903, 31.750045348014261, 0.0 ], [ -106.533681202460002, 31.749991179289161, 0.0 ], [ -106.533272629487001, 31.749811574166721, 0.0 ] ] } },
{ "type": "Feature", "properties": { "id": null, "Name": "ALD-3-9/9/9", "description": null, "timestamp": null, "begin": null, "end": null, "altitudeMode": null, "tessellate": -1, "extrude": 0, "visibility": 0, "drawOrder": null, "icon": null, "Folder": "1N (#12)" }, "geometry": { "type": "Point", "coordinates": [ -106.535631903477096, 31.76407373451341, 0.0 ] } },
{ "type": "Feature", "properties": { "id": null, "Name": "ALD-3-9/9/9-1-1", "description": null, "timestamp": null, "begin": null, "end": null, "altitudeMode": null, "tessellate": -1, "extrude": 0, "visibility": 0, "drawOrder": null, "icon": null, "Folder": "2N (#13)" }, "geometry": { "type": "Point", "coordinates": [ -106.531913, 31.760672, 0.0 ] } },
{ "type": "Feature", "properties": { "id": null, "Name": "ALD-3-9/9/9-2-2", "description": null, "timestamp": null, "begin": null, "end": null, "altitudeMode": null, "tessellate": -1, "extrude": 0, "visibility": 0, "drawOrder": null, "icon": null, "Folder": "2N (#13)" }, "geometry": { "type": "Point", "coordinates": [ -106.533434, 31.760916, 0.0 ] } },
{ "type": "Feature", "properties": { "id": null, "Name": "ALD-3-9/9/9-3-3", "description": null, "timestamp": null, "begin": null, "end": null, "altitudeMode": null, "tessellate": -1, "extrude": 0, "visibility": 0, "drawOrder": null, "icon": null, "Folder": "2N (#13)" }, "geometry": { "type": "Point", "coordinates": [ -106.534962, 31.761669, 0.0 ] } },
{ "type": "Feature", "properties": { "id": null, "Name": "ALD-3-9/9/9-4-4", "description": null, "timestamp": null, "begin": null, "end": null, "altitudeMode": null, "tessellate": -1, "extrude": 0, "visibility": 0, "drawOrder": null, "icon": null, "Folder": "2N (#13)" }, "geometry": { "type": "Point", "coordinates": [ -106.534396, 31.762973, 0.0 ] } },
{ "type": "Feature", "properties": { "id": null, "Name": "ALD-3-9/9/9-5-5", "description": null, "timestamp": null, "begin": null, "end": null, "altitudeMode": null, "tessellate": -1, "extrude": 0, "visibility": 0, "drawOrder": null, "icon": null, "Folder": "2N (#13)" }, "geometry": { "type": "Point", "coordinates": [ -106.535349, 31.763356, 0.0 ] } },
{ "type": "Feature", "properties": { "id": null, "Name": "ALD-3-9/9/9-6-6", "description": null, "timestamp": null, "begin": null, "end": null, "altitudeMode": null, "tessellate": -1, "extrude": 0, "visibility": 0, "drawOrder": null, "icon": null, "Folder": "2N (#13)" }, "geometry": { "type": "Point", "coordinates": [ -106.534157, 31.763988, 0.0 ] } },
{ "type": "Feature", "properties": { "id": null, "Name": "ALD-3-9/9/9-7-7", "description": null, "timestamp": null, "begin": null, "end": null, "altitudeMode": null, "tessellate": -1, "extrude": 0, "visibility": 0, "drawOrder": null, "icon": null, "Folder": "2N (#13)" }, "geometry": { "type": "Point", "coordinates": [ -106.535702, 31.764008, 0.0 ] } },
{ "type": "Feature", "properties": { "id": null, "Name": "ALD-3-9/9/9-8-8", "description": null, "timestamp": null, "begin": null, "end": null, "altitudeMode": null, "tessellate": -1, "extrude": 0, "visibility": 0, "drawOrder": null, "icon": null, "Folder": "2N (#13)" }, "geometry": { "type": "Point", "coordinates": [ -106.532185349476194, 31.760392382084529, 0.0 ] } },
{ "type": "Feature", "properties": { "id": null, "Name": "ALD-3-S-11-7", "description": null, "timestamp": null, "begin": null, "end": null, "altitudeMode": null, "tessellate": 1, "extrude": 0, "visibility": 0, "drawOrder": null, "icon": null, "Folder": "DISTRIBUCION (#14)" }, "geometry": { "type": "LineString", "coordinates": [ [ -106.531521416269499, 31.76110436001354, 0.0 ], [ -106.531670758733895, 31.761161350330561, 0.0 ], [ -106.531712508258096, 31.76105812665266, 0.0 ], [ -106.5319118640694, 31.760698125226689, 0.0 ], [ -106.532108122255096, 31.760309319153649, 0.0 ], [ -106.532559692390507, 31.760449392342839, 0.0 ], [ -106.532952863136103, 31.760713788589801, 0.0 ], [ -106.533470349592704, 31.760928281025532, 0.0 ], [ -106.533882039746402, 31.761104061485831, 0.0 ], [ -106.534989291931197, 31.761626358492322, 0.0 ], [ -106.534638382390696, 31.761991720483309, 0.0 ], [ -106.534331758958402, 31.762358878906941, 0.0 ], [ -106.534224838901494, 31.762607393953282, 0.0 ], [ -106.534407980203497, 31.763004820457301, 0.0 ], [ -106.534523336577706, 31.763275902352301, 0.0 ], [ -106.534761476794003, 31.76323302098573, 0.0 ], [ -106.535022255271599, 31.763140261590721, 0.0 ], [ -106.535388051269294, 31.76337332269755, 0.0 ], [ -106.535575213546494, 31.76320021847463, 0.0 ], [ -106.535787493595805, 31.762967145448421, 0.0 ], [ -106.535956121389006, 31.76279176342323, 0.0 ], [ -106.536217179367895, 31.762522821149449, 0.0 ], [ -106.536544676660199, 31.762141324066722, 0.0 ] ] } },
{ "type": "Feature", "properties": { "id": null, "Name": "ALD-3-S-11-7/1", "description": null, "timestamp": null, "begin": null, "end": null, "altitudeMode": null, "tessellate": 1, "extrude": 0, "visibility": 0, "drawOrder": null, "icon": null, "Folder": "DISTRIBUCION (#14)" }, "geometry": { "type": "LineString", "coordinates": [ [ -106.535391111478106, 31.763372664489609, 0.0 ], [ -106.5355963642278, 31.763511315399491, 0.0 ], [ -106.536020652427993, 31.763798814547719, 0.0 ], [ -106.535627123056102, 31.76407032326879, 0.0 ] ] } },
{ "type": "Feature", "properties": { "id": null, "Name": "ALD-3-10/10/9", "description": null, "timestamp": null, "begin": null, "end": null, "altitudeMode": null, "tessellate": -1, "extrude": 0, "visibility": 0, "drawOrder": null, "icon": null, "Folder": "1N (#13)" }, "geometry": { "type": "Point", "coordinates": [ -106.532495639546198, 31.759622987529632, 0.0 ] } },
{ "type": "Feature", "properties": { "id": null, "Name": "ALD-3-10/10/9-1-1", "description": null, "timestamp": null, "begin": null, "end": null, "altitudeMode": null, "tessellate": -1, "extrude": 0, "visibility": 0, "drawOrder": null, "icon": null, "Folder": "2N (#14)" }, "geometry": { "type": "Point", "coordinates": [ -106.528071, 31.759071623930161, 0.0 ] } },
{ "type": "Feature", "properties": { "id": null, "Name": "ALD-3-10/10/9-2-2", "description": null, "timestamp": null, "begin": null, "end": null, "altitudeMode": null, "tessellate": -1, "extrude": 0, "visibility": 0, "drawOrder": null, "icon": null, "Folder": "2N (#14)" }, "geometry": { "type": "Point", "coordinates": [ -106.528715, 31.758853, 0.0 ] } },
{ "type": "Feature", "properties": { "id": null, "Name": "ALD-3-10/10/9-3-3", "description": null, "timestamp": null, "begin": null, "end": null, "altitudeMode": null, "tessellate": -1, "extrude": 0, "visibility": 0, "drawOrder": null, "icon": null, "Folder": "2N (#14)" }, "geometry": { "type": "Point", "coordinates": [ -106.529824, 31.759195, 0.0 ] } },
{ "type": "Feature", "properties": { "id": null, "Name": "ALD-3-10/10/9-4-4", "description": null, "timestamp": null, "begin": null, "end": null, "altitudeMode": null, "tessellate": -1, "extrude": 0, "visibility": 0, "drawOrder": null, "icon": null, "Folder": "2N (#14)" }, "geometry": { "type": "Point", "coordinates": [ -106.531153403618902, 31.758675076483851, 0.0 ] } },
{ "type": "Feature", "properties": { "id": null, "Name": "ALD-3-10/10/9-5-5", "description": "CAJA MIGRADA", "timestamp": null, "begin": null, "end": null, "altitudeMode": null, "tessellate": -1, "extrude": 0, "visibility": 0, "drawOrder": null, "icon": null, "Folder": "2N (#14)" }, "geometry": { "type": "Point", "coordinates": [ -106.532504440282494, 31.75840211613481, 0.0 ] } },
{ "type": "Feature", "properties": { "id": null, "Name": "ALD-3-10/10/9-6-6", "description": null, "timestamp": null, "begin": null, "end": null, "altitudeMode": null, "tessellate": -1, "extrude": 0, "visibility": 0, "drawOrder": null, "icon": null, "Folder": "2N (#14)" }, "geometry": { "type": "Point", "coordinates": [ -106.533902, 31.758593753238941, 0.0 ] } },
{ "type": "Feature", "properties": { "id": null, "Name": "ALD-3-10/10/9-7-7", "description": null, "timestamp": null, "begin": null, "end": null, "altitudeMode": null, "tessellate": -1, "extrude": 0, "visibility": 0, "drawOrder": null, "icon": null, "Folder": "2N (#14)" }, "geometry": { "type": "Point", "coordinates": [ -106.533882799355993, 31.759441791039741, 0.0 ] } },
{ "type": "Feature", "properties": { "id": null, "Name": "ALD-3-10/10/9-8-8", "description": "CAJA MIGRADA DEL ORIGINAL", "timestamp": null, "begin": null, "end": null, "altitudeMode": null, "tessellate": -1, "extrude": 0, "visibility": 0, "drawOrder": null, "icon": null, "Folder": "2N (#14)" }, "geometry": { "type": "Point", "coordinates": [ -106.532423653210699, 31.759659878219459, 0.0 ] } },
{ "type": "Feature", "properties": { "id": null, "Name": "ALD-3-10/10/9-?-? 1:16", "description": "<b>REFORZADA 11 ENERO 2025</b><br>\nCAJA PERTENECE A ESTE BRAZO, VALIDAR SI EL PUERTO ESTA BIEN DOCUMENTADO O LA UBICACION DEL BRAZO, 13 ENERO 2025", "timestamp": null, "begin": null, "end": null, "altitudeMode": null, "tessellate": -1, "extrude": 0, "visibility": 0, "drawOrder": null, "icon": null, "Folder": "2N (#14)" }, "geometry": { "type": "Point", "coordinates": [ -106.532889213857501, 31.76066565672372, 0.0 ] } },
{ "type": "Feature", "properties": { "id": null, "Name": "ALD-3-S-11-6", "description": null, "timestamp": null, "begin": null, "end": null, "altitudeMode": null, "tessellate": 1, "extrude": 0, "visibility": 0, "drawOrder": null, "icon": null, "Folder": "DISTRIBUCION (#15)" }, "geometry": { "type": "LineString", "coordinates": [ [ -106.526285354988403, 31.759670878516921, 0.0 ], [ -106.526478733014798, 31.759543837066381, 0.0 ], [ -106.526816705500906, 31.759335547435491, 0.0 ], [ -106.527336661455905, 31.758981263548581, 0.0 ], [ -106.527856166025401, 31.759181516999149, 0.0 ], [ -106.528301493256606, 31.759020262909651, 0.0 ], [ -106.528789231717795, 31.75884504254299, 0.0 ], [ -106.528841208674095, 31.758993783055178, 0.0 ], [ -106.529411159839299, 31.759049140029571, 0.0 ], [ -106.529907876149295, 31.759236102524799, 0.0 ], [ -106.530144256405407, 31.759056249275609, 0.0 ], [ -106.530488547247501, 31.758922505749521, 0.0 ], [ -106.530964187748197, 31.75880396694123, 0.0 ], [ -106.531321430556005, 31.758682172340261, 0.0 ], [ -106.531671332695794, 31.758570092335439, 0.0 ], [ -106.532264447248295, 31.758439358907641, 0.0 ], [ -106.532626836792403, 31.758385168983729, 0.0 ], [ -106.532921920030105, 31.758364285988439, 0.0 ], [ -106.533429796827704, 31.75837600768752, 0.0 ], [ -106.533915174902106, 31.758418521370569, 0.0 ], [ -106.533915592200401, 31.75878513221901, 0.0 ], [ -106.533934948536995, 31.759295779276041, 0.0 ], [ -106.533947682694205, 31.759553191802961, 0.0 ], [ -106.5333068919347, 31.75963644556797, 0.0 ], [ -106.532562706168207, 31.75960987898145, 0.0 ] ] } },
{ "type": "Feature", "properties": { "id": null, "Name": "ALD-3-34/10/9", "description": null, "timestamp": null, "begin": null, "end": null, "altitudeMode": null, "tessellate": -1, "extrude": 0, "visibility": 0, "drawOrder": null, "icon": null, "Folder": "1N (#14)" }, "geometry": { "type": "Point", "coordinates": [ -106.573250178632307, 31.77785795822707, 0.0 ] } },
{ "type": "Feature", "properties": { "id": null, "Name": "ALD-3-34/10/9-1-1", "description": null, "timestamp": null, "begin": null, "end": null, "altitudeMode": null, "tessellate": -1, "extrude": 0, "visibility": 0, "drawOrder": null, "icon": null, "Folder": "2N (#15)" }, "geometry": { "type": "Point", "coordinates": [ -106.57051, 31.780326, 0.0 ] } },
{ "type": "Feature", "properties": { "id": null, "Name": "ALD-3-34/10/9-2-2", "description": null, "timestamp": null, "begin": null, "end": null, "altitudeMode": null, "tessellate": -1, "extrude": 0, "visibility": 0, "drawOrder": null, "icon": null, "Folder": "2N (#15)" }, "geometry": { "type": "Point", "coordinates": [ -106.572865, 31.779024, 0.0 ] } },
{ "type": "Feature", "properties": { "id": null, "Name": "ALD-3-34/10/9-3-3 1:8  3 PUERTOS LIBRES 31/OCT/2022", "description": null, "timestamp": null, "begin": null, "end": null, "altitudeMode": null, "tessellate": -1, "extrude": 0, "visibility": 0, "drawOrder": null, "icon": null, "Folder": "2N (#15)" }, "geometry": { "type": "Point", "coordinates": [ -106.569737566204296, 31.775286031717052, 0.0 ] } },
{ "type": "Feature", "properties": { "id": null, "Name": "ALD-3-34/10/9-5-5", "description": null, "timestamp": null, "begin": null, "end": null, "altitudeMode": null, "tessellate": -1, "extrude": 0, "visibility": 0, "drawOrder": null, "icon": null, "Folder": "2N (#15)" }, "geometry": { "type": "Point", "coordinates": [ -106.571587837988304, 31.775420205091681, 0.0 ] } },
{ "type": "Feature", "properties": { "id": null, "Name": "ALD-3-34/10/9-4-4", "description": null, "timestamp": null, "begin": null, "end": null, "altitudeMode": null, "tessellate": -1, "extrude": 0, "visibility": 0, "drawOrder": null, "icon": null, "Folder": "2N (#15)" }, "geometry": { "type": "Point", "coordinates": [ -106.569149, 31.773861, 0.0 ] } },
{ "type": "Feature", "properties": { "id": null, "Name": "ALD-3-34/10/9-6-6", "description": null, "timestamp": null, "begin": null, "end": null, "altitudeMode": null, "tessellate": -1, "extrude": 0, "visibility": 0, "drawOrder": null, "icon": null, "Folder": "2N (#15)" }, "geometry": { "type": "Point", "coordinates": [ -106.571916, 31.775701, 0.0 ] } },
{ "type": "Feature", "properties": { "id": null, "Name": "ALD-3-34/10/9-7-7", "description": null, "timestamp": null, "begin": null, "end": null, "altitudeMode": null, "tessellate": -1, "extrude": 0, "visibility": 0, "drawOrder": null, "icon": null, "Folder": "2N (#15)" }, "geometry": { "type": "Point", "coordinates": [ -106.570158, 31.777439, 0.0 ] } },
{ "type": "Feature", "properties": { "id": null, "Name": "ALD-3-34/10/9-8-8", "description": null, "timestamp": null, "begin": null, "end": null, "altitudeMode": null, "tessellate": -1, "extrude": 0, "visibility": 0, "drawOrder": null, "icon": null, "Folder": "2N (#15)" }, "geometry": { "type": "Point", "coordinates": [ -106.572729, 31.778945, 0.0 ] } },
{ "type": "Feature", "properties": { "id": null, "Name": "ALD-3-S-12-9/1", "description": null, "timestamp": null, "begin": null, "end": null, "altitudeMode": null, "tessellate": 1, "extrude": 0, "visibility": 0, "drawOrder": null, "icon": null, "Folder": "DISTRIBUCION (#16)" }, "geometry": { "type": "LineString", "coordinates": [ [ -106.569017946287204, 31.77614971057465, 0.0 ], [ -106.5686559538441, 31.7766518770303, 0.0 ], [ -106.572785183322495, 31.778907491918801, 0.0 ] ] } },
{ "type": "Feature", "properties": { "id": null, "Name": "ALD-3-S-12-9", "description": null, "timestamp": null, "begin": null, "end": null, "altitudeMode": null, "tessellate": 1, "extrude": 0, "visibility": 0, "drawOrder": null, "icon": null, "Folder": "DISTRIBUCION (#16)" }, "geometry": { "type": "LineString", "coordinates": [ [ -106.567024159094501, 31.775078522245451, 0.0 ], [ -106.568989905401196, 31.776156844384278, 0.0 ], [ -106.570263311071997, 31.774561212436438, 0.0 ], [ -106.571999719956196, 31.775678082873121, 0.0 ], [ -106.571278872768303, 31.7766415020475, 0.0 ], [ -106.573259888386801, 31.777860436838822, 0.0 ] ] } },
{ "type": "Feature", "properties": { "id": null, "Name": "ALD-3-11/11/9", "description": null, "timestamp": null, "begin": null, "end": null, "altitudeMode": null, "tessellate": -1, "extrude": 0, "visibility": 0, "drawOrder": null, "icon": null, "Folder": "1N (#15)" }, "geometry": { "type": "Point", "coordinates": [ -106.523876254658106, 31.77481939816461, 0.0 ] } },
{ "type": "Feature", "properties": { "id": null, "Name": "ALD-3-11/11/9-1-1", "description": null, "timestamp": null, "begin": null, "end": null, "altitudeMode": null, "tessellate": -1, "extrude": 0, "visibility": 0, "drawOrder": null, "icon": null, "Folder": "2N (#16)" }, "geometry": { "type": "Point", "coordinates": [ -106.529056469922807, 31.773414096908031, 0.0 ] } },
{ "type": "Feature", "properties": { "id": null, "Name": "ALD-3-11/11/9-2-2", "description": null, "timestamp": null, "begin": null, "end": null, "altitudeMode": null, "tessellate": -1, "extrude": 0, "visibility": 0, "drawOrder": null, "icon": null, "Folder": "2N (#16)" }, "geometry": { "type": "Point", "coordinates": [ -106.527258944158405, 31.772714510528051, 0.0 ] } },
{ "type": "Feature", "properties": { "id": null, "Name": "ALD-3-11/11/9-3-3", "description": "<b>REFORZADA 21 MAYO 2025</b>", "timestamp": null, "begin": null, "end": null, "altitudeMode": null, "tessellate": -1, "extrude": 0, "visibility": 0, "drawOrder": null, "icon": null, "Folder": "2N (#16)" }, "geometry": { "type": "Point", "coordinates": [ -106.525732, 31.773548, 0.0 ] } },
{ "type": "Feature", "properties": { "id": null, "Name": "ALD-3-11/11/9-4-4", "description": "<b>REFORZADA 08 ABRIL 2025</b>", "timestamp": null, "begin": null, "end": null, "altitudeMode": null, "tessellate": -1, "extrude": 0, "visibility": 0, "drawOrder": null, "icon": null, "Folder": "2N (#16)" }, "geometry": { "type": "Point", "coordinates": [ -106.524591618029902, 31.772700599543171, 0.0 ] } },
{ "type": "Feature", "properties": { "id": null, "Name": "ALD-3-11/11/9-5-5", "description": null, "timestamp": null, "begin": null, "end": null, "altitudeMode": null, "tessellate": -1, "extrude": 0, "visibility": 0, "drawOrder": null, "icon": null, "Folder": "2N (#16)" }, "geometry": { "type": "Point", "coordinates": [ -106.523716937005503, 31.77363654508644, 0.0 ] } },
{ "type": "Feature", "properties": { "id": null, "Name": "ALD-3-11/11/9-6-6/1", "description": null, "timestamp": null, "begin": null, "end": null, "altitudeMode": null, "tessellate": -1, "extrude": 0, "visibility": 0, "drawOrder": null, "icon": null, "Folder": "2N (#16)" }, "geometry": { "type": "Point", "coordinates": [ -106.523815812210501, 31.774493279674079, 0.0 ] } },
{ "type": "Feature", "properties": { "id": null, "Name": "ALD-3-11/11/9-7-7/1", "description": null, "timestamp": null, "begin": null, "end": null, "altitudeMode": null, "tessellate": -1, "extrude": 0, "visibility": 0, "drawOrder": null, "icon": null, "Folder": "2N (#16)" }, "geometry": { "type": "Point", "coordinates": [ -106.524549819251604, 31.772105398469829, 0.0 ] } },
{ "type": "Feature", "properties": { "id": null, "Name": "ALD-3-11/11/9-4-4", "description": null, "timestamp": null, "begin": null, "end": null, "altitudeMode": null, "tessellate": -1, "extrude": 0, "visibility": 0, "drawOrder": null, "icon": null, "Folder": "2N (#16)" }, "geometry": { "type": "Point", "coordinates": [ -106.524591, 31.772718, 0.0 ] } },
{ "type": "Feature", "properties": { "id": null, "Name": "ALD-3-11/11/9-8-8", "description": null, "timestamp": null, "begin": null, "end": null, "altitudeMode": null, "tessellate": -1, "extrude": 0, "visibility": 0, "drawOrder": null, "icon": null, "Folder": "2N (#16)" }, "geometry": { "type": "Point", "coordinates": [ -106.525957471548594, 31.770692673322561, 0.0 ] } },
{ "type": "Feature", "properties": { "id": null, "Name": "ALD-3-S-11-1/1", "description": null, "timestamp": null, "begin": null, "end": null, "altitudeMode": null, "tessellate": 1, "extrude": 0, "visibility": 0, "drawOrder": null, "icon": null, "Folder": "DISTRIBUCION (#17)" }, "geometry": { "type": "LineString", "coordinates": [ [ -106.524556865533697, 31.77213266692738, 0.0 ], [ -106.524685658802099, 31.772116242930309, 0.0 ], [ -106.524621852266804, 31.771825697164459, 0.0 ], [ -106.524587540411602, 31.77134085711527, 0.0 ], [ -106.524608303953002, 31.77110979300101, 0.0 ], [ -106.524689415962897, 31.770655114651689, 0.0 ], [ -106.525120970445499, 31.77069349779374, 0.0 ], [ -106.525827919537704, 31.7706786223157, 0.0 ], [ -106.526106402617003, 31.77066083274557, 0.0 ] ] } },
{ "type": "Feature", "properties": { "id": null, "Name": "ALD-3-S-11-1", "description": null, "timestamp": null, "begin": null, "end": null, "altitudeMode": null, "tessellate": 1, "extrude": 0, "visibility": 0, "drawOrder": null, "icon": null, "Folder": "DISTRIBUCION (#17)" }, "geometry": { "type": "LineString", "coordinates": [ [ -106.529404978110605, 31.773558100557469, 0.0 ], [ -106.529095326453501, 31.77341713819353, 0.0 ], [ -106.528948905808804, 31.773378126411131, 0.0 ], [ -106.528454553748603, 31.773190579782661, 0.0 ], [ -106.528154881832407, 31.773081549139182, 0.0 ], [ -106.527737475497901, 31.772907220091259, 0.0 ], [ -106.527224041856698, 31.77269468889353, 0.0 ], [ -106.526830556300595, 31.772541561559869, 0.0 ], [ -106.526710458462702, 31.772742887968821, 0.0 ], [ -106.526515619557799, 31.773112715183739, 0.0 ], [ -106.526580222035506, 31.773131460693939, 0.0 ], [ -106.526393973938298, 31.77348892641178, 0.0 ], [ -106.525889534331, 31.773529044194309, 0.0 ], [ -106.525214150020702, 31.773593599575211, 0.0 ], [ -106.524629359359196, 31.773630194278809, 0.0 ], [ -106.524630688764404, 31.773214381423841, 0.0 ], [ -106.524610611470294, 31.772761063959411, 0.0 ], [ -106.524558104129994, 31.772132988386911, 0.0 ], [ -106.5240632997196, 31.772140958778039, 0.0 ], [ -106.523698773971603, 31.77214535459148, 0.0 ], [ -106.523652581118697, 31.77213774848083, 0.0 ], [ -106.523712243011303, 31.77308586035652, 0.0 ], [ -106.5237708841169, 31.773992044840071, 0.0 ], [ -106.523806574742096, 31.774406276541701, 0.0 ], [ -106.523874572470405, 31.774809542717431, 0.0 ] ] } },
{ "type": "Feature", "properties": { "id": null, "Name": "ALD-1D-51/3", "description": null, "timestamp": null, "begin": null, "end": null, "altitudeMode": null, "tessellate": -1, "extrude": 0, "visibility": 0, "drawOrder": null, "icon": null, "Folder": "1N (#16)" }, "geometry": { "type": "Point", "coordinates": [ -106.519160150590295, 31.76336979597313, 0.0 ] } },
{ "type": "Feature", "properties": { "id": null, "Name": "ALD-1D-51/3-1-1", "description": null, "timestamp": null, "begin": null, "end": null, "altitudeMode": null, "tessellate": -1, "extrude": 0, "visibility": 0, "drawOrder": null, "icon": null, "Folder": "2N (#17)" }, "geometry": { "type": "Point", "coordinates": [ -106.519828, 31.764178, 0.0 ] } },
{ "type": "Feature", "properties": { "id": null, "Name": "ALD-1D-51/3-2-2", "description": null, "timestamp": null, "begin": null, "end": null, "altitudeMode": null, "tessellate": -1, "extrude": 0, "visibility": 0, "drawOrder": null, "icon": null, "Folder": "2N (#17)" }, "geometry": { "type": "Point", "coordinates": [ -106.520355732867301, 31.764779365187039, 0.0 ] } },
{ "type": "Feature", "properties": { "id": null, "Name": "ALD-1D-51/3-3-3", "description": null, "timestamp": null, "begin": null, "end": null, "altitudeMode": null, "tessellate": -1, "extrude": 0, "visibility": 0, "drawOrder": null, "icon": null, "Folder": "2N (#17)" }, "geometry": { "type": "Point", "coordinates": [ -106.521473, 31.766029, 0.0 ] } },
{ "type": "Feature", "properties": { "id": null, "Name": "ALD-1D-51/3-4-4", "description": null, "timestamp": null, "begin": null, "end": null, "altitudeMode": null, "tessellate": -1, "extrude": 0, "visibility": 0, "drawOrder": null, "icon": null, "Folder": "2N (#17)" }, "geometry": { "type": "Point", "coordinates": [ -106.521847, 31.76669082142481, 0.0 ] } },
{ "type": "Feature", "properties": { "id": null, "Name": "ALD-1D-51/3-5-5", "description": null, "timestamp": null, "begin": null, "end": null, "altitudeMode": null, "tessellate": -1, "extrude": 0, "visibility": 0, "drawOrder": null, "icon": null, "Folder": "2N (#17)" }, "geometry": { "type": "Point", "coordinates": [ -106.517636, 31.762997294847828, 0.0 ] } },
{ "type": "Feature", "properties": { "id": null, "Name": "ALD-1D-51/3-6-6", "description": null, "timestamp": null, "begin": null, "end": null, "altitudeMode": null, "tessellate": -1, "extrude": 0, "visibility": 0, "drawOrder": null, "icon": null, "Folder": "2N (#17)" }, "geometry": { "type": "Point", "coordinates": [ -106.521135741405899, 31.759185314430809, 0.0 ] } },
{ "type": "Feature", "properties": { "id": null, "Name": "ALD-1D-51/3-8-8/1", "description": null, "timestamp": null, "begin": null, "end": null, "altitudeMode": null, "tessellate": -1, "extrude": 0, "visibility": 0, "drawOrder": null, "icon": null, "Folder": "2N (#17)" }, "geometry": { "type": "Point", "coordinates": [ -106.516763218428196, 31.761981222344129, 0.0 ] } },
{ "type": "Feature", "properties": { "id": null, "Name": "ALD-1D-51/3-7-7", "description": null, "timestamp": null, "begin": null, "end": null, "altitudeMode": null, "tessellate": -1, "extrude": 0, "visibility": 0, "drawOrder": null, "icon": null, "Folder": "2N (#17)" }, "geometry": { "type": "Point", "coordinates": [ -106.519603, 31.761976, 0.0 ] } },
{ "type": "Feature", "properties": { "id": null, "Name": "ALD-1D-S-9-14/1", "description": null, "timestamp": null, "begin": null, "end": null, "altitudeMode": null, "tessellate": 1, "extrude": 0, "visibility": 0, "drawOrder": null, "icon": null, "Folder": "DISTRIBUCION (#18)" }, "geometry": { "type": "LineString", "coordinates": [ [ -106.519481104943097, 31.763771390896292, 0.0 ], [ -106.519085680680902, 31.76327254881037, 0.0 ], [ -106.518747126899797, 31.763528421762171, 0.0 ], [ -106.518379524368697, 31.763807251466829, 0.0 ], [ -106.517965515512898, 31.763355503285101, 0.0 ], [ -106.517641744463802, 31.76296005092258, 0.0 ], [ -106.517445157338301, 31.7627258365799, 0.0 ], [ -106.5176420402139, 31.762402839430809, 0.0 ], [ -106.517861713028097, 31.762090215351101, 0.0 ], [ -106.518159668961701, 31.761626158951419, 0.0 ], [ -106.518529227023507, 31.76115296652365, 0.0 ], [ -106.519702562165605, 31.762105101372399, 0.0 ], [ -106.520705690024798, 31.761465113591111, 0.0 ], [ -106.521124430278803, 31.76107668696195, 0.0 ], [ -106.520464549086, 31.760386186396499, 0.0 ], [ -106.5200937821824, 31.760094747891589, 0.0 ], [ -106.520424320666507, 31.759820084982451, 0.0 ] ] } },
{ "type": "Feature", "properties": { "id": null, "Name": "ALD-1D-S-9-14", "description": null, "timestamp": null, "begin": null, "end": null, "altitudeMode": null, "tessellate": 1, "extrude": 0, "visibility": 0, "drawOrder": null, "icon": null, "Folder": "DISTRIBUCION (#18)" }, "geometry": { "type": "LineString", "coordinates": [ [ -106.519082481384601, 31.763266738704349, 0.0 ], [ -106.519479348412901, 31.763769674392229, 0.0 ], [ -106.519830504437707, 31.764167098987759, 0.0 ], [ -106.520050319307202, 31.764424454003109, 0.0 ], [ -106.520328378170205, 31.764719690214239, 0.0 ], [ -106.5206267580798, 31.76508887813295, 0.0 ], [ -106.520869747520706, 31.765371163128719, 0.0 ], [ -106.521110979552304, 31.76564955076114, 0.0 ], [ -106.521449056219893, 31.766010293050918, 0.0 ], [ -106.521703449602498, 31.76628220531051, 0.0 ], [ -106.5219773762458, 31.766538854835929, 0.0 ] ] } },
{ "type": "Feature", "properties": { "id": null, "Name": "Ruta sin título", "description": null, "timestamp": null, "begin": null, "end": null, "altitudeMode": null, "tessellate": 1, "extrude": 0, "visibility": 0, "drawOrder": null, "icon": null, "Folder": "DISTRIBUCION (#18)" }, "geometry": { "type": "LineString", "coordinates": [ [ -106.517643769538296, 31.7629926460577, 0.0 ], [ -106.517137101537102, 31.76239680839868, 0.0 ], [ -106.516760353044006, 31.76199150588327, 0.0 ] ] } },
{ "type": "Feature", "properties": { "id": null, "Name": "ALD-3-57/11", "description": null, "timestamp": null, "begin": null, "end": null, "altitudeMode": null, "tessellate": -1, "extrude": 0, "visibility": 0, "drawOrder": null, "icon": null, "Folder": "1N (#17)" }, "geometry": { "type": "Point", "coordinates": [ -106.569143036954102, 31.781393350653641, 0.0 ] } },
{ "type": "Feature", "properties": { "id": null, "Name": "ALD-3-57/11-1-1", "description": null, "timestamp": null, "begin": null, "end": null, "altitudeMode": null, "tessellate": -1, "extrude": 0, "visibility": 0, "drawOrder": null, "icon": null, "Folder": "2N (#18)" }, "geometry": { "type": "Point", "coordinates": [ -106.566606031417194, 31.779952871581521, 0.0 ] } },
{ "type": "Feature", "properties": { "id": null, "Name": "ALD-3-57/11-2-2", "description": null, "timestamp": null, "begin": null, "end": null, "altitudeMode": null, "tessellate": -1, "extrude": 0, "visibility": 0, "drawOrder": null, "icon": null, "Folder": "2N (#18)" }, "geometry": { "type": "Point", "coordinates": [ -106.568968, 31.781333, 0.0 ] } },
{ "type": "Feature", "properties": { "id": null, "Name": "ALD-3-57/11-3-3", "description": "<b>REFORZADA 26 ABRIL 2026</b>", "timestamp": null, "begin": null, "end": null, "altitudeMode": null, "tessellate": -1, "extrude": 0, "visibility": 0, "drawOrder": null, "icon": null, "Folder": "2N (#18)" }, "geometry": { "type": "Point", "coordinates": [ -106.568371, 31.782591, 0.0 ] } },
{ "type": "Feature", "properties": { "id": null, "Name": "ALD-3-57/11-4-4", "description": null, "timestamp": null, "begin": null, "end": null, "altitudeMode": null, "tessellate": -1, "extrude": 0, "visibility": 0, "drawOrder": null, "icon": null, "Folder": "2N (#18)" }, "geometry": { "type": "Point", "coordinates": [ -106.566688, 31.783006, 0.0 ] } },
{ "type": "Feature", "properties": { "id": null, "Name": "ALD-3-57/11-5-5", "description": null, "timestamp": null, "begin": null, "end": null, "altitudeMode": null, "tessellate": -1, "extrude": 0, "visibility": 0, "drawOrder": null, "icon": null, "Folder": "2N (#18)" }, "geometry": { "type": "Point", "coordinates": [ -106.565263, 31.782452, 0.0 ] } },
{ "type": "Feature", "properties": { "id": null, "Name": "ALD-3-57/11-6-6", "description": null, "timestamp": null, "begin": null, "end": null, "altitudeMode": null, "tessellate": -1, "extrude": 0, "visibility": 0, "drawOrder": null, "icon": null, "Folder": "2N (#18)" }, "geometry": { "type": "Point", "coordinates": [ -106.571222, 31.781047101933041, 0.0 ] } },
{ "type": "Feature", "properties": { "id": null, "Name": "ALD-3-57/11-7-7", "description": null, "timestamp": null, "begin": null, "end": null, "altitudeMode": null, "tessellate": -1, "extrude": 0, "visibility": 0, "drawOrder": null, "icon": null, "Folder": "2N (#18)" }, "geometry": { "type": "Point", "coordinates": [ -106.568556087694503, 31.77793442499495, 0.0 ] } },
{ "type": "Feature", "properties": { "id": null, "Name": "ALD-3-57/11-8-8", "description": null, "timestamp": null, "begin": null, "end": null, "altitudeMode": null, "tessellate": -1, "extrude": 0, "visibility": 0, "drawOrder": null, "icon": null, "Folder": "2N (#18)" }, "geometry": { "type": "Point", "coordinates": [ -106.568687, 31.776684, 0.0 ] } },
{ "type": "Feature", "properties": { "id": null, "Name": "ALD-3-S-13-8", "description": null, "timestamp": null, "begin": null, "end": null, "altitudeMode": null, "tessellate": 1, "extrude": 0, "visibility": 0, "drawOrder": null, "icon": null, "Folder": "DISTRIBUCION (#19)" }, "geometry": { "type": "LineString", "coordinates": [ [ -106.566318445773206, 31.77980583737272, 0.0 ], [ -106.567189151863204, 31.780309930106611, 0.0 ], [ -106.569094129708205, 31.781365892857568, 0.0 ], [ -106.568725484855904, 31.782016533447251, 0.0 ], [ -106.567820108564405, 31.783428046903019, 0.0 ], [ -106.565374858168695, 31.782468374895771, 0.0 ] ] } },
{ "type": "Feature", "properties": { "id": null, "Name": "ALD-3-S-13-8/1", "description": null, "timestamp": null, "begin": null, "end": null, "altitudeMode": null, "tessellate": 1, "extrude": 0, "visibility": 0, "drawOrder": null, "icon": null, "Folder": "DISTRIBUCION (#19)" }, "geometry": { "type": "LineString", "coordinates": [ [ -106.569103981019595, 31.781357228562211, 0.0 ], [ -106.569425490858293, 31.781549022235719, 0.0 ], [ -106.571008847091505, 31.779162356970669, 0.0 ], [ -106.568449379808996, 31.777898124561791, 0.0 ] ] } },
{ "type": "Feature", "properties": { "id": null, "Name": "ALD-3-S-13-8/2", "description": null, "timestamp": null, "begin": null, "end": null, "altitudeMode": null, "tessellate": 1, "extrude": 0, "visibility": 0, "drawOrder": null, "icon": null, "Folder": "DISTRIBUCION (#19)" }, "geometry": { "type": "LineString", "coordinates": [ [ -106.570357154398707, 31.780113623713731, 0.0 ], [ -106.571478464625997, 31.780702483359391, 0.0 ], [ -106.571206956552103, 31.781092058059919, 0.0 ] ] } },
{ "type": "Feature", "properties": { "id": null, "Name": "ALD-3-S-13-8/3", "description": null, "timestamp": null, "begin": null, "end": null, "altitudeMode": null, "tessellate": 1, "extrude": 0, "visibility": 0, "drawOrder": null, "icon": null, "Folder": "DISTRIBUCION (#19)" }, "geometry": { "type": "LineString", "coordinates": [ [ -106.572865193093904, 31.78018531722276, 0.0 ], [ -106.570999716778005, 31.779180371330881, 0.0 ] ] } },
{ "type": "Feature", "properties": { "id": null, "Name": "ALD-1D-85/13/9", "description": null, "timestamp": null, "begin": null, "end": null, "altitudeMode": null, "tessellate": -1, "extrude": 0, "visibility": 0, "drawOrder": null, "icon": null, "Folder": "1N (#18)" }, "geometry": { "type": "Point", "coordinates": [ -106.476063982452004, 31.722424339076269, 0.0 ] } },
{ "type": "Feature", "properties": { "id": null, "Name": "ALD-1D-85/13/9-1-1", "description": null, "timestamp": null, "begin": null, "end": null, "altitudeMode": null, "tessellate": -1, "extrude": 0, "visibility": 0, "drawOrder": null, "icon": null, "Folder": "2N (#19)" }, "geometry": { "type": "Point", "coordinates": [ -106.481803645119996, 31.72598229699436, 0.0 ] } },
{ "type": "Feature", "properties": { "id": null, "Name": "ALD-1D-85/13/9-2-2", "description": null, "timestamp": null, "begin": null, "end": null, "altitudeMode": null, "tessellate": -1, "extrude": 0, "visibility": 0, "drawOrder": null, "icon": null, "Folder": "2N (#19)" }, "geometry": { "type": "Point", "coordinates": [ -106.480869, 31.726265, 0.0 ] } },
{ "type": "Feature", "properties": { "id": null, "Name": "ALD-1D-85/13/9-3-3", "description": null, "timestamp": null, "begin": null, "end": null, "altitudeMode": null, "tessellate": -1, "extrude": 0, "visibility": 0, "drawOrder": null, "icon": null, "Folder": "2N (#19)" }, "geometry": { "type": "Point", "coordinates": [ -106.480065597062804, 31.726430579147891, 0.0 ] } },
{ "type": "Feature", "properties": { "id": null, "Name": "ALD-1D-85/13/9-5-5", "description": null, "timestamp": null, "begin": null, "end": null, "altitudeMode": null, "tessellate": -1, "extrude": 0, "visibility": 0, "drawOrder": null, "icon": null, "Folder": "2N (#19)" }, "geometry": { "type": "Point", "coordinates": [ -106.478871, 31.723987, 0.0 ] } },
{ "type": "Feature", "properties": { "id": null, "Name": "ALD-1D-85/13/9-7-7", "description": null, "timestamp": null, "begin": null, "end": null, "altitudeMode": null, "tessellate": -1, "extrude": 0, "visibility": 0, "drawOrder": null, "icon": null, "Folder": "2N (#19)" }, "geometry": { "type": "Point", "coordinates": [ -106.477242, 31.721811, 0.0 ] } },
{ "type": "Feature", "properties": { "id": null, "Name": "ALD-1D-85/13/9-8-8", "description": null, "timestamp": null, "begin": null, "end": null, "altitudeMode": null, "tessellate": -1, "extrude": 0, "visibility": 0, "drawOrder": null, "icon": null, "Folder": "2N (#19)" }, "geometry": { "type": "Point", "coordinates": [ -106.476679, 31.720568, 0.0 ] } },
{ "type": "Feature", "properties": { "id": null, "Name": "ALD-S-4-5", "description": null, "timestamp": null, "begin": null, "end": null, "altitudeMode": null, "tessellate": 1, "extrude": 0, "visibility": 0, "drawOrder": null, "icon": null, "Folder": "DISTRIBUCION (#20)" }, "geometry": { "type": "LineString", "coordinates": [ [ -106.476062956993005, 31.722421765527852, 0.0 ], [ -106.475214659561004, 31.721740931677701, 0.0 ], [ -106.476579209454499, 31.721293235549819, 0.0 ], [ -106.476785300969397, 31.72162691920088, 0.0 ], [ -106.477125346386003, 31.721506913695801, 0.0 ], [ -106.478184778458498, 31.72415516768233, 0.0 ], [ -106.479005380037506, 31.72396063946384, 0.0 ], [ -106.480093530733598, 31.726487486703132, 0.0 ], [ -106.482833519999303, 31.725686066260799, 0.0 ] ] } },
{ "type": "Feature", "properties": { "id": null, "Name": "ALD-1D-83/11", "description": null, "timestamp": null, "begin": null, "end": null, "altitudeMode": null, "tessellate": -1, "extrude": 0, "visibility": 0, "drawOrder": null, "icon": null, "Folder": "1N (#19)" }, "geometry": { "type": "Point", "coordinates": [ -106.523160385618894, 31.74035102885308, 0.0 ] } },
{ "type": "Feature", "properties": { "id": null, "Name": "ALD-1D-83/11/9-1-1", "description": null, "timestamp": null, "begin": null, "end": null, "altitudeMode": null, "tessellate": -1, "extrude": 0, "visibility": 0, "drawOrder": null, "icon": null, "Folder": "2N (#20)" }, "geometry": { "type": "Point", "coordinates": [ -106.523063875600599, 31.74039670942722, 0.0 ] } },
{ "type": "Feature", "properties": { "id": null, "Name": "ALD-1D-83/11/9-2-2", "description": null, "timestamp": null, "begin": null, "end": null, "altitudeMode": null, "tessellate": -1, "extrude": 0, "visibility": 0, "drawOrder": null, "icon": null, "Folder": "2N (#20)" }, "geometry": { "type": "Point", "coordinates": [ -106.519457, 31.74247796862333, 0.0 ] } },
{ "type": "Feature", "properties": { "id": null, "Name": "ALD-1D-83/11/9-3-3", "description": null, "timestamp": null, "begin": null, "end": null, "altitudeMode": null, "tessellate": -1, "extrude": 0, "visibility": 0, "drawOrder": null, "icon": null, "Folder": "2N (#20)" }, "geometry": { "type": "Point", "coordinates": [ -106.523572, 31.743751, 0.0 ] } },
{ "type": "Feature", "properties": { "id": null, "Name": "ALD-1D-83/11/9-4-4", "description": null, "timestamp": null, "begin": null, "end": null, "altitudeMode": null, "tessellate": -1, "extrude": 0, "visibility": 0, "drawOrder": null, "icon": null, "Folder": "2N (#20)" }, "geometry": { "type": "Point", "coordinates": [ -106.519476, 31.74243, 0.0 ] } },
{ "type": "Feature", "properties": { "id": null, "Name": "ALD-1D-83/11/9-5-5", "description": null, "timestamp": null, "begin": null, "end": null, "altitudeMode": null, "tessellate": -1, "extrude": 0, "visibility": 0, "drawOrder": null, "icon": null, "Folder": "2N (#20)" }, "geometry": { "type": "Point", "coordinates": [ -106.522522879222606, 31.740697069239761, 0.0 ] } },
{ "type": "Feature", "properties": { "id": null, "Name": "ALD-1D-83/11/9-6-6", "description": null, "timestamp": null, "begin": null, "end": null, "altitudeMode": null, "tessellate": -1, "extrude": 0, "visibility": 0, "drawOrder": null, "icon": null, "Folder": "2N (#20)" }, "geometry": { "type": "Point", "coordinates": [ -106.521399, 31.74025, 0.0 ] } },
{ "type": "Feature", "properties": { "id": null, "Name": "ALD-1D-83/11/9-8-8", "description": null, "timestamp": null, "begin": null, "end": null, "altitudeMode": null, "tessellate": -1, "extrude": 0, "visibility": 0, "drawOrder": null, "icon": null, "Folder": "2N (#20)" }, "geometry": { "type": "Point", "coordinates": [ -106.523037448460002, 31.740411913005229, 0.0 ] } },
{ "type": "Feature", "properties": { "id": null, "Name": "ALD-1D-83/11/9-7-7", "description": null, "timestamp": null, "begin": null, "end": null, "altitudeMode": null, "tessellate": -1, "extrude": 0, "visibility": 0, "drawOrder": null, "icon": null, "Folder": "2N (#20)" }, "geometry": { "type": "Point", "coordinates": [ -106.522438078619103, 31.741394626371608, 0.0 ] } },
{ "type": "Feature", "properties": { "id": null, "Name": "ALD-S-2-9", "description": null, "timestamp": null, "begin": null, "end": null, "altitudeMode": null, "tessellate": 1, "extrude": 0, "visibility": 0, "drawOrder": null, "icon": null, "Folder": "DISTRIBUCION (#21)" }, "geometry": { "type": "LineString", "coordinates": [ [ -106.521606124721501, 31.742516771663581, 0.0 ], [ -106.520748977715002, 31.742458485471989, 0.0 ], [ -106.520069515398006, 31.742436410241819, 0.0 ], [ -106.519739518367999, 31.742477547015682, 0.0 ], [ -106.519438417573497, 31.742475937791241, 0.0 ], [ -106.519524330681705, 31.741238449534521, 0.0 ], [ -106.521369173815501, 31.740242879549399, 0.0 ], [ -106.521377033499704, 31.741274153467899, 0.0 ], [ -106.521627262876507, 31.74134400422534, 0.0 ], [ -106.522048552342795, 31.741353035682469, 0.0 ], [ -106.522468592951995, 31.7413963934717, 0.0 ], [ -106.522488335550605, 31.741222910996608, 0.0 ], [ -106.522526068669706, 31.740688931953841, 0.0 ], [ -106.523055859757093, 31.740405774351981, 0.0 ] ] } },
{ "type": "Feature", "properties": { "id": null, "Name": "ALD-1D-86/14/9", "description": null, "timestamp": null, "begin": null, "end": null, "altitudeMode": null, "tessellate": -1, "extrude": 0, "visibility": 0, "drawOrder": null, "icon": null, "Folder": "1N (#20)" }, "geometry": { "type": "Point", "coordinates": [ -106.489600824599506, 31.73176726909648, 0.0 ] } },
{ "type": "Feature", "properties": { "id": null, "Name": "ALD-1D-86/14/9-1-1", "description": null, "timestamp": null, "begin": null, "end": null, "altitudeMode": null, "tessellate": -1, "extrude": 0, "visibility": 0, "drawOrder": null, "icon": null, "Folder": "2N (#21)" }, "geometry": { "type": "Point", "coordinates": [ -106.483643, 31.728738, 0.0 ] } },
{ "type": "Feature", "properties": { "id": null, "Name": "ALD-1D-86/14/9-2-2", "description": null, "timestamp": null, "begin": null, "end": null, "altitudeMode": null, "tessellate": -1, "extrude": 0, "visibility": 0, "drawOrder": null, "icon": null, "Folder": "2N (#21)" }, "geometry": { "type": "Point", "coordinates": [ -106.48384, 31.729482, 0.0 ] } },
{ "type": "Feature", "properties": { "id": null, "Name": "ALD-1D-86/14/9-3-3", "description": null, "timestamp": null, "begin": null, "end": null, "altitudeMode": null, "tessellate": -1, "extrude": 0, "visibility": 0, "drawOrder": null, "icon": null, "Folder": "2N (#21)" }, "geometry": { "type": "Point", "coordinates": [ -106.485101356341303, 31.730407150978401, 0.0 ] } },
{ "type": "Feature", "properties": { "id": null, "Name": "ALD-1D-86/14/9-4-4", "description": null, "timestamp": null, "begin": null, "end": null, "altitudeMode": null, "tessellate": -1, "extrude": 0, "visibility": 0, "drawOrder": null, "icon": null, "Folder": "2N (#21)" }, "geometry": { "type": "Point", "coordinates": [ -106.48571, 31.730681, 0.0 ] } },
{ "type": "Feature", "properties": { "id": null, "Name": "ALD-1D-86/14/9-5-5", "description": null, "timestamp": null, "begin": null, "end": null, "altitudeMode": null, "tessellate": -1, "extrude": 0, "visibility": 0, "drawOrder": null, "icon": null, "Folder": "2N (#21)" }, "geometry": { "type": "Point", "coordinates": [ -106.48788, 31.73123, 0.0 ] } },
{ "type": "Feature", "properties": { "id": null, "Name": "ALD-1D-86/14/9-6-6", "description": null, "timestamp": null, "begin": null, "end": null, "altitudeMode": null, "tessellate": -1, "extrude": 0, "visibility": 0, "drawOrder": null, "icon": null, "Folder": "2N (#21)" }, "geometry": { "type": "Point", "coordinates": [ -106.487259, 31.731061, 0.0 ] } },
{ "type": "Feature", "properties": { "id": null, "Name": "ALD-1D-86/14/9-7-7", "description": null, "timestamp": null, "begin": null, "end": null, "altitudeMode": null, "tessellate": -1, "extrude": 0, "visibility": 0, "drawOrder": null, "icon": null, "Folder": "2N (#21)" }, "geometry": { "type": "Point", "coordinates": [ -106.488184, 31.731326, 0.0 ] } },
{ "type": "Feature", "properties": { "id": null, "Name": "ALD-1D-86/14/9-8-8", "description": null, "timestamp": null, "begin": null, "end": null, "altitudeMode": null, "tessellate": -1, "extrude": 0, "visibility": 0, "drawOrder": null, "icon": null, "Folder": "2N (#21)" }, "geometry": { "type": "Point", "coordinates": [ -106.48735, 31.731087, 0.0 ] } },
{ "type": "Feature", "properties": { "id": null, "Name": "ALD-S-4-2", "description": null, "timestamp": null, "begin": null, "end": null, "altitudeMode": null, "tessellate": 1, "extrude": 0, "visibility": 0, "drawOrder": null, "icon": null, "Folder": "DISTRIBUCION (#22)" }, "geometry": { "type": "LineString", "coordinates": [ [ -106.483624342344299, 31.72855223772698, 0.0 ], [ -106.483995433530097, 31.72993312824838, 0.0 ], [ -106.484194797475197, 31.729997818697679, 0.0 ], [ -106.484671253552506, 31.730315788415378, 0.0 ], [ -106.489609453127301, 31.73172319805688, 0.0 ] ] } },
{ "type": "Feature", "properties": { "id": null, "Name": "ALD-1D-36/12/9-1-1", "description": null, "timestamp": null, "begin": null, "end": null, "altitudeMode": null, "tessellate": -1, "extrude": 0, "visibility": 0, "drawOrder": null, "icon": null, "Folder": "2N (#22)" }, "geometry": { "type": "Point", "coordinates": [ -106.523816, 31.741689, 0.0 ] } },
{ "type": "Feature", "properties": { "id": null, "Name": "ALD-1D-36/12/9-2-2", "description": null, "timestamp": null, "begin": null, "end": null, "altitudeMode": null, "tessellate": -1, "extrude": 0, "visibility": 0, "drawOrder": null, "icon": null, "Folder": "2N (#22)" }, "geometry": { "type": "Point", "coordinates": [ -106.523446, 31.742342, 0.0 ] } },
{ "type": "Feature", "properties": { "id": null, "Name": "ALD-1D-36/12/9-3-3", "description": null, "timestamp": null, "begin": null, "end": null, "altitudeMode": null, "tessellate": -1, "extrude": 0, "visibility": 0, "drawOrder": null, "icon": null, "Folder": "2N (#22)" }, "geometry": { "type": "Point", "coordinates": [ -106.523177, 31.74303, 0.0 ] } },
{ "type": "Feature", "properties": { "id": null, "Name": "ALD-1D-36/12/9-4-4", "description": null, "timestamp": null, "begin": null, "end": null, "altitudeMode": null, "tessellate": -1, "extrude": 0, "visibility": 0, "drawOrder": null, "icon": null, "Folder": "2N (#22)" }, "geometry": { "type": "Point", "coordinates": [ -106.522963246909697, 31.743564619866952, 0.0 ] } },
{ "type": "Feature", "properties": { "id": null, "Name": "ALD-1D-36/12/9-5-5", "description": null, "timestamp": null, "begin": null, "end": null, "altitudeMode": null, "tessellate": -1, "extrude": 0, "visibility": 0, "drawOrder": null, "icon": null, "Folder": "2N (#22)" }, "geometry": { "type": "Point", "coordinates": [ -106.522348, 31.745023, 0.0 ] } },
{ "type": "Feature", "properties": { "id": null, "Name": "ALD-1D-36/12/9-6-6", "description": null, "timestamp": null, "begin": null, "end": null, "altitudeMode": null, "tessellate": -1, "extrude": 0, "visibility": 0, "drawOrder": null, "icon": null, "Folder": "2N (#22)" }, "geometry": { "type": "Point", "coordinates": [ -106.521097, 31.74603, 0.0 ] } },
{ "type": "Feature", "properties": { "id": null, "Name": "ALD-1D-36/12/9-7-7", "description": null, "timestamp": null, "begin": null, "end": null, "altitudeMode": null, "tessellate": -1, "extrude": 0, "visibility": 0, "drawOrder": null, "icon": null, "Folder": "2N (#22)" }, "geometry": { "type": "Point", "coordinates": [ -106.525007, 31.740056, 0.0 ] } },
{ "type": "Feature", "properties": { "id": null, "Name": "ALD-1D-36/12/9-8-8", "description": null, "timestamp": null, "begin": null, "end": null, "altitudeMode": null, "tessellate": -1, "extrude": 0, "visibility": 0, "drawOrder": null, "icon": null, "Folder": "2N (#22)" }, "geometry": { "type": "Point", "coordinates": [ -106.522597, 31.744493, 0.0 ] } },
{ "type": "Feature", "properties": { "id": null, "Name": "ALD-S-2-8", "description": null, "timestamp": null, "begin": null, "end": null, "altitudeMode": null, "tessellate": 1, "extrude": 0, "visibility": 0, "drawOrder": null, "icon": null, "Folder": "DISTRIBUCION (#23)" }, "geometry": { "type": "LineString", "coordinates": [ [ -106.523892960803707, 31.74172641532644, 0.0 ], [ -106.523718930874693, 31.741645508169981, 0.0 ], [ -106.522924703376901, 31.743684232036649, 0.0 ], [ -106.5221919288187, 31.745515241188489, 0.0 ], [ -106.521901618273603, 31.74625289044549, 0.0 ], [ -106.519931947774495, 31.745674931594099, 0.0 ], [ -106.519187579958398, 31.745481967135369, 0.0 ], [ -106.518578031372499, 31.74527042083616, 0.0 ], [ -106.517865909385307, 31.745067257281509, 0.0 ], [ -106.517304341769105, 31.744907657391501, 0.0 ] ] } },
{ "type": "Feature", "properties": { "id": null, "Name": "Ruta sin título", "description": null, "timestamp": null, "begin": null, "end": null, "altitudeMode": null, "tessellate": 1, "extrude": 0, "visibility": 0, "drawOrder": null, "icon": null, "Folder": "DISTRIBUCION (#23)" }, "geometry": { "type": "LineString", "coordinates": [ [ -106.523847409458497, 31.741682117845759, 0.0 ], [ -106.524334061926893, 31.741846839461861, 0.0 ], [ -106.525012220875993, 31.74005068777964, 0.0 ] ] } },
{ "type": "Feature", "properties": { "id": null, "Name": "ALD-1D-87/15/9-1-1", "description": null, "timestamp": null, "begin": null, "end": null, "altitudeMode": null, "tessellate": -1, "extrude": 0, "visibility": 0, "drawOrder": null, "icon": null, "Folder": "2N (#23)" }, "geometry": { "type": "Point", "coordinates": [ -106.483064, 31.727721, 0.0 ] } },
{ "type": "Feature", "properties": { "id": null, "Name": "ALD-1D-87/15/9-2-2", "description": null, "timestamp": null, "begin": null, "end": null, "altitudeMode": null, "tessellate": -1, "extrude": 0, "visibility": 0, "drawOrder": null, "icon": null, "Folder": "2N (#23)" }, "geometry": { "type": "Point", "coordinates": [ -106.481219, 31.728261, 0.0 ] } },
{ "type": "Feature", "properties": { "id": null, "Name": "ALD-1D-87/15/9-3-3", "description": null, "timestamp": null, "begin": null, "end": null, "altitudeMode": null, "tessellate": -1, "extrude": 0, "visibility": 0, "drawOrder": null, "icon": null, "Folder": "2N (#23)" }, "geometry": { "type": "Point", "coordinates": [ -106.48141, 31.728771, 0.0 ] } },
{ "type": "Feature", "properties": { "id": null, "Name": "ALD-1D-87/15/9-5-5", "description": null, "timestamp": null, "begin": null, "end": null, "altitudeMode": null, "tessellate": -1, "extrude": 0, "visibility": 0, "drawOrder": null, "icon": null, "Folder": "2N (#23)" }, "geometry": { "type": "Point", "coordinates": [ -106.481717, 31.730235, 0.0 ] } },
{ "type": "Feature", "properties": { "id": null, "Name": "ALD-1D-87/15/9-6-6", "description": null, "timestamp": null, "begin": null, "end": null, "altitudeMode": null, "tessellate": -1, "extrude": 0, "visibility": 0, "drawOrder": null, "icon": null, "Folder": "2N (#23)" }, "geometry": { "type": "Point", "coordinates": [ -106.482996, 31.73153, 0.0 ] } },
{ "type": "Feature", "properties": { "id": null, "Name": "ALD-1D-87/15/9-7-7", "description": null, "timestamp": null, "begin": null, "end": null, "altitudeMode": null, "tessellate": -1, "extrude": 0, "visibility": 0, "drawOrder": null, "icon": null, "Folder": "2N (#23)" }, "geometry": { "type": "Point", "coordinates": [ -106.482157, 31.731575, 0.0 ] } },
{ "type": "Feature", "properties": { "id": null, "Name": "ALD-1D-87/15/9-8-8", "description": null, "timestamp": null, "begin": null, "end": null, "altitudeMode": null, "tessellate": -1, "extrude": 0, "visibility": 0, "drawOrder": null, "icon": null, "Folder": "2N (#23)" }, "geometry": { "type": "Point", "coordinates": [ -106.483106, 31.73153, 0.0 ] } },
{ "type": "Feature", "properties": { "id": null, "Name": "ALD-1D-87/15/9-4-4", "description": null, "timestamp": null, "begin": null, "end": null, "altitudeMode": null, "tessellate": -1, "extrude": 0, "visibility": 0, "drawOrder": null, "icon": null, "Folder": "2N (#23)" }, "geometry": { "type": "Point", "coordinates": [ -106.483477947920306, 31.731867698720698, 0.0 ] } },
{ "type": "Feature", "properties": { "id": null, "Name": "ALD-S-4-3", "description": null, "timestamp": null, "begin": null, "end": null, "altitudeMode": null, "tessellate": 1, "extrude": 0, "visibility": 0, "drawOrder": null, "icon": null, "Folder": "DISTRIBUCION (#24)" }, "geometry": { "type": "LineString", "coordinates": [ [ -106.483407978627199, 31.727686960455461, 0.0 ], [ -106.483079722256903, 31.727785356194179, 0.0 ], [ -106.482745698758805, 31.72700594501077, 0.0 ], [ -106.480968541540307, 31.727580531477042, 0.0 ], [ -106.481965460438005, 31.730097897251941, 0.0 ], [ -106.481537367018802, 31.730251102666809, 0.0 ], [ -106.481823239821097, 31.730996478294671, 0.0 ], [ -106.482096463189805, 31.731667766388998, 0.0 ], [ -106.483452568142894, 31.731476537976491, 0.0 ] ] } },
{ "type": "Feature", "properties": { "id": null, "Name": "ALD-1D-87/15/9", "description": null, "timestamp": null, "begin": null, "end": null, "altitudeMode": null, "tessellate": -1, "extrude": 0, "visibility": 0, "drawOrder": null, "icon": null, "Folder": "1N (#22)" }, "geometry": { "type": "Point", "coordinates": [ -106.483533618952706, 31.731463453520171, 0.0 ] } },
{ "type": "Feature", "properties": { "id": null, "Name": "ALD-1D-89/17/9-1-1", "description": null, "timestamp": null, "begin": null, "end": null, "altitudeMode": null, "tessellate": -1, "extrude": 0, "visibility": 0, "drawOrder": null, "icon": null, "Folder": "2N (#24)" }, "geometry": { "type": "Point", "coordinates": [ -106.48626, 31.726108, 0.0 ] } },
{ "type": "Feature", "properties": { "id": null, "Name": "ALD-1D-89/17/9-2-2", "description": null, "timestamp": null, "begin": null, "end": null, "altitudeMode": null, "tessellate": -1, "extrude": 0, "visibility": 0, "drawOrder": null, "icon": null, "Folder": "2N (#24)" }, "geometry": { "type": "Point", "coordinates": [ -106.486572, 31.725125, 0.0 ] } },
{ "type": "Feature", "properties": { "id": null, "Name": "ALD-1D-89/17/9-3-3", "description": null, "timestamp": null, "begin": null, "end": null, "altitudeMode": null, "tessellate": -1, "extrude": 0, "visibility": 0, "drawOrder": null, "icon": null, "Folder": "2N (#24)" }, "geometry": { "type": "Point", "coordinates": [ -106.486245, 31.723667, 0.0 ] } },
{ "type": "Feature", "properties": { "id": null, "Name": "ALD-1D-89/17/9-4-4", "description": null, "timestamp": null, "begin": null, "end": null, "altitudeMode": null, "tessellate": -1, "extrude": 0, "visibility": 0, "drawOrder": null, "icon": null, "Folder": "2N (#24)" }, "geometry": { "type": "Point", "coordinates": [ -106.486006, 31.724228, 0.0 ] } },
{ "type": "Feature", "properties": { "id": null, "Name": "ALD-1D-89/17/9-5-5", "description": null, "timestamp": null, "begin": null, "end": null, "altitudeMode": null, "tessellate": -1, "extrude": 0, "visibility": 0, "drawOrder": null, "icon": null, "Folder": "2N (#24)" }, "geometry": { "type": "Point", "coordinates": [ -106.486836425834198, 31.720930187094009, 0.0 ] } },
{ "type": "Feature", "properties": { "id": null, "Name": "ALD-1D-89/17/9-6-6", "description": null, "timestamp": null, "begin": null, "end": null, "altitudeMode": null, "tessellate": -1, "extrude": 0, "visibility": 0, "drawOrder": null, "icon": null, "Folder": "2N (#24)" }, "geometry": { "type": "Point", "coordinates": [ -106.487253237779399, 31.721183199992488, 0.0 ] } },
{ "type": "Feature", "properties": { "id": null, "Name": "ALD-1D-89/17/9-7-7", "description": null, "timestamp": null, "begin": null, "end": null, "altitudeMode": null, "tessellate": -1, "extrude": 0, "visibility": 0, "drawOrder": null, "icon": null, "Folder": "2N (#24)" }, "geometry": { "type": "Point", "coordinates": [ -106.48452, 31.719504, 0.0 ] } },
{ "type": "Feature", "properties": { "id": null, "Name": "ALD-1D-89/17/9-8-8", "description": null, "timestamp": null, "begin": null, "end": null, "altitudeMode": null, "tessellate": -1, "extrude": 0, "visibility": 0, "drawOrder": null, "icon": null, "Folder": "2N (#24)" }, "geometry": { "type": "Point", "coordinates": [ -106.484445, 31.719508, 0.0 ] } },
{ "type": "Feature", "properties": { "id": null, "Name": "ALD-S-4-8", "description": null, "timestamp": null, "begin": null, "end": null, "altitudeMode": null, "tessellate": 1, "extrude": 0, "visibility": 0, "drawOrder": null, "icon": null, "Folder": "DISTRIBUCION (#25)" }, "geometry": { "type": "LineString", "coordinates": [ [ -106.486098349568096, 31.72641148318721, 0.0 ], [ -106.486643400356598, 31.725167486761091, 0.0 ], [ -106.486917287156601, 31.72451117344831, 0.0 ], [ -106.486032089070093, 31.724224454382519, 0.0 ], [ -106.486002133835399, 31.724213717824689, 0.0 ], [ -106.486292652550503, 31.72360771695169, 0.0 ], [ -106.486781037077606, 31.722426941612859, 0.0 ], [ -106.487034793351299, 31.721722429313228, 0.0 ], [ -106.487263628057505, 31.721063462884871, 0.0 ], [ -106.486809161783896, 31.720924824368812, 0.0 ], [ -106.485136730171405, 31.720416058849541, 0.0 ], [ -106.485259318511396, 31.719764293108181, 0.0 ], [ -106.483692340100305, 31.719285904177731, 0.0 ] ] } },
{ "type": "Feature", "properties": { "id": null, "Name": "ALD-1D-89/17/9", "description": null, "timestamp": null, "begin": null, "end": null, "altitudeMode": null, "tessellate": -1, "extrude": 0, "visibility": 0, "drawOrder": null, "icon": null, "Folder": "1N (#23)" }, "geometry": { "type": "Point", "coordinates": [ -106.485247456733305, 31.719752431880519, 0.0 ] } },
{ "type": "Feature", "properties": { "id": null, "Name": "ALD-1I-13/13/9-1-1", "description": null, "timestamp": null, "begin": null, "end": null, "altitudeMode": null, "tessellate": -1, "extrude": 0, "visibility": 0, "drawOrder": null, "icon": null, "Folder": "2N (#25)" }, "geometry": { "type": "Point", "coordinates": [ -106.492064, 31.738095, 0.0 ] } },
{ "type": "Feature", "properties": { "id": null, "Name": "ALD-1I-13/13/9-2-2", "description": null, "timestamp": null, "begin": null, "end": null, "altitudeMode": null, "tessellate": -1, "extrude": 0, "visibility": 0, "drawOrder": null, "icon": null, "Folder": "2N (#25)" }, "geometry": { "type": "Point", "coordinates": [ -106.491729, 31.738005, 0.0 ] } },
{ "type": "Feature", "properties": { "id": null, "Name": "ALD-1I-13/13/9-4-4", "description": null, "timestamp": null, "begin": null, "end": null, "altitudeMode": null, "tessellate": -1, "extrude": 0, "visibility": 0, "drawOrder": null, "icon": null, "Folder": "2N (#25)" }, "geometry": { "type": "Point", "coordinates": [ -106.489225, 31.737304, 0.0 ] } },
{ "type": "Feature", "properties": { "id": null, "Name": "ALD-1I-13/13/9-5-5", "description": null, "timestamp": null, "begin": null, "end": null, "altitudeMode": null, "tessellate": -1, "extrude": 0, "visibility": 0, "drawOrder": null, "icon": null, "Folder": "2N (#25)" }, "geometry": { "type": "Point", "coordinates": [ -106.486903, 31.736622, 0.0 ] } },
{ "type": "Feature", "properties": { "id": null, "Name": "ALD-1I-13/13/9-3-3", "description": null, "timestamp": null, "begin": null, "end": null, "altitudeMode": null, "tessellate": -1, "extrude": 0, "visibility": 0, "drawOrder": null, "icon": null, "Folder": "2N (#25)" }, "geometry": { "type": "Point", "coordinates": [ -106.484565599837794, 31.735759088918542, 0.0 ] } },
{ "type": "Feature", "properties": { "id": null, "Name": "ALD-1I-13/13/9-6-6", "description": null, "timestamp": null, "begin": null, "end": null, "altitudeMode": null, "tessellate": -1, "extrude": 0, "visibility": 0, "drawOrder": null, "icon": null, "Folder": "2N (#25)" }, "geometry": { "type": "Point", "coordinates": [ -106.486784, 31.736672, 0.0 ] } },
{ "type": "Feature", "properties": { "id": null, "Name": "ALD-1I-13/13/9-7-7", "description": null, "timestamp": null, "begin": null, "end": null, "altitudeMode": null, "tessellate": -1, "extrude": 0, "visibility": 0, "drawOrder": null, "icon": null, "Folder": "2N (#25)" }, "geometry": { "type": "Point", "coordinates": [ -106.486098, 31.737214, 0.0 ] } },
{ "type": "Feature", "properties": { "id": null, "Name": "ALD-1I-13/13/9-8-8", "description": null, "timestamp": null, "begin": null, "end": null, "altitudeMode": null, "tessellate": -1, "extrude": 0, "visibility": 0, "drawOrder": null, "icon": null, "Folder": "2N (#25)" }, "geometry": { "type": "Point", "coordinates": [ -106.485731, 31.738137, 0.0 ] } },
{ "type": "Feature", "properties": { "id": null, "Name": "ALD-S-1-4", "description": null, "timestamp": null, "begin": null, "end": null, "altitudeMode": null, "tessellate": 1, "extrude": 0, "visibility": 0, "drawOrder": null, "icon": null, "Folder": "DISTRIBUCION (#26)" }, "geometry": { "type": "LineString", "coordinates": [ [ -106.4929492355447, 31.738416039340681, 0.0 ], [ -106.486834197907996, 31.73662084703291, 0.0 ], [ -106.486450609526102, 31.737245971606448, 0.0 ], [ -106.486135543644394, 31.73721238581863, 0.0 ], [ -106.485763469303606, 31.738080377183209, 0.0 ] ] } },
{ "type": "Feature", "properties": { "id": null, "Name": "ALD-S-1-4/1", "description": null, "timestamp": null, "begin": null, "end": null, "altitudeMode": null, "tessellate": 1, "extrude": 0, "visibility": 0, "drawOrder": null, "icon": null, "Folder": "DISTRIBUCION (#26)" }, "geometry": { "type": "LineString", "coordinates": [ [ -106.486846043266794, 31.73661707596834, 0.0 ], [ -106.486467950839199, 31.736515701149891, 0.0 ], [ -106.486091162006105, 31.736418369449009, 0.0 ], [ -106.485997255639006, 31.736377487240379, 0.0 ], [ -106.4857358968585, 31.736292219770341, 0.0 ], [ -106.485308838799398, 31.736106729326568, 0.0 ], [ -106.484936207709396, 31.735923721346559, 0.0 ], [ -106.484578252060302, 31.735777663331739, 0.0 ] ] } },
{ "type": "Feature", "properties": { "id": null, "Name": "ALD-1I-13/13", "description": null, "timestamp": null, "begin": null, "end": null, "altitudeMode": null, "tessellate": -1, "extrude": 0, "visibility": 0, "drawOrder": null, "icon": null, "Folder": "1N (#24)" }, "geometry": { "type": "Point", "coordinates": [ -106.485767881774095, 31.738101514039968, 0.0 ] } },
{ "type": "Feature", "properties": { "id": null, "Name": "ALD-2I-59/11/9-2-2", "description": null, "timestamp": null, "begin": null, "end": null, "altitudeMode": null, "tessellate": -1, "extrude": 0, "visibility": 0, "drawOrder": null, "icon": null, "Folder": "2N (#26)" }, "geometry": { "type": "Point", "coordinates": [ -106.507657, 31.747403, 0.0 ] } },
{ "type": "Feature", "properties": { "id": null, "Name": "ALD-2I-59/11/9-1", "description": null, "timestamp": null, "begin": null, "end": null, "altitudeMode": null, "tessellate": -1, "extrude": 0, "visibility": 0, "drawOrder": null, "icon": null, "Folder": "2N (#26)" }, "geometry": { "type": "Point", "coordinates": [ -106.504349108960398, 31.753846194637561, 0.0 ] } },
{ "type": "Feature", "properties": { "id": null, "Name": "ALD-2I-59/11/9-3-3", "description": null, "timestamp": null, "begin": null, "end": null, "altitudeMode": null, "tessellate": -1, "extrude": 0, "visibility": 0, "drawOrder": null, "icon": null, "Folder": "2N (#26)" }, "geometry": { "type": "Point", "coordinates": [ -106.504914, 31.752401, 0.0 ] } },
{ "type": "Feature", "properties": { "id": null, "Name": "ALD-2I-59/11/9-4-4", "description": null, "timestamp": null, "begin": null, "end": null, "altitudeMode": null, "tessellate": -1, "extrude": 0, "visibility": 0, "drawOrder": null, "icon": null, "Folder": "2N (#26)" }, "geometry": { "type": "Point", "coordinates": [ -106.505689, 31.750692, 0.0 ] } },
{ "type": "Feature", "properties": { "id": null, "Name": "ALD-2I-59/11/9-5-5", "description": null, "timestamp": null, "begin": null, "end": null, "altitudeMode": null, "tessellate": -1, "extrude": 0, "visibility": 0, "drawOrder": null, "icon": null, "Folder": "2N (#26)" }, "geometry": { "type": "Point", "coordinates": [ -106.506686, 31.750345, 0.0 ] } },
{ "type": "Feature", "properties": { "id": null, "Name": "ALD-2I-59/11/9-6-6", "description": null, "timestamp": null, "begin": null, "end": null, "altitudeMode": null, "tessellate": -1, "extrude": 0, "visibility": 0, "drawOrder": null, "icon": null, "Folder": "2N (#26)" }, "geometry": { "type": "Point", "coordinates": [ -106.507422509411597, 31.748733672699132, 0.0 ] } },
{ "type": "Feature", "properties": { "id": null, "Name": "ALD-2I-59/11/9-7-7", "description": null, "timestamp": null, "begin": null, "end": null, "altitudeMode": null, "tessellate": -1, "extrude": 0, "visibility": 0, "drawOrder": null, "icon": null, "Folder": "2N (#26)" }, "geometry": { "type": "Point", "coordinates": [ -106.507715, 31.747328, 0.0 ] } },
{ "type": "Feature", "properties": { "id": null, "Name": "ALD-2I-59/11/9-8-8", "description": null, "timestamp": null, "begin": null, "end": null, "altitudeMode": null, "tessellate": -1, "extrude": 0, "visibility": 0, "drawOrder": null, "icon": null, "Folder": "2N (#26)" }, "geometry": { "type": "Point", "coordinates": [ -106.508052, 31.746136, 0.0 ] } },
{ "type": "Feature", "properties": { "id": null, "Name": "ALD-S-7-4", "description": null, "timestamp": null, "begin": null, "end": null, "altitudeMode": null, "tessellate": 1, "extrude": 0, "visibility": 0, "drawOrder": null, "icon": null, "Folder": "DISTRIBUCION (#27)" }, "geometry": { "type": "LineString", "coordinates": [ [ -106.504313092497398, 31.75383757724283, 0.0 ], [ -106.505484845785702, 31.750973252539062, 0.0 ], [ -106.505632479593103, 31.750654839079939, 0.0 ], [ -106.506044660555304, 31.75078498436665, 0.0 ], [ -106.506522192810095, 31.750928762859839, 0.0 ], [ -106.507071734921396, 31.749570292582469, 0.0 ], [ -106.507178564761901, 31.749189789907831, 0.0 ], [ -106.507435933566299, 31.74873307584571, 0.0 ], [ -106.507590945176801, 31.748149143760418, 0.0 ], [ -106.507720467941994, 31.74739578086897, 0.0 ], [ -106.508006904325001, 31.74623368193058, 0.0 ] ] } },
{ "type": "Feature", "properties": { "id": null, "Name": "ALD-2I-59/11/9", "description": null, "timestamp": null, "begin": null, "end": null, "altitudeMode": null, "tessellate": -1, "extrude": 0, "visibility": 0, "drawOrder": null, "icon": null, "Folder": "1N (#25)" }, "geometry": { "type": "Point", "coordinates": [ -106.507909443638198, 31.746264399836679, 0.0 ] } },
{ "type": "Feature", "properties": { "id": null, "Name": "ALD-1D-90/18/9-1-1", "description": null, "timestamp": null, "begin": null, "end": null, "altitudeMode": null, "tessellate": -1, "extrude": 0, "visibility": 0, "drawOrder": null, "icon": null, "Folder": "2N (#27)" }, "geometry": { "type": "Point", "coordinates": [ -106.488901025638995, 31.727257590104319, 0.0 ] } },
{ "type": "Feature", "properties": { "id": null, "Name": "ALD-1D-90/18/9-5-5", "description": null, "timestamp": null, "begin": null, "end": null, "altitudeMode": null, "tessellate": -1, "extrude": 0, "visibility": 0, "drawOrder": null, "icon": null, "Folder": "2N (#27)" }, "geometry": { "type": "Point", "coordinates": [ -106.490227, 31.722733, 0.0 ] } },
{ "type": "Feature", "properties": { "id": null, "Name": "ALD-1D-90/18/9-6-6", "description": null, "timestamp": null, "begin": null, "end": null, "altitudeMode": null, "tessellate": -1, "extrude": 0, "visibility": 0, "drawOrder": null, "icon": null, "Folder": "2N (#27)" }, "geometry": { "type": "Point", "coordinates": [ -106.493877298386295, 31.72232444694308, 0.0 ] } },
{ "type": "Feature", "properties": { "id": null, "Name": "ALD-1D-90/18/9-7-7", "description": null, "timestamp": null, "begin": null, "end": null, "altitudeMode": null, "tessellate": -1, "extrude": 0, "visibility": 0, "drawOrder": null, "icon": null, "Folder": "2N (#27)" }, "geometry": { "type": "Point", "coordinates": [ -106.489472, 31.721808, 0.0 ] } },
{ "type": "Feature", "properties": { "id": null, "Name": "ALD-1D-90/18/9-8-8", "description": null, "timestamp": null, "begin": null, "end": null, "altitudeMode": null, "tessellate": -1, "extrude": 0, "visibility": 0, "drawOrder": null, "icon": null, "Folder": "2N (#27)" }, "geometry": { "type": "Point", "coordinates": [ -106.489403791495803, 31.722079855413011, 0.0 ] } },
{ "type": "Feature", "properties": { "id": null, "Name": "ALD-1D-90/18/9/4-4/12/2/1", "description": null, "timestamp": null, "begin": null, "end": null, "altitudeMode": null, "tessellate": -1, "extrude": 0, "visibility": 0, "drawOrder": null, "icon": null, "Folder": "2N (#27)" }, "geometry": { "type": "Point", "coordinates": [ -106.4956160269615, 31.722885375003241, 0.0 ] } },
{ "type": "Feature", "properties": { "id": null, "Name": "Ruta sin título", "description": null, "timestamp": null, "begin": null, "end": null, "altitudeMode": null, "tessellate": 1, "extrude": 0, "visibility": 0, "drawOrder": null, "icon": null, "Folder": "DISTRIBUCION (#28)" }, "geometry": { "type": "LineString", "coordinates": [ [ -106.493877211854198, 31.72234868334801, 0.0 ], [ -106.490738192671401, 31.721373457569609, 0.0 ], [ -106.490554521146706, 31.721955758542421, 0.0 ] ] } },
{ "type": "Feature", "properties": { "id": null, "Name": "Ruta sin título", "description": null, "timestamp": null, "begin": null, "end": null, "altitudeMode": null, "tessellate": 1, "extrude": 0, "visibility": 0, "drawOrder": null, "icon": null, "Folder": "DISTRIBUCION (#28)" }, "geometry": { "type": "LineString", "coordinates": [ [ -106.493903969767302, 31.722322882298609, 0.0 ], [ -106.494252661607007, 31.722434871253601, 0.0 ], [ -106.495562069829802, 31.72286845520971, 0.0 ] ] } },
{ "type": "Feature", "properties": { "id": null, "Name": "ALD-1D-90/18/9", "description": null, "timestamp": null, "begin": null, "end": null, "altitudeMode": null, "tessellate": -1, "extrude": 0, "visibility": 0, "drawOrder": null, "icon": null, "Folder": "1N (#26)" }, "geometry": { "type": "Point", "coordinates": [ -106.488560746332993, 31.724119512895879, 0.0 ] } },
{ "type": "Feature", "properties": { "id": null, "Name": "ALD-1D-37/13/9-1-1", "description": null, "timestamp": null, "begin": null, "end": null, "altitudeMode": null, "tessellate": -1, "extrude": 0, "visibility": 0, "drawOrder": null, "icon": null, "Folder": "2N (#28)" }, "geometry": { "type": "Point", "coordinates": [ -106.522100780269994, 31.74977932530382, 0.0 ] } },
{ "type": "Feature", "properties": { "id": null, "Name": "ALD-1D-37/13/9-2-2", "description": null, "timestamp": null, "begin": null, "end": null, "altitudeMode": null, "tessellate": -1, "extrude": 0, "visibility": 0, "drawOrder": null, "icon": null, "Folder": "2N (#28)" }, "geometry": { "type": "Point", "coordinates": [ -106.521627671290105, 31.75070527560117, 0.0 ] } },
{ "type": "Feature", "properties": { "id": null, "Name": "ALD-1D-37/13/9-3-3", "description": null, "timestamp": null, "begin": null, "end": null, "altitudeMode": null, "tessellate": -1, "extrude": 0, "visibility": 0, "drawOrder": null, "icon": null, "Folder": "2N (#28)" }, "geometry": { "type": "Point", "coordinates": [ -106.521431149658099, 31.751290013393511, 0.0 ] } },
{ "type": "Feature", "properties": { "id": null, "Name": "ALD-1D-37/13/9-4-4", "description": null, "timestamp": null, "begin": null, "end": null, "altitudeMode": null, "tessellate": -1, "extrude": 0, "visibility": 0, "drawOrder": null, "icon": null, "Folder": "2N (#28)" }, "geometry": { "type": "Point", "coordinates": [ -106.519365, 31.752507, 0.0 ] } },
{ "type": "Feature", "properties": { "id": null, "Name": "ALD-1D-37/13/9-5-5", "description": null, "timestamp": null, "begin": null, "end": null, "altitudeMode": null, "tessellate": -1, "extrude": 0, "visibility": 0, "drawOrder": null, "icon": null, "Folder": "2N (#28)" }, "geometry": { "type": "Point", "coordinates": [ -106.519075, 31.753212635418389, 0.0 ] } },
{ "type": "Feature", "properties": { "id": null, "Name": "ALD-1D-37/13/9-6-6", "description": null, "timestamp": null, "begin": null, "end": null, "altitudeMode": null, "tessellate": -1, "extrude": 0, "visibility": 0, "drawOrder": null, "icon": null, "Folder": "2N (#28)" }, "geometry": { "type": "Point", "coordinates": [ -106.519779, 31.75134, 0.0 ] } },
{ "type": "Feature", "properties": { "id": null, "Name": "ALD-1D-37/13/9-7-7", "description": null, "timestamp": null, "begin": null, "end": null, "altitudeMode": null, "tessellate": -1, "extrude": 0, "visibility": 0, "drawOrder": null, "icon": null, "Folder": "2N (#28)" }, "geometry": { "type": "Point", "coordinates": [ -106.522065, 31.749876, 0.0 ] } },
{ "type": "Feature", "properties": { "id": null, "Name": "ALD-1D-37/13/9-8-8", "description": null, "timestamp": null, "begin": null, "end": null, "altitudeMode": null, "tessellate": -1, "extrude": 0, "visibility": 0, "drawOrder": null, "icon": null, "Folder": "2N (#28)" }, "geometry": { "type": "Point", "coordinates": [ -106.517355, 31.75409, 0.0 ] } },
{ "type": "Feature", "properties": { "id": null, "Name": "ALD-S-2-7", "description": null, "timestamp": null, "begin": null, "end": null, "altitudeMode": null, "tessellate": 1, "extrude": 0, "visibility": 0, "drawOrder": null, "icon": null, "Folder": "DISTRIBUCION (#29)" }, "geometry": { "type": "LineString", "coordinates": [ [ -106.522758279600495, 31.74995705926554, 0.0 ], [ -106.522096743551302, 31.749775712955739, 0.0 ], [ -106.521127714130699, 31.751839908329899, 0.0 ], [ -106.519783698730805, 31.751394571310691, 0.0 ], [ -106.518927210062202, 31.753540619325261, 0.0 ], [ -106.518753492559497, 31.753922814965001, 0.0 ], [ -106.518547697725197, 31.754432132951251, 0.0 ], [ -106.517874658380407, 31.754261534246162, 0.0 ], [ -106.517220957977798, 31.754071213340382, 0.0 ] ] } },
{ "type": "Feature", "properties": { "id": null, "Name": "ALD-1D-37/13/9", "description": null, "timestamp": null, "begin": null, "end": null, "altitudeMode": null, "tessellate": -1, "extrude": 0, "visibility": 0, "drawOrder": null, "icon": null, "Folder": "1N (#27)" }, "geometry": { "type": "Point", "coordinates": [ -106.5172263523216, 31.753996217982081, 0.0 ] } },
{ "type": "Feature", "properties": { "id": null, "Name": "ALD-1D-92/20/9-1-1", "description": null, "timestamp": null, "begin": null, "end": null, "altitudeMode": null, "tessellate": -1, "extrude": 0, "visibility": 0, "drawOrder": null, "icon": null, "Folder": "2N (#29)" }, "geometry": { "type": "Point", "coordinates": [ -106.482792, 31.725445, 0.0 ] } },
{ "type": "Feature", "properties": { "id": null, "Name": "ALD-1D-92/20/9-2-2", "description": null, "timestamp": null, "begin": null, "end": null, "altitudeMode": null, "tessellate": -1, "extrude": 0, "visibility": 0, "drawOrder": null, "icon": null, "Folder": "2N (#29)" }, "geometry": { "type": "Point", "coordinates": [ -106.483248, 31.72338, 0.0 ] } },
{ "type": "Feature", "properties": { "id": null, "Name": "ALD-1D-92/20/9-3-3", "description": null, "timestamp": null, "begin": null, "end": null, "altitudeMode": null, "tessellate": -1, "extrude": 0, "visibility": 0, "drawOrder": null, "icon": null, "Folder": "2N (#29)" }, "geometry": { "type": "Point", "coordinates": [ -106.482203, 31.723694, 0.0 ] } },
{ "type": "Feature", "properties": { "id": null, "Name": "ALD-1D-92/20/9-4-4", "description": null, "timestamp": null, "begin": null, "end": null, "altitudeMode": null, "tessellate": -1, "extrude": 0, "visibility": 0, "drawOrder": null, "icon": null, "Folder": "2N (#29)" }, "geometry": { "type": "Point", "coordinates": [ -106.480719, 31.724167, 0.0 ] } },
{ "type": "Feature", "properties": { "id": null, "Name": "ALD-1D-92/20/9-5-5", "description": null, "timestamp": null, "begin": null, "end": null, "altitudeMode": null, "tessellate": -1, "extrude": 0, "visibility": 0, "drawOrder": null, "icon": null, "Folder": "2N (#29)" }, "geometry": { "type": "Point", "coordinates": [ -106.479599, 31.72278, 0.0 ] } },
{ "type": "Feature", "properties": { "id": null, "Name": "ALD-1D-92/20/9-6-6", "description": null, "timestamp": null, "begin": null, "end": null, "altitudeMode": null, "tessellate": -1, "extrude": 0, "visibility": 0, "drawOrder": null, "icon": null, "Folder": "2N (#29)" }, "geometry": { "type": "Point", "coordinates": [ -106.479214, 31.721682, 0.0 ] } },
{ "type": "Feature", "properties": { "id": null, "Name": "ALD-1D-92/20/9-7-7", "description": null, "timestamp": null, "begin": null, "end": null, "altitudeMode": null, "tessellate": -1, "extrude": 0, "visibility": 0, "drawOrder": null, "icon": null, "Folder": "2N (#29)" }, "geometry": { "type": "Point", "coordinates": [ -106.478367093395207, 31.719808332499749, 0.0 ] } },
{ "type": "Feature", "properties": { "id": null, "Name": "ALD-1D-92/20/9-8-8", "description": null, "timestamp": null, "begin": null, "end": null, "altitudeMode": null, "tessellate": -1, "extrude": 0, "visibility": 0, "drawOrder": null, "icon": null, "Folder": "2N (#29)" }, "geometry": { "type": "Point", "coordinates": [ -106.477651, 31.72000637911604, 0.0 ] } },
{ "type": "Feature", "properties": { "id": null, "Name": "ALD-S-4-6", "description": null, "timestamp": null, "begin": null, "end": null, "altitudeMode": null, "tessellate": 1, "extrude": 0, "visibility": 0, "drawOrder": null, "icon": null, "Folder": "DISTRIBUCION (#30)" }, "geometry": { "type": "LineString", "coordinates": [ [ -106.4828230835748, 31.725535901225751, 0.0 ], [ -106.482299400223596, 31.723690838775561, 0.0 ], [ -106.480251314112706, 31.72431305617047, 0.0 ], [ -106.478523076585901, 31.71977779179565, 0.0 ], [ -106.477609425354999, 31.72006031228592, 0.0 ] ] } },
{ "type": "Feature", "properties": { "id": null, "Name": "ALD-1D-92/20/9", "description": null, "timestamp": null, "begin": null, "end": null, "altitudeMode": null, "tessellate": -1, "extrude": 0, "visibility": 0, "drawOrder": null, "icon": null, "Folder": "1N (#28)" }, "geometry": { "type": "Point", "coordinates": [ -106.477423289293398, 31.72003530644745, 0.0 ] } },
{ "type": "Feature", "properties": { "id": null, "Name": "ALD-2D-83/11/9-1-1", "description": null, "timestamp": null, "begin": null, "end": null, "altitudeMode": null, "tessellate": -1, "extrude": 0, "visibility": 0, "drawOrder": null, "icon": null, "Folder": "2N (#30)" }, "geometry": { "type": "Point", "coordinates": [ -106.509272, 31.742482, 0.0 ] } },
{ "type": "Feature", "properties": { "id": null, "Name": "ALD-2D-83/11/9-2-2", "description": null, "timestamp": null, "begin": null, "end": null, "altitudeMode": null, "tessellate": -1, "extrude": 0, "visibility": 0, "drawOrder": null, "icon": null, "Folder": "2N (#30)" }, "geometry": { "type": "Point", "coordinates": [ -106.512327, 31.741859, 0.0 ] } },
{ "type": "Feature", "properties": { "id": null, "Name": "ALD-2D-83/11/9-3-3", "description": null, "timestamp": null, "begin": null, "end": null, "altitudeMode": null, "tessellate": -1, "extrude": 0, "visibility": 0, "drawOrder": null, "icon": null, "Folder": "2N (#30)" }, "geometry": { "type": "Point", "coordinates": [ -106.512158, 31.740567, 0.0 ] } },
{ "type": "Feature", "properties": { "id": null, "Name": "ALD-2D-83/11/9-4-4", "description": null, "timestamp": null, "begin": null, "end": null, "altitudeMode": null, "tessellate": -1, "extrude": 0, "visibility": 0, "drawOrder": null, "icon": null, "Folder": "2N (#30)" }, "geometry": { "type": "Point", "coordinates": [ -106.511726, 31.739601, 0.0 ] } },
{ "type": "Feature", "properties": { "id": null, "Name": "ALD-2D-83/11/9-5-5", "description": "CAJA COMPARTIDA", "timestamp": null, "begin": null, "end": null, "altitudeMode": null, "tessellate": -1, "extrude": 0, "visibility": 0, "drawOrder": null, "icon": null, "Folder": "2N (#30)" }, "geometry": { "type": "Point", "coordinates": [ -106.511569, 31.737943, 0.0 ] } },
{ "type": "Feature", "properties": { "id": null, "Name": "ALD-2D-83/11/9-6-6", "description": null, "timestamp": null, "begin": null, "end": null, "altitudeMode": null, "tessellate": -1, "extrude": 0, "visibility": 0, "drawOrder": null, "icon": null, "Folder": "2N (#30)" }, "geometry": { "type": "Point", "coordinates": [ -106.510517, 31.738005, 0.0 ] } },
{ "type": "Feature", "properties": { "id": null, "Name": "ALD-2D-83/11/9-7-7", "description": null, "timestamp": null, "begin": null, "end": null, "altitudeMode": null, "tessellate": -1, "extrude": 0, "visibility": 0, "drawOrder": null, "icon": null, "Folder": "2N (#30)" }, "geometry": { "type": "Point", "coordinates": [ -106.512096374414597, 31.74038893026022, 0.0 ] } },
{ "type": "Feature", "properties": { "id": null, "Name": "ALD-2D-83/11/9-8-8", "description": "CAJA FANTASMA NO HAY HILOS PARA ILUMINARLA", "timestamp": null, "begin": null, "end": null, "altitudeMode": null, "tessellate": -1, "extrude": 0, "visibility": 0, "drawOrder": null, "icon": null, "Folder": "2N (#30)" }, "geometry": { "type": "Point", "coordinates": [ -106.508722883765898, 31.742845487654058, 0.0 ] } },
{ "type": "Feature", "properties": { "id": null, "Name": "ALD-S-8-3", "description": null, "timestamp": null, "begin": null, "end": null, "altitudeMode": null, "tessellate": 1, "extrude": 0, "visibility": 0, "drawOrder": null, "icon": null, "Folder": "DISTRIBUCION (#31)" }, "geometry": { "type": "LineString", "coordinates": [ [ -106.508711560341396, 31.742881964291009, 0.0 ], [ -106.508683796012903, 31.742637906271341, 0.0 ], [ -106.512602757788201, 31.741684133533418, 0.0 ], [ -106.512124470468393, 31.740387729141698, 0.0 ], [ -106.511951389794802, 31.739826570027819, 0.0 ], [ -106.511867274822905, 31.739635862428749, 0.0 ], [ -106.511993027833597, 31.73959148783495, 0.0 ], [ -106.511745405972903, 31.73869377374406, 0.0 ], [ -106.511516587155995, 31.737822340825161, 0.0 ], [ -106.510548081301593, 31.738047439929328, 0.0 ], [ -106.510399774254594, 31.737624557065129, 0.0 ], [ -106.510289691682203, 31.73710001957695, 0.0 ], [ -106.5099775635843, 31.736589016207159, 0.0 ], [ -106.509893232858005, 31.736242586116202, 0.0 ], [ -106.509502537862204, 31.736347374850059, 0.0 ] ] } },
{ "type": "Feature", "properties": { "id": null, "Name": "ALD-2D-83/11/9", "description": null, "timestamp": null, "begin": null, "end": null, "altitudeMode": null, "tessellate": -1, "extrude": 0, "visibility": 0, "drawOrder": null, "icon": null, "Folder": "1N (#29)" }, "geometry": { "type": "Point", "coordinates": [ -106.509934382151599, 31.736559040292619, 0.0 ] } },
{ "type": "Feature", "properties": { "id": null, "Name": "ALD-1I-15/15/9-1-1", "description": null, "timestamp": null, "begin": null, "end": null, "altitudeMode": null, "tessellate": -1, "extrude": 0, "visibility": 0, "drawOrder": null, "icon": null, "Folder": "2N (#31)" }, "geometry": { "type": "Point", "coordinates": [ -106.493607, 31.736443, 0.0 ] } },
{ "type": "Feature", "properties": { "id": null, "Name": "ALD-1I-15/15/9-2-2", "description": null, "timestamp": null, "begin": null, "end": null, "altitudeMode": null, "tessellate": -1, "extrude": 0, "visibility": 0, "drawOrder": null, "icon": null, "Folder": "2N (#31)" }, "geometry": { "type": "Point", "coordinates": [ -106.491904, 31.735941, 0.0 ] } },
{ "type": "Feature", "properties": { "id": null, "Name": "ALD-1I-15/15/9-3-3", "description": null, "timestamp": null, "begin": null, "end": null, "altitudeMode": null, "tessellate": -1, "extrude": 0, "visibility": 0, "drawOrder": null, "icon": null, "Folder": "2N (#31)" }, "geometry": { "type": "Point", "coordinates": [ -106.491386, 31.735795, 0.0 ] } },
{ "type": "Feature", "properties": { "id": null, "Name": "ALD-1I-15/15/9-4-4", "description": null, "timestamp": null, "begin": null, "end": null, "altitudeMode": null, "tessellate": -1, "extrude": 0, "visibility": 0, "drawOrder": null, "icon": null, "Folder": "2N (#31)" }, "geometry": { "type": "Point", "coordinates": [ -106.49104, 31.735705, 0.0 ] } },
{ "type": "Feature", "properties": { "id": null, "Name": "ALD-1I-15/15/9-5-5", "description": null, "timestamp": null, "begin": null, "end": null, "altitudeMode": null, "tessellate": -1, "extrude": 0, "visibility": 0, "drawOrder": null, "icon": null, "Folder": "2N (#31)" }, "geometry": { "type": "Point", "coordinates": [ -106.492728776981195, 31.736226538866859, 0.0 ] } },
{ "type": "Feature", "properties": { "id": null, "Name": "ALD-1I-15/15/9-6-6", "description": null, "timestamp": null, "begin": null, "end": null, "altitudeMode": null, "tessellate": -1, "extrude": 0, "visibility": 0, "drawOrder": null, "icon": null, "Folder": "2N (#31)" }, "geometry": { "type": "Point", "coordinates": [ -106.486858, 31.734444, 0.0 ] } },
{ "type": "Feature", "properties": { "id": null, "Name": "ALD-1I-15/15/9-7-7", "description": null, "timestamp": null, "begin": null, "end": null, "altitudeMode": null, "tessellate": -1, "extrude": 0, "visibility": 0, "drawOrder": null, "icon": null, "Folder": "2N (#31)" }, "geometry": { "type": "Point", "coordinates": [ -106.483732, 31.735264, 0.0 ] } },
{ "type": "Feature", "properties": { "id": null, "Name": "ALD-1I-15/15/9-8-8", "description": null, "timestamp": null, "begin": null, "end": null, "altitudeMode": null, "tessellate": -1, "extrude": 0, "visibility": 0, "drawOrder": null, "icon": null, "Folder": "2N (#31)" }, "geometry": { "type": "Point", "coordinates": [ -106.485932, 31.735687, 0.0 ] } },
{ "type": "Feature", "properties": { "id": null, "Name": "ALD-S-1-3", "description": null, "timestamp": null, "begin": null, "end": null, "altitudeMode": null, "tessellate": 1, "extrude": 0, "visibility": 0, "drawOrder": null, "icon": null, "Folder": "DISTRIBUCION (#32)" }, "geometry": { "type": "LineString", "coordinates": [ [ -106.493717341793001, 31.736503796596079, 0.0 ], [ -106.486460255190195, 31.734346226151111, 0.0 ], [ -106.485745310725605, 31.736272971862199, 0.0 ], [ -106.48459386703, 31.735737912012869, 0.0 ], [ -106.484365361858096, 31.736108924799112, 0.0 ], [ -106.484288203872794, 31.736202308948279, 0.0 ], [ -106.483890540821903, 31.736580893422669, 0.0 ], [ -106.483507710710398, 31.73693424028561, 0.0 ] ] } },
{ "type": "Feature", "properties": { "id": null, "Name": "ALD-1I-15/15/9", "description": null, "timestamp": null, "begin": null, "end": null, "altitudeMode": null, "tessellate": -1, "extrude": 0, "visibility": 0, "drawOrder": null, "icon": null, "Folder": "1N (#30)" }, "geometry": { "type": "Point", "coordinates": [ -106.485640427445404, 31.736197800564, 0.0 ] } },
{ "type": "Feature", "properties": { "id": null, "Name": "ALD-2I-60/12/9-1-1", "description": null, "timestamp": null, "begin": null, "end": null, "altitudeMode": null, "tessellate": -1, "extrude": 0, "visibility": 0, "drawOrder": null, "icon": null, "Folder": "2N (#32)" }, "geometry": { "type": "Point", "coordinates": [ -106.502982, 31.751967, 0.0 ] } },
{ "type": "Feature", "properties": { "id": null, "Name": "ALD-2I-60/12/9-2-2", "description": null, "timestamp": null, "begin": null, "end": null, "altitudeMode": null, "tessellate": -1, "extrude": 0, "visibility": 0, "drawOrder": null, "icon": null, "Folder": "2N (#32)" }, "geometry": { "type": "Point", "coordinates": [ -106.506296, 31.757633, 0.0 ] } },
{ "type": "Feature", "properties": { "id": null, "Name": "ALD-2I-60/12/9-3-3", "description": null, "timestamp": null, "begin": null, "end": null, "altitudeMode": null, "tessellate": -1, "extrude": 0, "visibility": 0, "drawOrder": null, "icon": null, "Folder": "2N (#32)" }, "geometry": { "type": "Point", "coordinates": [ -106.501623, 31.753031, 0.0 ] } },
{ "type": "Feature", "properties": { "id": null, "Name": "ALD-2I-60/12/9-4-4", "description": null, "timestamp": null, "begin": null, "end": null, "altitudeMode": null, "tessellate": -1, "extrude": 0, "visibility": 0, "drawOrder": null, "icon": null, "Folder": "2N (#32)" }, "geometry": { "type": "Point", "coordinates": [ -106.501033187002093, 31.75425542808204, 0.0 ] } },
{ "type": "Feature", "properties": { "id": null, "Name": "ALD-2I-60/12/9-5-5", "description": null, "timestamp": null, "begin": null, "end": null, "altitudeMode": null, "tessellate": -1, "extrude": 0, "visibility": 0, "drawOrder": null, "icon": null, "Folder": "2N (#32)" }, "geometry": { "type": "Point", "coordinates": [ -106.502343, 31.754633, 0.0 ] } },
{ "type": "Feature", "properties": { "id": null, "Name": "ALD-2I-60/12/9-6-6", "description": null, "timestamp": null, "begin": null, "end": null, "altitudeMode": null, "tessellate": -1, "extrude": 0, "visibility": 0, "drawOrder": null, "icon": null, "Folder": "2N (#32)" }, "geometry": { "type": "Point", "coordinates": [ -106.503293271470795, 31.754923823834829, 0.0 ] } },
{ "type": "Feature", "properties": { "id": null, "Name": "ALD-2I-60/12/9-7-7", "description": null, "timestamp": null, "begin": null, "end": null, "altitudeMode": null, "tessellate": -1, "extrude": 0, "visibility": 0, "drawOrder": null, "icon": null, "Folder": "2N (#32)" }, "geometry": { "type": "Point", "coordinates": [ -106.50657, 31.756566, 0.0 ] } },
{ "type": "Feature", "properties": { "id": null, "Name": "ALD-2I-60/12/9-8-8", "description": null, "timestamp": null, "begin": null, "end": null, "altitudeMode": null, "tessellate": -1, "extrude": 0, "visibility": 0, "drawOrder": null, "icon": null, "Folder": "2N (#32)" }, "geometry": { "type": "Point", "coordinates": [ -106.505359, 31.756055, 0.0 ] } },
{ "type": "Feature", "properties": { "id": null, "Name": "ALD-S-7-3", "description": null, "timestamp": null, "begin": null, "end": null, "altitudeMode": null, "tessellate": 1, "extrude": 0, "visibility": 0, "drawOrder": null, "icon": null, "Folder": "DISTRIBUCION (#33)" }, "geometry": { "type": "LineString", "coordinates": [ [ -106.503482335415498, 31.75214452649168, 0.0 ], [ -106.502131964036195, 31.7517546783372, 0.0 ], [ -106.501111738453702, 31.754299702976532, 0.0 ], [ -106.501574137768699, 31.754417053658649, 0.0 ], [ -106.502037071846004, 31.754550286763511, 0.0 ], [ -106.502425575756405, 31.75469003791768, 0.0 ], [ -106.502889669176199, 31.754831794512231, 0.0 ], [ -106.503311360502806, 31.754955875817309, 0.0 ], [ -106.503798189260394, 31.75510477166312, 0.0 ], [ -106.5050912592299, 31.755489730108948, 0.0 ], [ -106.505598968320001, 31.755657632534952, 0.0 ], [ -106.505265961759406, 31.756467405951302, 0.0 ] ] } },
{ "type": "Feature", "properties": { "id": null, "Name": "ALD-2I-60/12/9", "description": null, "timestamp": null, "begin": null, "end": null, "altitudeMode": null, "tessellate": -1, "extrude": 0, "visibility": 0, "drawOrder": null, "icon": null, "Folder": "1N (#31)" }, "geometry": { "type": "Point", "coordinates": [ -106.505259507796197, 31.756496804279681, 0.0 ] } },
{ "type": "Feature", "properties": { "id": null, "Name": "ALD-2I-61/13-1-1", "description": null, "timestamp": null, "begin": null, "end": null, "altitudeMode": null, "tessellate": -1, "extrude": 0, "visibility": 0, "drawOrder": null, "icon": null, "Folder": "2N (#33)" }, "geometry": { "type": "Point", "coordinates": [ -106.505555, 31.747211, 0.0 ] } },
{ "type": "Feature", "properties": { "id": null, "Name": "ALD-2I-61/13-2-2", "description": null, "timestamp": null, "begin": null, "end": null, "altitudeMode": null, "tessellate": -1, "extrude": 0, "visibility": 0, "drawOrder": null, "icon": null, "Folder": "2N (#33)" }, "geometry": { "type": "Point", "coordinates": [ -106.505915, 31.746346, 0.0 ] } },
{ "type": "Feature", "properties": { "id": null, "Name": "ALD-2I-61/13-3-3", "description": null, "timestamp": null, "begin": null, "end": null, "altitudeMode": null, "tessellate": -1, "extrude": 0, "visibility": 0, "drawOrder": null, "icon": null, "Folder": "2N (#33)" }, "geometry": { "type": "Point", "coordinates": [ -106.504406457589994, 31.745270125232089, 0.0 ] } },
{ "type": "Feature", "properties": { "id": null, "Name": "ALD-2I-61/13-4-4", "description": null, "timestamp": null, "begin": null, "end": null, "altitudeMode": null, "tessellate": -1, "extrude": 0, "visibility": 0, "drawOrder": null, "icon": null, "Folder": "2N (#33)" }, "geometry": { "type": "Point", "coordinates": [ -106.504236, 31.745246, 0.0 ] } },
{ "type": "Feature", "properties": { "id": null, "Name": "ALD-2I-61/13-5-5", "description": null, "timestamp": null, "begin": null, "end": null, "altitudeMode": null, "tessellate": -1, "extrude": 0, "visibility": 0, "drawOrder": null, "icon": null, "Folder": "2N (#33)" }, "geometry": { "type": "Point", "coordinates": [ -106.502093, 31.74455, 0.0 ] } },
{ "type": "Feature", "properties": { "id": null, "Name": "ALD-2I-61/13-6-6", "description": null, "timestamp": null, "begin": null, "end": null, "altitudeMode": null, "tessellate": -1, "extrude": 0, "visibility": 0, "drawOrder": null, "icon": null, "Folder": "2N (#33)" }, "geometry": { "type": "Point", "coordinates": [ -106.500233, 31.743982, 0.0 ] } },
{ "type": "Feature", "properties": { "id": null, "Name": "ALD-2I-61/13-7-7 1:8", "description": null, "timestamp": null, "begin": null, "end": null, "altitudeMode": null, "tessellate": -1, "extrude": 0, "visibility": 0, "drawOrder": null, "icon": null, "Folder": "2N (#33)" }, "geometry": { "type": "Point", "coordinates": [ -106.498846802732899, 31.743582859222968, 0.0 ] } },
{ "type": "Feature", "properties": { "id": null, "Name": "ALD-2I-61/13-8-8", "description": null, "timestamp": null, "begin": null, "end": null, "altitudeMode": null, "tessellate": -1, "extrude": 0, "visibility": 0, "drawOrder": null, "icon": null, "Folder": "2N (#33)" }, "geometry": { "type": "Point", "coordinates": [ -106.498468, 31.743446311660509, 0.0 ] } },
{ "type": "Feature", "properties": { "id": null, "Name": "ALD-S-7-1", "description": null, "timestamp": null, "begin": null, "end": null, "altitudeMode": null, "tessellate": 1, "extrude": 0, "visibility": 0, "drawOrder": null, "icon": null, "Folder": "DISTRIBUCION (#34)" }, "geometry": { "type": "LineString", "coordinates": [ [ -106.5053433979147, 31.747648167972269, 0.0 ], [ -106.5061557535915, 31.745776277702841, 0.0 ], [ -106.504774730017004, 31.745377351075771, 0.0 ], [ -106.504318606613396, 31.74523428707565, 0.0 ], [ -106.501613785219106, 31.744432497068399, 0.0 ], [ -106.501104708655902, 31.744288680502802, 0.0 ], [ -106.500683746236206, 31.744138867026429, 0.0 ], [ -106.500262344116905, 31.74400537842309, 0.0 ], [ -106.499317505025303, 31.743735946643991, 0.0 ], [ -106.498458975161299, 31.74348228976562, 0.0 ] ] } },
{ "type": "Feature", "properties": { "id": null, "Name": "ALD-2I-61/13", "description": null, "timestamp": null, "begin": null, "end": null, "altitudeMode": null, "tessellate": -1, "extrude": 0, "visibility": 0, "drawOrder": null, "icon": null, "Folder": "1N (#32)" }, "geometry": { "type": "Point", "coordinates": [ -106.498217318634801, 31.743424507756028, 0.0 ] } },
{ "type": "Feature", "properties": { "id": null, "Name": "ALD-2I-62/13-1-1", "description": null, "timestamp": null, "begin": null, "end": null, "altitudeMode": null, "tessellate": -1, "extrude": 0, "visibility": 0, "drawOrder": null, "icon": null, "Folder": "2N (#34)" }, "geometry": { "type": "Point", "coordinates": [ -106.508541, 31.758482, 0.0 ] } },
{ "type": "Feature", "properties": { "id": null, "Name": "ALD-2I-62/13-2-2", "description": null, "timestamp": null, "begin": null, "end": null, "altitudeMode": null, "tessellate": -1, "extrude": 0, "visibility": 0, "drawOrder": null, "icon": null, "Folder": "2N (#34)" }, "geometry": { "type": "Point", "coordinates": [ -106.508251, 31.752085, 0.0 ] } },
{ "type": "Feature", "properties": { "id": null, "Name": "ALD-2I-62/13-3-3", "description": null, "timestamp": null, "begin": null, "end": null, "altitudeMode": null, "tessellate": -1, "extrude": 0, "visibility": 0, "drawOrder": null, "icon": null, "Folder": "2N (#34)" }, "geometry": { "type": "Point", "coordinates": [ -106.509121, 31.752387, 0.0 ] } },
{ "type": "Feature", "properties": { "id": null, "Name": "ALD-2I-62/13-4-4", "description": null, "timestamp": null, "begin": null, "end": null, "altitudeMode": null, "tessellate": -1, "extrude": 0, "visibility": 0, "drawOrder": null, "icon": null, "Folder": "2N (#34)" }, "geometry": { "type": "Point", "coordinates": [ -106.508956, 31.754898, 0.0 ] } },
{ "type": "Feature", "properties": { "id": null, "Name": "ALD-2I-62/13-5-5", "description": null, "timestamp": null, "begin": null, "end": null, "altitudeMode": null, "tessellate": -1, "extrude": 0, "visibility": 0, "drawOrder": null, "icon": null, "Folder": "2N (#34)" }, "geometry": { "type": "Point", "coordinates": [ -106.510039, 31.756217, 0.0 ] } },
{ "type": "Feature", "properties": { "id": null, "Name": "ALD-2I-62/13-6-6", "description": null, "timestamp": null, "begin": null, "end": null, "altitudeMode": null, "tessellate": -1, "extrude": 0, "visibility": 0, "drawOrder": null, "icon": null, "Folder": "2N (#34)" }, "geometry": { "type": "Point", "coordinates": [ -106.509836471311004, 31.75755365537735, 0.0 ] } },
{ "type": "Feature", "properties": { "id": null, "Name": "ALD-2I-62/13-7-7", "description": null, "timestamp": null, "begin": null, "end": null, "altitudeMode": null, "tessellate": -1, "extrude": 0, "visibility": 0, "drawOrder": null, "icon": null, "Folder": "2N (#34)" }, "geometry": { "type": "Point", "coordinates": [ -106.508854, 31.757927, 0.0 ] } },
{ "type": "Feature", "properties": { "id": null, "Name": "ALD-2I-62/13-8-8", "description": null, "timestamp": null, "begin": null, "end": null, "altitudeMode": null, "tessellate": -1, "extrude": 0, "visibility": 0, "drawOrder": null, "icon": null, "Folder": "2N (#34)" }, "geometry": { "type": "Point", "coordinates": [ -106.507486, 31.751906, 0.0 ] } },
{ "type": "Feature", "properties": { "id": null, "Name": "ALD-S-7-8", "description": null, "timestamp": null, "begin": null, "end": null, "altitudeMode": null, "tessellate": 1, "extrude": 0, "visibility": 0, "drawOrder": null, "icon": null, "Folder": "DISTRIBUCION (#35)" }, "geometry": { "type": "LineString", "coordinates": [ [ -106.507182940381398, 31.751859612971931, 0.0 ], [ -106.509245871942298, 31.752450844959601, 0.0 ], [ -106.508869699040403, 31.755234466191119, 0.0 ], [ -106.509165680991998, 31.755299375648249, 0.0 ], [ -106.509074464169501, 31.755528951344409, 0.0 ], [ -106.508873870893098, 31.755827868189609, 0.0 ], [ -106.508803522757603, 31.756186487994729, 0.0 ], [ -106.508711020839499, 31.756476305941568, 0.0 ], [ -106.508810654259406, 31.75662535862584, 0.0 ], [ -106.509884620519202, 31.756931881488871, 0.0 ], [ -106.509724165009999, 31.757495203609039, 0.0 ], [ -106.509701075125506, 31.75789566552173, 0.0 ], [ -106.509676238716807, 31.758156259174701, 0.0 ], [ -106.509400300668304, 31.758077912741101, 0.0 ], [ -106.509374748976199, 31.758375099732461, 0.0 ], [ -106.509261590966503, 31.75871165348569, 0.0 ] ] } },
{ "type": "Feature", "properties": { "id": null, "Name": "ALD-2I-62/13", "description": null, "timestamp": null, "begin": null, "end": null, "altitudeMode": null, "tessellate": -1, "extrude": 0, "visibility": 0, "drawOrder": null, "icon": null, "Folder": "1N (#33)" }, "geometry": { "type": "Point", "coordinates": [ -106.508529606919794, 31.758643964898031, 0.0 ] } },
{ "type": "Feature", "properties": { "id": null, "Name": "ALD-1D-94/22-1-1", "description": null, "timestamp": null, "begin": null, "end": null, "altitudeMode": null, "tessellate": -1, "extrude": 0, "visibility": 0, "drawOrder": null, "icon": null, "Folder": "2N (#35)" }, "geometry": { "type": "Point", "coordinates": [ -106.484154, 31.725176, 0.0 ] } },
{ "type": "Feature", "properties": { "id": null, "Name": "ALD-1D-94/22-2-2", "description": null, "timestamp": null, "begin": null, "end": null, "altitudeMode": null, "tessellate": -1, "extrude": 0, "visibility": 0, "drawOrder": null, "icon": null, "Folder": "2N (#35)" }, "geometry": { "type": "Point", "coordinates": [ -106.484587, 31.724137, 0.0 ] } },
{ "type": "Feature", "properties": { "id": null, "Name": "ALD-1D-94/22-3-3", "description": null, "timestamp": null, "begin": null, "end": null, "altitudeMode": null, "tessellate": -1, "extrude": 0, "visibility": 0, "drawOrder": null, "icon": null, "Folder": "2N (#35)" }, "geometry": { "type": "Point", "coordinates": [ -106.484888, 31.723343, 0.0 ] } },
{ "type": "Feature", "properties": { "id": null, "Name": "ALD-1D-94/22-4-4", "description": null, "timestamp": null, "begin": null, "end": null, "altitudeMode": null, "tessellate": -1, "extrude": 0, "visibility": 0, "drawOrder": null, "icon": null, "Folder": "2N (#35)" }, "geometry": { "type": "Point", "coordinates": [ -106.485484, 31.721961, 0.0 ] } },
{ "type": "Feature", "properties": { "id": null, "Name": "ALD-1D-94/22-5-5", "description": null, "timestamp": null, "begin": null, "end": null, "altitudeMode": null, "tessellate": -1, "extrude": 0, "visibility": 0, "drawOrder": null, "icon": null, "Folder": "2N (#35)" }, "geometry": { "type": "Point", "coordinates": [ -106.484591, 31.721702, 0.0 ] } },
{ "type": "Feature", "properties": { "id": null, "Name": "ALD-1D-94/22-6-6", "description": null, "timestamp": null, "begin": null, "end": null, "altitudeMode": null, "tessellate": -1, "extrude": 0, "visibility": 0, "drawOrder": null, "icon": null, "Folder": "2N (#35)" }, "geometry": { "type": "Point", "coordinates": [ -106.483835, 31.722239, 0.0 ] } },
{ "type": "Feature", "properties": { "id": null, "Name": "ALD-1D-94/22-7-7", "description": "SP DE 1:8 SE COLOCO DENTRO DE LA CAJA ORIGINAL, CAJA DEL REGRESO NO EXISTE FISICAMENTE", "timestamp": null, "begin": null, "end": null, "altitudeMode": null, "tessellate": -1, "extrude": 0, "visibility": 0, "drawOrder": null, "icon": null, "Folder": "2N (#35)" }, "geometry": { "type": "Point", "coordinates": [ -106.483427, 31.723209, 0.0 ] } },
{ "type": "Feature", "properties": { "id": null, "Name": "ALD-1D-94/22-8-8", "description": null, "timestamp": null, "begin": null, "end": null, "altitudeMode": null, "tessellate": -1, "extrude": 0, "visibility": 0, "drawOrder": null, "icon": null, "Folder": "2N (#35)" }, "geometry": { "type": "Point", "coordinates": [ -106.482874788178194, 31.723292464897419, 0.0 ] } },
{ "type": "Feature", "properties": { "id": null, "Name": "ALD-S-4-7", "description": null, "timestamp": null, "begin": null, "end": null, "altitudeMode": null, "tessellate": 1, "extrude": 0, "visibility": 0, "drawOrder": null, "icon": null, "Folder": "DISTRIBUCION (#36)" }, "geometry": { "type": "LineString", "coordinates": [ [ -106.483933558318597, 31.725731291349351, 0.0 ], [ -106.485461891212594, 31.721976472190342, 0.0 ], [ -106.484126609784695, 31.72157642075274, 0.0 ], [ -106.483345387386393, 31.723454601585232, 0.0 ], [ -106.482422856762895, 31.723194550999239, 0.0 ] ] } },
{ "type": "Feature", "properties": { "id": null, "Name": "ALD-1D-94/22/9", "description": null, "timestamp": null, "begin": null, "end": null, "altitudeMode": null, "tessellate": -1, "extrude": 0, "visibility": 0, "drawOrder": null, "icon": null, "Folder": "1N (#34)" }, "geometry": { "type": "Point", "coordinates": [ -106.482851427920096, 31.723281918847139, 0.0 ] } },
{ "type": "Feature", "properties": { "id": null, "Name": "ALD-1D-40/16/9-1-1", "description": "<b>AGREGADA 27 NOVIEMBRE 2025</b>", "timestamp": null, "begin": null, "end": null, "altitudeMode": null, "tessellate": -1, "extrude": 0, "visibility": 0, "drawOrder": null, "icon": null, "Folder": "2N (#36)" }, "geometry": { "type": "Point", "coordinates": [ -106.515504, 31.759549, 0.0 ] } },
{ "type": "Feature", "properties": { "id": null, "Name": "ALD-1D-40/16/9-2-2", "description": null, "timestamp": null, "begin": null, "end": null, "altitudeMode": null, "tessellate": -1, "extrude": 0, "visibility": 0, "drawOrder": null, "icon": null, "Folder": "2N (#36)" }, "geometry": { "type": "Point", "coordinates": [ -106.513820090350706, 31.7573341121719, 0.0 ] } },
{ "type": "Feature", "properties": { "id": null, "Name": "ALD-1D-40/16/9-3-3", "description": null, "timestamp": null, "begin": null, "end": null, "altitudeMode": null, "tessellate": -1, "extrude": 0, "visibility": 0, "drawOrder": null, "icon": null, "Folder": "2N (#36)" }, "geometry": { "type": "Point", "coordinates": [ -106.512776, 31.7556, 0.0 ] } },
{ "type": "Feature", "properties": { "id": null, "Name": "ALD-1D-40/16/9-5-5", "description": null, "timestamp": null, "begin": null, "end": null, "altitudeMode": null, "tessellate": -1, "extrude": 0, "visibility": 0, "drawOrder": null, "icon": null, "Folder": "2N (#36)" }, "geometry": { "type": "Point", "coordinates": [ -106.515840135352803, 31.75736340564162, 0.0 ] } },
{ "type": "Feature", "properties": { "id": null, "Name": "ALD-1D-40/16/9-6-6", "description": null, "timestamp": null, "begin": null, "end": null, "altitudeMode": null, "tessellate": -1, "extrude": 0, "visibility": 0, "drawOrder": null, "icon": null, "Folder": "2N (#36)" }, "geometry": { "type": "Point", "coordinates": [ -106.512913, 31.759201, 0.0 ] } },
{ "type": "Feature", "properties": { "id": null, "Name": "ALD-1D-40/16/9-7-7", "description": null, "timestamp": null, "begin": null, "end": null, "altitudeMode": null, "tessellate": -1, "extrude": 0, "visibility": 0, "drawOrder": null, "icon": null, "Folder": "2N (#36)" }, "geometry": { "type": "Point", "coordinates": [ -106.512554, 31.760065, 0.0 ] } },
{ "type": "Feature", "properties": { "id": null, "Name": "ALD-1D-40/16/9-8-8", "description": null, "timestamp": null, "begin": null, "end": null, "altitudeMode": null, "tessellate": -1, "extrude": 0, "visibility": 0, "drawOrder": null, "icon": null, "Folder": "2N (#36)" }, "geometry": { "type": "Point", "coordinates": [ -106.511447227488006, 31.760774623725641, 0.0 ] } },
{ "type": "Feature", "properties": { "id": null, "Name": "ALD-S-2-4-3", "description": null, "timestamp": null, "begin": null, "end": null, "altitudeMode": null, "tessellate": 1, "extrude": 0, "visibility": 0, "drawOrder": null, "icon": null, "Folder": "DISTRIBUCION (#37)" }, "geometry": { "type": "LineString", "coordinates": [ [ -106.5128732865074, 31.759259256541849, 0.0 ], [ -106.514120272963396, 31.759722264370279, 0.0 ], [ -106.514353709195206, 31.759209381846791, 0.0 ], [ -106.515487058269798, 31.759539816400451, 0.0 ] ] } },
{ "type": "Feature", "properties": { "id": null, "Name": "ALD-S-2-4-1", "description": null, "timestamp": null, "begin": null, "end": null, "altitudeMode": null, "tessellate": 1, "extrude": 0, "visibility": 0, "drawOrder": null, "icon": null, "Folder": "DISTRIBUCION (#37)" }, "geometry": { "type": "LineString", "coordinates": [ [ -106.512827964040497, 31.759260945919081, 0.0 ], [ -106.514142917494496, 31.759688456051389, 0.0 ], [ -106.5143465127003, 31.75921600208742, 0.0 ] ] } },
{ "type": "Feature", "properties": { "id": null, "Name": "ALD-S-2-4", "description": null, "timestamp": null, "begin": null, "end": null, "altitudeMode": null, "tessellate": 1, "extrude": 0, "visibility": 0, "drawOrder": null, "icon": null, "Folder": "DISTRIBUCION (#37)" }, "geometry": { "type": "LineString", "coordinates": [ [ -106.514618770732199, 31.756969584606619, 0.0 ], [ -106.514254448536803, 31.75685423948039, 0.0 ], [ -106.514044389874201, 31.75679377849152, 0.0 ], [ -106.513894186268203, 31.75735517189548, 0.0 ], [ -106.513268486709705, 31.757156575429359, 0.0 ], [ -106.512890254980405, 31.757055537670929, 0.0 ], [ -106.512557577756894, 31.756952172854241, 0.0 ], [ -106.512525694456698, 31.757313464821561, 0.0 ], [ -106.512489299131403, 31.757727833780152, 0.0 ], [ -106.512419202739594, 31.758271093838811, 0.0 ], [ -106.512417965028305, 31.758327188180449, 0.0 ], [ -106.512312497933607, 31.758677080050489, 0.0 ], [ -106.512160528352098, 31.7590368629109, 0.0 ], [ -106.512611173955904, 31.759176300850289, 0.0 ], [ -106.512911242206698, 31.759278975871609, 0.0 ], [ -106.512672308147003, 31.759879182567101, 0.0 ], [ -106.512482295601203, 31.760167673571889, 0.0 ], [ -106.512342598802107, 31.76058236649839, 0.0 ], [ -106.511548158300798, 31.760351686250161, 0.0 ], [ -106.511410237266205, 31.760884271708189, 0.0 ] ] } },
{ "type": "Feature", "properties": { "id": null, "Name": "ALD-S-2-4-2", "description": null, "timestamp": null, "begin": null, "end": null, "altitudeMode": null, "tessellate": 1, "extrude": 0, "visibility": 0, "drawOrder": null, "icon": null, "Folder": "DISTRIBUCION (#37)" }, "geometry": { "type": "LineString", "coordinates": [ [ -106.5125226635339, 31.757267276985161, 0.0 ], [ -106.512569101245802, 31.75697510166064, 0.0 ], [ -106.512726116437804, 31.755585665005629, 0.0 ] ] } },
{ "type": "Feature", "properties": { "id": null, "Name": "ALD-1D-40/16/9", "description": null, "timestamp": null, "begin": null, "end": null, "altitudeMode": null, "tessellate": -1, "extrude": 0, "visibility": 0, "drawOrder": null, "icon": null, "Folder": "1N (#35)" }, "geometry": { "type": "Point", "coordinates": [ -106.5113770423185, 31.760834846081739, 0.0 ] } },
{ "type": "Feature", "properties": { "id": null, "Name": "ALD-2I-63/14/9-1-1", "description": null, "timestamp": null, "begin": null, "end": null, "altitudeMode": null, "tessellate": -1, "extrude": 0, "visibility": 0, "drawOrder": null, "icon": null, "Folder": "2N (#37)" }, "geometry": { "type": "Point", "coordinates": [ -106.508678, 31.749431, 0.0 ] } },
{ "type": "Feature", "properties": { "id": null, "Name": "ALD-2I-63/14/9-2-2", "description": null, "timestamp": null, "begin": null, "end": null, "altitudeMode": null, "tessellate": -1, "extrude": 0, "visibility": 0, "drawOrder": null, "icon": null, "Folder": "2N (#37)" }, "geometry": { "type": "Point", "coordinates": [ -106.509245, 31.749035, 0.0 ] } },
{ "type": "Feature", "properties": { "id": null, "Name": "ALD-2I-63/14/9-3-3", "description": null, "timestamp": null, "begin": null, "end": null, "altitudeMode": null, "tessellate": -1, "extrude": 0, "visibility": 0, "drawOrder": null, "icon": null, "Folder": "2N (#37)" }, "geometry": { "type": "Point", "coordinates": [ -106.509397, 31.748597, 0.0 ] } },
{ "type": "Feature", "properties": { "id": null, "Name": "ALD-2I-63/14/9-4-4", "description": null, "timestamp": null, "begin": null, "end": null, "altitudeMode": null, "tessellate": -1, "extrude": 0, "visibility": 0, "drawOrder": null, "icon": null, "Folder": "2N (#37)" }, "geometry": { "type": "Point", "coordinates": [ -106.510872, 31.748382, 0.0 ] } },
{ "type": "Feature", "properties": { "id": null, "Name": "ALD-2I-63/14/9-5-5", "description": null, "timestamp": null, "begin": null, "end": null, "altitudeMode": null, "tessellate": -1, "extrude": 0, "visibility": 0, "drawOrder": null, "icon": null, "Folder": "2N (#37)" }, "geometry": { "type": "Point", "coordinates": [ -106.511201, 31.747656, 0.0 ] } },
{ "type": "Feature", "properties": { "id": null, "Name": "ALD-2I-63/14/9-6-6", "description": null, "timestamp": null, "begin": null, "end": null, "altitudeMode": null, "tessellate": -1, "extrude": 0, "visibility": 0, "drawOrder": null, "icon": null, "Folder": "2N (#37)" }, "geometry": { "type": "Point", "coordinates": [ -106.51094, 31.747268, 0.0 ] } },
{ "type": "Feature", "properties": { "id": null, "Name": "ALD-2I-63/14/9-7-7", "description": null, "timestamp": null, "begin": null, "end": null, "altitudeMode": null, "tessellate": -1, "extrude": 0, "visibility": 0, "drawOrder": null, "icon": null, "Folder": "2N (#37)" }, "geometry": { "type": "Point", "coordinates": [ -106.50969, 31.747053, 0.0 ] } },
{ "type": "Feature", "properties": { "id": null, "Name": "ALD-2I-63/14/9-8-8", "description": null, "timestamp": null, "begin": null, "end": null, "altitudeMode": null, "tessellate": -1, "extrude": 0, "visibility": 0, "drawOrder": null, "icon": null, "Folder": "2N (#37)" }, "geometry": { "type": "Point", "coordinates": [ -106.509083, 31.747921, 0.0 ] } },
{ "type": "Feature", "properties": { "id": null, "Name": "ALD-S-7-10", "description": null, "timestamp": null, "begin": null, "end": null, "altitudeMode": null, "tessellate": 1, "extrude": 0, "visibility": 0, "drawOrder": null, "icon": null, "Folder": "DISTRIBUCION (#38)" }, "geometry": { "type": "LineString", "coordinates": [ [ -106.5086441175944, 31.749479728627261, 0.0 ], [ -106.508967067801393, 31.749543342494199, 0.0 ], [ -106.509064052130995, 31.749554968787429, 0.0 ], [ -106.509149019233405, 31.749569615949419, 0.0 ], [ -106.509290079952706, 31.748968159659551, 0.0 ], [ -106.509354711473605, 31.748604686332211, 0.0 ], [ -106.509882998254, 31.7486825358327, 0.0 ], [ -106.510703292973901, 31.748776013015348, 0.0 ], [ -106.510941896760102, 31.74836734379582, 0.0 ], [ -106.511083122065898, 31.74804597105166, 0.0 ], [ -106.511198879192406, 31.74764050532367, 0.0 ], [ -106.511338451509801, 31.74742531824041, 0.0 ], [ -106.511005162583899, 31.747330349088781, 0.0 ], [ -106.510690445879206, 31.74716560775823, 0.0 ], [ -106.510426991882596, 31.747197330738729, 0.0 ], [ -106.5097229562259, 31.74709857629038, 0.0 ], [ -106.509306460632104, 31.74704800952043, 0.0 ], [ -106.509129137723207, 31.747675497512539, 0.0 ], [ -106.509042261988995, 31.747998069699939, 0.0 ] ] } },
{ "type": "Feature", "properties": { "id": null, "Name": "ALD-2I-63/14/9", "description": null, "timestamp": null, "begin": null, "end": null, "altitudeMode": null, "tessellate": -1, "extrude": 0, "visibility": 0, "drawOrder": null, "icon": null, "Folder": "1N (#36)" }, "geometry": { "type": "Point", "coordinates": [ -106.509042157042202, 31.748015208570191, 0.0 ] } },
{ "type": "Feature", "properties": { "id": null, "Name": "ALD-1D-41/17/9-1-1", "description": null, "timestamp": null, "begin": null, "end": null, "altitudeMode": null, "tessellate": -1, "extrude": 0, "visibility": 0, "drawOrder": null, "icon": null, "Folder": "2N (#38)" }, "geometry": { "type": "Point", "coordinates": [ -106.518795, 31.752108, 0.0 ] } },
{ "type": "Feature", "properties": { "id": null, "Name": "ALD-1D-41/17/9-2-2", "description": null, "timestamp": null, "begin": null, "end": null, "altitudeMode": null, "tessellate": -1, "extrude": 0, "visibility": 0, "drawOrder": null, "icon": null, "Folder": "2N (#38)" }, "geometry": { "type": "Point", "coordinates": [ -106.519672, 31.749942, 0.0 ] } },
{ "type": "Feature", "properties": { "id": null, "Name": "ALD-1D-41/17/9-3-3", "description": null, "timestamp": null, "begin": null, "end": null, "altitudeMode": null, "tessellate": -1, "extrude": 0, "visibility": 0, "drawOrder": null, "icon": null, "Folder": "2N (#38)" }, "geometry": { "type": "Point", "coordinates": [ -106.519878, 31.749152, 0.0 ] } },
{ "type": "Feature", "properties": { "id": null, "Name": "ALD-1D-41/17/9-4-4", "description": null, "timestamp": null, "begin": null, "end": null, "altitudeMode": null, "tessellate": -1, "extrude": 0, "visibility": 0, "drawOrder": null, "icon": null, "Folder": "2N (#38)" }, "geometry": { "type": "Point", "coordinates": [ -106.518695, 31.748789, 0.0 ] } },
{ "type": "Feature", "properties": { "id": null, "Name": "ALD-1D-41/17/9-5-5", "description": null, "timestamp": null, "begin": null, "end": null, "altitudeMode": null, "tessellate": -1, "extrude": 0, "visibility": 0, "drawOrder": null, "icon": null, "Folder": "2N (#38)" }, "geometry": { "type": "Point", "coordinates": [ -106.517557, 31.748428, 0.0 ] } },
{ "type": "Feature", "properties": { "id": null, "Name": "ALD-1D-41/17/9-6-6", "description": null, "timestamp": null, "begin": null, "end": null, "altitudeMode": null, "tessellate": -1, "extrude": 0, "visibility": 0, "drawOrder": null, "icon": null, "Folder": "2N (#38)" }, "geometry": { "type": "Point", "coordinates": [ -106.516366, 31.748052, 0.0 ] } },
{ "type": "Feature", "properties": { "id": null, "Name": "ALD-1D-41/17/9-7-7", "description": null, "timestamp": null, "begin": null, "end": null, "altitudeMode": null, "tessellate": -1, "extrude": 0, "visibility": 0, "drawOrder": null, "icon": null, "Folder": "2N (#38)" }, "geometry": { "type": "Point", "coordinates": [ -106.514572, 31.746877, 0.0 ] } },
{ "type": "Feature", "properties": { "id": null, "Name": "ALD-1D-41/17/9-8-8", "description": "DENTRO DEL ORIGINAL", "timestamp": null, "begin": null, "end": null, "altitudeMode": null, "tessellate": -1, "extrude": 0, "visibility": 0, "drawOrder": null, "icon": null, "Folder": "2N (#38)" }, "geometry": { "type": "Point", "coordinates": [ -106.514778, 31.746175, 0.0 ] } },
{ "type": "Feature", "properties": { "id": null, "Name": "ALD-S-2-1", "description": null, "timestamp": null, "begin": null, "end": null, "altitudeMode": null, "tessellate": 1, "extrude": 0, "visibility": 0, "drawOrder": null, "icon": null, "Folder": "DISTRIBUCION (#39)" }, "geometry": { "type": "LineString", "coordinates": [ [ -106.518546783042694, 31.751008016456609, 0.0 ], [ -106.519180548568997, 31.751205631867649, 0.0 ], [ -106.5199922833079, 31.749192549986699, 0.0 ], [ -106.517426717911206, 31.748374498152, 0.0 ], [ -106.516747950937898, 31.748201052212561, 0.0 ], [ -106.516136171426396, 31.74799908559725, 0.0 ], [ -106.516674327989406, 31.746733817133759, 0.0 ], [ -106.5147021165985, 31.74615913297535, 0.0 ] ] } },
{ "type": "Feature", "properties": { "id": null, "Name": "ALD-1D-41/17/9", "description": null, "timestamp": null, "begin": null, "end": null, "altitudeMode": null, "tessellate": -1, "extrude": 0, "visibility": 0, "drawOrder": null, "icon": null, "Folder": "1N (#37)" }, "geometry": { "type": "Point", "coordinates": [ -106.514506072719698, 31.746853966274649, 0.0 ] } },
{ "type": "Feature", "properties": { "id": null, "Name": "ALD-2I-11/11/9-1-1", "description": null, "timestamp": null, "begin": null, "end": null, "altitudeMode": null, "tessellate": -1, "extrude": 0, "visibility": 0, "drawOrder": null, "icon": null, "Folder": "2N (#39)" }, "geometry": { "type": "Point", "coordinates": [ -106.499615, 31.746675, 0.0 ] } },
{ "type": "Feature", "properties": { "id": null, "Name": "ALD-2I-11/11/9-2-2", "description": null, "timestamp": null, "begin": null, "end": null, "altitudeMode": null, "tessellate": -1, "extrude": 0, "visibility": 0, "drawOrder": null, "icon": null, "Folder": "2N (#39)" }, "geometry": { "type": "Point", "coordinates": [ -106.500172, 31.746851, 0.0 ] } },
{ "type": "Feature", "properties": { "id": null, "Name": "ALD-2I-11/11/9-3-3", "description": null, "timestamp": null, "begin": null, "end": null, "altitudeMode": null, "tessellate": -1, "extrude": 0, "visibility": 0, "drawOrder": null, "icon": null, "Folder": "2N (#39)" }, "geometry": { "type": "Point", "coordinates": [ -106.500683, 31.746688, 0.0 ] } },
{ "type": "Feature", "properties": { "id": null, "Name": "ALD-2I-11/11/9-4-4", "description": null, "timestamp": null, "begin": null, "end": null, "altitudeMode": null, "tessellate": -1, "extrude": 0, "visibility": 0, "drawOrder": null, "icon": null, "Folder": "2N (#39)" }, "geometry": { "type": "Point", "coordinates": [ -106.501323, 31.746454, 0.0 ] } },
{ "type": "Feature", "properties": { "id": null, "Name": "ALD-2I-11/11/9-5-5", "description": null, "timestamp": null, "begin": null, "end": null, "altitudeMode": null, "tessellate": -1, "extrude": 0, "visibility": 0, "drawOrder": null, "icon": null, "Folder": "2N (#39)" }, "geometry": { "type": "Point", "coordinates": [ -106.5027, 31.746873, 0.0 ] } },
{ "type": "Feature", "properties": { "id": null, "Name": "ALD-2I-11/11/9-6-6", "description": null, "timestamp": null, "begin": null, "end": null, "altitudeMode": null, "tessellate": -1, "extrude": 0, "visibility": 0, "drawOrder": null, "icon": null, "Folder": "2N (#39)" }, "geometry": { "type": "Point", "coordinates": [ -106.50358, 31.747158, 0.0 ] } },
{ "type": "Feature", "properties": { "id": null, "Name": "ALD-2I-11/11/9-7-7", "description": null, "timestamp": null, "begin": null, "end": null, "altitudeMode": null, "tessellate": -1, "extrude": 0, "visibility": 0, "drawOrder": null, "icon": null, "Folder": "2N (#39)" }, "geometry": { "type": "Point", "coordinates": [ -106.503121, 31.748404, 0.0 ] } },
{ "type": "Feature", "properties": { "id": null, "Name": "ALD-2I-11/11/9-8-8", "description": null, "timestamp": null, "begin": null, "end": null, "altitudeMode": null, "tessellate": -1, "extrude": 0, "visibility": 0, "drawOrder": null, "icon": null, "Folder": "2N (#39)" }, "geometry": { "type": "Point", "coordinates": [ -106.503937, 31.748659, 0.0 ] } },
{ "type": "Feature", "properties": { "id": null, "Name": "ALD-2I-11/11/9", "description": null, "timestamp": null, "begin": null, "end": null, "altitudeMode": null, "tessellate": -1, "extrude": 0, "visibility": 0, "drawOrder": null, "icon": null, "Folder": "1N (#38)" }, "geometry": { "type": "Point", "coordinates": [ -106.504011630030803, 31.748654743140499, 0.0 ] } },
{ "type": "Feature", "properties": { "id": null, "Name": "ALD-1I-60/12/9-1-1", "description": null, "timestamp": null, "begin": null, "end": null, "altitudeMode": null, "tessellate": -1, "extrude": 0, "visibility": 0, "drawOrder": null, "icon": null, "Folder": "2N (#40)" }, "geometry": { "type": "Point", "coordinates": [ -106.500854, 31.726217, 0.0 ] } },
{ "type": "Feature", "properties": { "id": null, "Name": "ALD-1I-60/12/9-2-2", "description": null, "timestamp": null, "begin": null, "end": null, "altitudeMode": null, "tessellate": -1, "extrude": 0, "visibility": 0, "drawOrder": null, "icon": null, "Folder": "2N (#40)" }, "geometry": { "type": "Point", "coordinates": [ -106.501642, 31.725747, 0.0 ] } },
{ "type": "Feature", "properties": { "id": null, "Name": "ALD-1I-60/12/9-3-3", "description": null, "timestamp": null, "begin": null, "end": null, "altitudeMode": null, "tessellate": -1, "extrude": 0, "visibility": 0, "drawOrder": null, "icon": null, "Folder": "2N (#40)" }, "geometry": { "type": "Point", "coordinates": [ -106.501916, 31.725578, 0.0 ] } },
{ "type": "Feature", "properties": { "id": null, "Name": "ALD-1I-60/12/9-4-4", "description": null, "timestamp": null, "begin": null, "end": null, "altitudeMode": null, "tessellate": -1, "extrude": 0, "visibility": 0, "drawOrder": null, "icon": null, "Folder": "2N (#40)" }, "geometry": { "type": "Point", "coordinates": [ -106.50301, 31.725746, 0.0 ] } },
{ "type": "Feature", "properties": { "id": null, "Name": "ALD-1I-60/12/9-5-5", "description": null, "timestamp": null, "begin": null, "end": null, "altitudeMode": null, "tessellate": -1, "extrude": 0, "visibility": 0, "drawOrder": null, "icon": null, "Folder": "2N (#40)" }, "geometry": { "type": "Point", "coordinates": [ -106.503417383298299, 31.72626022842384, 0.0 ] } },
{ "type": "Feature", "properties": { "id": null, "Name": "ALD-1I-60/12/9-6-6", "description": null, "timestamp": null, "begin": null, "end": null, "altitudeMode": null, "tessellate": -1, "extrude": 0, "visibility": 0, "drawOrder": null, "icon": null, "Folder": "2N (#40)" }, "geometry": { "type": "Point", "coordinates": [ -106.503772447010405, 31.726654777575749, 0.0 ] } },
{ "type": "Feature", "properties": { "id": null, "Name": "ALD-1I-60/12/9-7-7", "description": null, "timestamp": null, "begin": null, "end": null, "altitudeMode": null, "tessellate": -1, "extrude": 0, "visibility": 0, "drawOrder": null, "icon": null, "Folder": "2N (#40)" }, "geometry": { "type": "Point", "coordinates": [ -106.504373, 31.727412, 0.0 ] } },
{ "type": "Feature", "properties": { "id": null, "Name": "ALD-1I-60/12/9-8-8", "description": null, "timestamp": null, "begin": null, "end": null, "altitudeMode": null, "tessellate": -1, "extrude": 0, "visibility": 0, "drawOrder": null, "icon": null, "Folder": "2N (#40)" }, "geometry": { "type": "Point", "coordinates": [ -106.504817, 31.727937, 0.0 ] } },
{ "type": "Feature", "properties": { "id": null, "Name": "ALD-1I-60/12/9", "description": null, "timestamp": null, "begin": null, "end": null, "altitudeMode": null, "tessellate": -1, "extrude": 0, "visibility": 0, "drawOrder": null, "icon": null, "Folder": "1N (#39)" }, "geometry": { "type": "Point", "coordinates": [ -106.504963321360094, 31.728079741867521, 0.0 ] } },
{ "type": "Feature", "properties": { "id": null, "Name": "ALD-2I-12/12/9-1-1", "description": null, "timestamp": null, "begin": null, "end": null, "altitudeMode": null, "tessellate": -1, "extrude": 0, "visibility": 0, "drawOrder": null, "icon": null, "Folder": "2N (#41)" }, "geometry": { "type": "Point", "coordinates": [ -106.498829, 31.738761, 0.0 ] } },
{ "type": "Feature", "properties": { "id": null, "Name": "ALD-2I-12/12/9-2-2", "description": null, "timestamp": null, "begin": null, "end": null, "altitudeMode": null, "tessellate": -1, "extrude": 0, "visibility": 0, "drawOrder": null, "icon": null, "Folder": "2N (#41)" }, "geometry": { "type": "Point", "coordinates": [ -106.498405, 31.738636, 0.0 ] } },
{ "type": "Feature", "properties": { "id": null, "Name": "ALD-2I-12/12/9-3-3", "description": null, "timestamp": null, "begin": null, "end": null, "altitudeMode": null, "tessellate": -1, "extrude": 0, "visibility": 0, "drawOrder": null, "icon": null, "Folder": "2N (#41)" }, "geometry": { "type": "Point", "coordinates": [ -106.497375, 31.738313, 0.0 ] } },
{ "type": "Feature", "properties": { "id": null, "Name": "ALD-2I-12/12/9-4-4", "description": null, "timestamp": null, "begin": null, "end": null, "altitudeMode": null, "tessellate": -1, "extrude": 0, "visibility": 0, "drawOrder": null, "icon": null, "Folder": "2N (#41)" }, "geometry": { "type": "Point", "coordinates": [ -106.49796, 31.738514, 0.0 ] } },
{ "type": "Feature", "properties": { "id": null, "Name": "ALD-2I-12/12/9-5-5", "description": null, "timestamp": null, "begin": null, "end": null, "altitudeMode": null, "tessellate": -1, "extrude": 0, "visibility": 0, "drawOrder": null, "icon": null, "Folder": "2N (#41)" }, "geometry": { "type": "Point", "coordinates": [ -106.4961453080209, 31.737975367896318, 0.0 ] } },
{ "type": "Feature", "properties": { "id": null, "Name": "ALD-2I-12/12/9-6-6", "description": null, "timestamp": null, "begin": null, "end": null, "altitudeMode": null, "tessellate": -1, "extrude": 0, "visibility": 0, "drawOrder": null, "icon": null, "Folder": "2N (#41)" }, "geometry": { "type": "Point", "coordinates": [ -106.49565, 31.737845, 0.0 ] } },
{ "type": "Feature", "properties": { "id": null, "Name": "ALD-2I-12/12/9-7-7", "description": null, "timestamp": null, "begin": null, "end": null, "altitudeMode": null, "tessellate": -1, "extrude": 0, "visibility": 0, "drawOrder": null, "icon": null, "Folder": "2N (#41)" }, "geometry": { "type": "Point", "coordinates": [ -106.495383, 31.738461, 0.0 ] } },
{ "type": "Feature", "properties": { "id": null, "Name": "ALD-2I-12/12/9-8-8", "description": null, "timestamp": null, "begin": null, "end": null, "altitudeMode": null, "tessellate": -1, "extrude": 0, "visibility": 0, "drawOrder": null, "icon": null, "Folder": "2N (#41)" }, "geometry": { "type": "Point", "coordinates": [ -106.494988, 31.739505, 0.0 ] } },
{ "type": "Feature", "properties": { "id": null, "Name": "ALD-S-3-2", "description": null, "timestamp": null, "begin": null, "end": null, "altitudeMode": null, "tessellate": 1, "extrude": 0, "visibility": 0, "drawOrder": null, "icon": null, "Folder": "DISTRIBUCION (#41)" }, "geometry": { "type": "LineString", "coordinates": [ [ -106.500597817865099, 31.727026712535132, 0.0 ], [ -106.500705437584003, 31.72645086306408, 0.0 ], [ -106.500806340784905, 31.726240257962591, 0.0 ], [ -106.502562618090806, 31.72520362613789, 0.0 ], [ -106.504972093466804, 31.728101231841912, 0.0 ] ] } },
{ "type": "Feature", "properties": { "id": null, "Name": "ALD-2I-12/12/9", "description": null, "timestamp": null, "begin": null, "end": null, "altitudeMode": null, "tessellate": -1, "extrude": 0, "visibility": 0, "drawOrder": null, "icon": null, "Folder": "1N (#40)" }, "geometry": { "type": "Point", "coordinates": [ -106.494994660859604, 31.73938147695117, 0.0 ] } },
{ "type": "Feature", "properties": { "id": null, "Name": "ALD-2I-64/15/9-1-1", "description": null, "timestamp": null, "begin": null, "end": null, "altitudeMode": null, "tessellate": -1, "extrude": 0, "visibility": 0, "drawOrder": null, "icon": null, "Folder": "2N (#42)" }, "geometry": { "type": "Point", "coordinates": [ -106.508515, 31.750626687710891, 0.0 ] } },
{ "type": "Feature", "properties": { "id": null, "Name": "ALD-2I-64/15/9-2-2", "description": null, "timestamp": null, "begin": null, "end": null, "altitudeMode": null, "tessellate": -1, "extrude": 0, "visibility": 0, "drawOrder": null, "icon": null, "Folder": "2N (#42)" }, "geometry": { "type": "Point", "coordinates": [ -106.508964, 31.75081, 0.0 ] } },
{ "type": "Feature", "properties": { "id": null, "Name": "ALD-2I-64/15/9-3-3", "description": null, "timestamp": null, "begin": null, "end": null, "altitudeMode": null, "tessellate": -1, "extrude": 0, "visibility": 0, "drawOrder": null, "icon": null, "Folder": "2N (#42)" }, "geometry": { "type": "Point", "coordinates": [ -106.510315584934702, 31.751310615403561, 0.0 ] } },
{ "type": "Feature", "properties": { "id": null, "Name": "ALD-2I-64/15/9-4-4", "description": null, "timestamp": null, "begin": null, "end": null, "altitudeMode": null, "tessellate": -1, "extrude": 0, "visibility": 0, "drawOrder": null, "icon": null, "Folder": "2N (#42)" }, "geometry": { "type": "Point", "coordinates": [ -106.511379132634602, 31.75103621898332, 0.0 ] } },
{ "type": "Feature", "properties": { "id": null, "Name": "ALD-2I-64/15/9-5-5", "description": null, "timestamp": null, "begin": null, "end": null, "altitudeMode": null, "tessellate": -1, "extrude": 0, "visibility": 0, "drawOrder": null, "icon": null, "Folder": "2N (#42)" }, "geometry": { "type": "Point", "coordinates": [ -106.51225, 31.750573, 0.0 ] } },
{ "type": "Feature", "properties": { "id": null, "Name": "ALD-2I-64/15/9-6-6", "description": null, "timestamp": null, "begin": null, "end": null, "altitudeMode": null, "tessellate": -1, "extrude": 0, "visibility": 0, "drawOrder": null, "icon": null, "Folder": "2N (#42)" }, "geometry": { "type": "Point", "coordinates": [ -106.513563, 31.750811, 0.0 ] } },
{ "type": "Feature", "properties": { "id": null, "Name": "ALD-2I-64/15/9-7-7", "description": null, "timestamp": null, "begin": null, "end": null, "altitudeMode": null, "tessellate": -1, "extrude": 0, "visibility": 0, "drawOrder": null, "icon": null, "Folder": "2N (#42)" }, "geometry": { "type": "Point", "coordinates": [ -106.515379124461205, 31.750009500234111, 0.0 ] } },
{ "type": "Feature", "properties": { "id": null, "Name": "ALD-S-5-9", "description": null, "timestamp": null, "begin": null, "end": null, "altitudeMode": null, "tessellate": 1, "extrude": 0, "visibility": 0, "drawOrder": null, "icon": null, "Folder": "DISTRIBUCION (#42)" }, "geometry": { "type": "LineString", "coordinates": [ [ -106.498875905324496, 31.73874638103657, 0.0 ], [ -106.495666422191903, 31.73781261789053, 0.0 ], [ -106.495019179042302, 31.739403159610688, 0.0 ] ] } },
{ "type": "Feature", "properties": { "id": null, "Name": "ALD-2I-64/15/9", "description": null, "timestamp": null, "begin": null, "end": null, "altitudeMode": null, "tessellate": -1, "extrude": 0, "visibility": 0, "drawOrder": null, "icon": null, "Folder": "1N (#41)" }, "geometry": { "type": "Point", "coordinates": [ -106.515314177661594, 31.749946817705801, 0.0 ] } },
{ "type": "Feature", "properties": { "id": null, "Name": "ALD-1D-95/23-1-1   NO EXISTE", "description": null, "timestamp": null, "begin": null, "end": null, "altitudeMode": null, "tessellate": -1, "extrude": 0, "visibility": 0, "drawOrder": null, "icon": null, "Folder": "2N (#43)" }, "geometry": { "type": "Point", "coordinates": [ -106.486304, 31.725987, 0.0 ] } },
{ "type": "Feature", "properties": { "id": null, "Name": "ALD-1D-95/23-2-2", "description": null, "timestamp": null, "begin": null, "end": null, "altitudeMode": null, "tessellate": -1, "extrude": 0, "visibility": 0, "drawOrder": null, "icon": null, "Folder": "2N (#43)" }, "geometry": { "type": "Point", "coordinates": [ -106.486722, 31.725124, 0.0 ] } },
{ "type": "Feature", "properties": { "id": null, "Name": "ALD-1D-95/23-3-3", "description": null, "timestamp": null, "begin": null, "end": null, "altitudeMode": null, "tessellate": -1, "extrude": 0, "visibility": 0, "drawOrder": null, "icon": null, "Folder": "2N (#43)" }, "geometry": { "type": "Point", "coordinates": [ -106.486370396146796, 31.724340996474819, 0.0 ] } },
{ "type": "Feature", "properties": { "id": null, "Name": "ALD-1D-95/23-4-4", "description": null, "timestamp": null, "begin": null, "end": null, "altitudeMode": null, "tessellate": -1, "extrude": 0, "visibility": 0, "drawOrder": null, "icon": null, "Folder": "2N (#43)" }, "geometry": { "type": "Point", "coordinates": [ -106.486048431526797, 31.724031678854349, 0.0 ] } },
{ "type": "Feature", "properties": { "id": null, "Name": "ALD-1D-95/23-5-5", "description": null, "timestamp": null, "begin": null, "end": null, "altitudeMode": null, "tessellate": -1, "extrude": 0, "visibility": 0, "drawOrder": null, "icon": null, "Folder": "2N (#43)" }, "geometry": { "type": "Point", "coordinates": [ -106.4867150947196, 31.722632809242111, 0.0 ] } },
{ "type": "Feature", "properties": { "id": null, "Name": "ALD-1D-95/23-6-6", "description": null, "timestamp": null, "begin": null, "end": null, "altitudeMode": null, "tessellate": -1, "extrude": 0, "visibility": 0, "drawOrder": null, "icon": null, "Folder": "2N (#43)" }, "geometry": { "type": "Point", "coordinates": [ -106.487208435329606, 31.721139907507411, 0.0 ] } },
{ "type": "Feature", "properties": { "id": null, "Name": "ALD-1D-95/23-7-7", "description": null, "timestamp": null, "begin": null, "end": null, "altitudeMode": null, "tessellate": -1, "extrude": 0, "visibility": 0, "drawOrder": null, "icon": null, "Folder": "2N (#43)" }, "geometry": { "type": "Point", "coordinates": [ -106.486734, 31.720881, 0.0 ] } },
{ "type": "Feature", "properties": { "id": null, "Name": "ALD-1D-95/23-8-8", "description": null, "timestamp": null, "begin": null, "end": null, "altitudeMode": null, "tessellate": -1, "extrude": 0, "visibility": 0, "drawOrder": null, "icon": null, "Folder": "2N (#43)" }, "geometry": { "type": "Point", "coordinates": [ -106.485136252150298, 31.720146043183359, 0.0 ] } },
{ "type": "Feature", "properties": { "id": null, "Name": "ALD-S-7-9", "description": null, "timestamp": null, "begin": null, "end": null, "altitudeMode": null, "tessellate": 1, "extrude": 0, "visibility": 0, "drawOrder": null, "icon": null, "Folder": "DISTRIBUCION (#43)" }, "geometry": { "type": "LineString", "coordinates": [ [ -106.507736367922007, 31.750404335216849, 0.0 ], [ -106.510405512747695, 31.751202784099171, 0.0 ], [ -106.510543473221006, 31.750872342354469, 0.0 ], [ -106.510837974810997, 31.750743467507078, 0.0 ], [ -106.510930129735598, 31.750906111565211, 0.0 ], [ -106.511340140017595, 31.751018874024069, 0.0 ], [ -106.511874781801396, 31.751165062518229, 0.0 ], [ -106.512108516011693, 31.750868496690529, 0.0 ], [ -106.512248460991103, 31.750602120314941, 0.0 ], [ -106.512286137318796, 31.7504944186635, 0.0 ], [ -106.512959817287197, 31.75065481789289, 0.0 ], [ -106.513559358269504, 31.750832684638741, 0.0 ], [ -106.514173788573203, 31.75114062892003, 0.0 ], [ -106.514860507266306, 31.751144091773771, 0.0 ], [ -106.514979907488893, 31.75087316185693, 0.0 ], [ -106.515090886824296, 31.75059233424459, 0.0 ], [ -106.515294814065697, 31.75004531863928, 0.0 ] ] } },
{ "type": "Feature", "properties": { "id": null, "Name": "ALD-1D-95/23", "description": null, "timestamp": null, "begin": null, "end": null, "altitudeMode": null, "tessellate": -1, "extrude": 0, "visibility": 0, "drawOrder": null, "icon": null, "Folder": "1N (#42)" }, "geometry": { "type": "Point", "coordinates": [ -106.486172426741007, 31.726402349713052, 0.0 ] } },
{ "type": "Feature", "properties": { "id": null, "Name": "ALD-1I-18/18/9-1-1", "description": null, "timestamp": null, "begin": null, "end": null, "altitudeMode": null, "tessellate": -1, "extrude": 0, "visibility": 0, "drawOrder": null, "icon": null, "Folder": "2N (#44)" }, "geometry": { "type": "Point", "coordinates": [ -106.49153, 31.744131, 0.0 ] } },
{ "type": "Feature", "properties": { "id": null, "Name": "ALD-1I-18/18/9-2-2", "description": "<b>REFORZADA 26 SEPTIEMBRE 2025</b>", "timestamp": null, "begin": null, "end": null, "altitudeMode": null, "tessellate": -1, "extrude": 0, "visibility": 0, "drawOrder": null, "icon": null, "Folder": "2N (#44)" }, "geometry": { "type": "Point", "coordinates": [ -106.491013, 31.745493, 0.0 ] } },
{ "type": "Feature", "properties": { "id": null, "Name": "ALD-1I-18/18/9-3-3", "description": null, "timestamp": null, "begin": null, "end": null, "altitudeMode": null, "tessellate": -1, "extrude": 0, "visibility": 0, "drawOrder": null, "icon": null, "Folder": "2N (#44)" }, "geometry": { "type": "Point", "coordinates": [ -106.490835, 31.746184, 0.0 ] } },
{ "type": "Feature", "properties": { "id": null, "Name": "ALD-1I-18/18/9-4-4", "description": null, "timestamp": null, "begin": null, "end": null, "altitudeMode": null, "tessellate": -1, "extrude": 0, "visibility": 0, "drawOrder": null, "icon": null, "Folder": "2N (#44)" }, "geometry": { "type": "Point", "coordinates": [ -106.490452, 31.746804, 0.0 ] } },
{ "type": "Feature", "properties": { "id": null, "Name": "ALD-1I-18/18/9-5-5", "description": null, "timestamp": null, "begin": null, "end": null, "altitudeMode": null, "tessellate": -1, "extrude": 0, "visibility": 0, "drawOrder": null, "icon": null, "Folder": "2N (#44)" }, "geometry": { "type": "Point", "coordinates": [ -106.491566, 31.747152, 0.0 ] } },
{ "type": "Feature", "properties": { "id": null, "Name": "ALD-1I-18/18/9-6-6", "description": null, "timestamp": null, "begin": null, "end": null, "altitudeMode": null, "tessellate": -1, "extrude": 0, "visibility": 0, "drawOrder": null, "icon": null, "Folder": "2N (#44)" }, "geometry": { "type": "Point", "coordinates": [ -106.491778, 31.747202977270501, 0.0 ] } },
{ "type": "Feature", "properties": { "id": null, "Name": "ALD-1I-18/18/9-8-8", "description": null, "timestamp": null, "begin": null, "end": null, "altitudeMode": null, "tessellate": -1, "extrude": 0, "visibility": 0, "drawOrder": null, "icon": null, "Folder": "2N (#44)" }, "geometry": { "type": "Point", "coordinates": [ -106.492228, 31.748744, 0.0 ] } },
{ "type": "Feature", "properties": { "id": null, "Name": "ALD-S-4-8", "description": null, "timestamp": null, "begin": null, "end": null, "altitudeMode": null, "tessellate": 1, "extrude": 0, "visibility": 0, "drawOrder": null, "icon": null, "Folder": "DISTRIBUCION (#44)" }, "geometry": { "type": "LineString", "coordinates": [ [ -106.486098349568096, 31.72641148318721, 0.0 ], [ -106.486643400356598, 31.725167486761091, 0.0 ], [ -106.486917287156601, 31.72451117344831, 0.0 ], [ -106.486032089070093, 31.724224454382519, 0.0 ], [ -106.486002133835399, 31.724213717824689, 0.0 ], [ -106.486292652550503, 31.72360771695169, 0.0 ], [ -106.486781037077606, 31.722426941612859, 0.0 ], [ -106.487034793351299, 31.721722429313228, 0.0 ], [ -106.487263628057505, 31.721063462884871, 0.0 ], [ -106.486809161783896, 31.720924824368812, 0.0 ], [ -106.485136730171405, 31.720416058849541, 0.0 ], [ -106.485259318511396, 31.719764293108181, 0.0 ], [ -106.483692340100305, 31.719285904177731, 0.0 ] ] } },
{ "type": "Feature", "properties": { "id": null, "Name": "ALD-1I-18/18/9", "description": null, "timestamp": null, "begin": null, "end": null, "altitudeMode": null, "tessellate": -1, "extrude": 0, "visibility": 0, "drawOrder": null, "icon": null, "Folder": "1N (#43)" }, "geometry": { "type": "Point", "coordinates": [ -106.492242586873104, 31.74878655737847, 0.0 ] } },
{ "type": "Feature", "properties": { "id": null, "Name": "ALD-1D-22/22-1-1", "description": null, "timestamp": null, "begin": null, "end": null, "altitudeMode": null, "tessellate": -1, "extrude": 0, "visibility": 0, "drawOrder": null, "icon": null, "Folder": "2N (#45)" }, "geometry": { "type": "Point", "coordinates": [ -106.529036962032393, 31.74264199732248, 0.0 ] } },
{ "type": "Feature", "properties": { "id": null, "Name": "ALD-1D-22/22-2-2", "description": null, "timestamp": null, "begin": null, "end": null, "altitudeMode": null, "tessellate": -1, "extrude": 0, "visibility": 0, "drawOrder": null, "icon": null, "Folder": "2N (#45)" }, "geometry": { "type": "Point", "coordinates": [ -106.529404, 31.74197, 0.0 ] } },
{ "type": "Feature", "properties": { "id": null, "Name": "ALD-1D-22/22-3-3", "description": null, "timestamp": null, "begin": null, "end": null, "altitudeMode": null, "tessellate": -1, "extrude": 0, "visibility": 0, "drawOrder": null, "icon": null, "Folder": "2N (#45)" }, "geometry": { "type": "Point", "coordinates": [ -106.527653, 31.742187589439219, 0.0 ] } },
{ "type": "Feature", "properties": { "id": null, "Name": "ALD-1D-22/22-5-5", "description": null, "timestamp": null, "begin": null, "end": null, "altitudeMode": null, "tessellate": -1, "extrude": 0, "visibility": 0, "drawOrder": null, "icon": null, "Folder": "2N (#45)" }, "geometry": { "type": "Point", "coordinates": [ -106.531368, 31.739723, 0.0 ] } },
{ "type": "Feature", "properties": { "id": null, "Name": "ALD-1D-22/22-6-6", "description": "<b>REFORZADA 18 SEPTIEMBRE 2025</b>", "timestamp": null, "begin": null, "end": null, "altitudeMode": null, "tessellate": -1, "extrude": 0, "visibility": 0, "drawOrder": null, "icon": null, "Folder": "2N (#45)" }, "geometry": { "type": "Point", "coordinates": [ -106.526273485915695, 31.742470241614839, 0.0 ] } },
{ "type": "Feature", "properties": { "id": null, "Name": "ALD-1D-22/22-3-3", "description": null, "timestamp": null, "begin": null, "end": null, "altitudeMode": null, "tessellate": -1, "extrude": 0, "visibility": 0, "drawOrder": null, "icon": null, "Folder": "2N (#45)" }, "geometry": { "type": "Point", "coordinates": [ -106.525520467556404, 31.740746880611511, 0.0 ] } },
{ "type": "Feature", "properties": { "id": null, "Name": "ALD-1D-22/22-4-4", "description": null, "timestamp": null, "begin": null, "end": null, "altitudeMode": null, "tessellate": -1, "extrude": 0, "visibility": 0, "drawOrder": null, "icon": null, "Folder": "2N (#45)" }, "geometry": { "type": "Point", "coordinates": [ -106.530348, 31.739588, 0.0 ] } },
{ "type": "Feature", "properties": { "id": null, "Name": "ALD-1D-22/22-7-7", "description": null, "timestamp": null, "begin": null, "end": null, "altitudeMode": null, "tessellate": -1, "extrude": 0, "visibility": 0, "drawOrder": null, "icon": null, "Folder": "2N (#45)" }, "geometry": { "type": "Point", "coordinates": [ -106.534312212605698, 31.738693508856599, 0.0 ] } },
{ "type": "Feature", "properties": { "id": null, "Name": "ALD-S-1-9", "description": null, "timestamp": null, "begin": null, "end": null, "altitudeMode": null, "tessellate": 1, "extrude": 0, "visibility": 0, "drawOrder": null, "icon": null, "Folder": "DISTRIBUCION (#45)" }, "geometry": { "type": "LineString", "coordinates": [ [ -106.491835631392306, 31.743671078038361, 0.0 ], [ -106.491628359055397, 31.743859452812622, 0.0 ], [ -106.491339965653694, 31.744561698508988, 0.0 ], [ -106.4913549432965, 31.7448416171401, 0.0 ], [ -106.490518331425903, 31.74684252359943, 0.0 ], [ -106.492335360224601, 31.747401990628699, 0.0 ], [ -106.492799542582006, 31.747407828153371, 0.0 ], [ -106.492263423452698, 31.748785989833539, 0.0 ] ] } },
{ "type": "Feature", "properties": { "id": null, "Name": "ALD-1D-22/22", "description": null, "timestamp": null, "begin": null, "end": null, "altitudeMode": null, "tessellate": -1, "extrude": 0, "visibility": 0, "drawOrder": null, "icon": null, "Folder": "1N (#44)" }, "geometry": { "type": "Point", "coordinates": [ -106.534229, 31.738824, 0.0 ] } },
{ "type": "Feature", "properties": { "id": null, "Name": "ALD-1D-57/9-1-1", "description": null, "timestamp": null, "begin": null, "end": null, "altitudeMode": null, "tessellate": -1, "extrude": 0, "visibility": 0, "drawOrder": null, "icon": null, "Folder": "2N (#46)" }, "geometry": { "type": "Point", "coordinates": [ -106.522327164983693, 31.757677010422231, 0.0 ] } },
{ "type": "Feature", "properties": { "id": null, "Name": "ALD-1D-57/9-2-2", "description": null, "timestamp": null, "begin": null, "end": null, "altitudeMode": null, "tessellate": -1, "extrude": 0, "visibility": 0, "drawOrder": null, "icon": null, "Folder": "2N (#46)" }, "geometry": { "type": "Point", "coordinates": [ -106.523886322231903, 31.75693198177531, 0.0 ] } },
{ "type": "Feature", "properties": { "id": null, "Name": "ALD-1D-57/9-3-3", "description": null, "timestamp": null, "begin": null, "end": null, "altitudeMode": null, "tessellate": -1, "extrude": 0, "visibility": 0, "drawOrder": null, "icon": null, "Folder": "2N (#46)" }, "geometry": { "type": "Point", "coordinates": [ -106.524387868878506, 31.7567715038236, 0.0 ] } },
{ "type": "Feature", "properties": { "id": null, "Name": "ALD-1D-57/9-4-4", "description": null, "timestamp": null, "begin": null, "end": null, "altitudeMode": null, "tessellate": -1, "extrude": 0, "visibility": 0, "drawOrder": null, "icon": null, "Folder": "2N (#46)" }, "geometry": { "type": "Point", "coordinates": [ -106.525277032705503, 31.755960162546479, 0.0 ] } },
{ "type": "Feature", "properties": { "id": null, "Name": "ALD-1D-57/9-5-5", "description": null, "timestamp": null, "begin": null, "end": null, "altitudeMode": null, "tessellate": -1, "extrude": 0, "visibility": 0, "drawOrder": null, "icon": null, "Folder": "2N (#46)" }, "geometry": { "type": "Point", "coordinates": [ -106.525453916162903, 31.755286852452311, 0.0 ] } },
{ "type": "Feature", "properties": { "id": null, "Name": "ALD-1D-57/9-6-6", "description": null, "timestamp": null, "begin": null, "end": null, "altitudeMode": null, "tessellate": -1, "extrude": 0, "visibility": 0, "drawOrder": null, "icon": null, "Folder": "2N (#46)" }, "geometry": { "type": "Point", "coordinates": [ -106.524451495987293, 31.755210722367561, 0.0 ] } },
{ "type": "Feature", "properties": { "id": null, "Name": "ALD-1D-57/9-7-7/1", "description": null, "timestamp": null, "begin": null, "end": null, "altitudeMode": null, "tessellate": -1, "extrude": 0, "visibility": 0, "drawOrder": null, "icon": null, "Folder": "2N (#46)" }, "geometry": { "type": "Point", "coordinates": [ -106.526356824403905, 31.755154754696409, 0.0 ] } },
{ "type": "Feature", "properties": { "id": null, "Name": "ALD-1D-57/9-8-8", "description": "CAJA MIGRADA DEL ORIGINAL", "timestamp": null, "begin": null, "end": null, "altitudeMode": null, "tessellate": -1, "extrude": 0, "visibility": 0, "drawOrder": null, "icon": null, "Folder": "2N (#46)" }, "geometry": { "type": "Point", "coordinates": [ -106.526738283160995, 31.75424737650982, 0.0 ] } },
{ "type": "Feature", "properties": { "id": null, "Name": "ALD-1D-S-9-2", "description": null, "timestamp": null, "begin": null, "end": null, "altitudeMode": null, "tessellate": 1, "extrude": 0, "visibility": 0, "drawOrder": null, "icon": null, "Folder": "DISTRIBUCION (#46)" }, "geometry": { "type": "LineString", "coordinates": [ [ -106.528484068900894, 31.742440458126332, 0.0 ], [ -106.5287171133822, 31.742506146984141, 0.0 ], [ -106.529117746377494, 31.742618253712251, 0.0 ], [ -106.529694000296701, 31.741203124855229, 0.0 ], [ -106.5301869615935, 31.7399332680036, 0.0 ], [ -106.5303900385871, 31.739392030444922, 0.0 ], [ -106.531383576288704, 31.739658960810502, 0.0 ], [ -106.531776795887694, 31.739758962772282, 0.0 ], [ -106.532971597201396, 31.740112716281381, 0.0 ], [ -106.534233047223097, 31.740462533007069, 0.0 ], [ -106.534347977651905, 31.740110843641752, 0.0 ], [ -106.534489943809206, 31.73974231918065, 0.0 ], [ -106.534492031970103, 31.739569002166629, 0.0 ], [ -106.534791515168493, 31.73899179876587, 0.0 ], [ -106.534233971713206, 31.738826474789189, 0.0 ] ] } },
{ "type": "Feature", "properties": { "id": null, "Name": "ALD-1D-S-9-2/1", "description": null, "timestamp": null, "begin": null, "end": null, "altitudeMode": null, "tessellate": 1, "extrude": 0, "visibility": 0, "drawOrder": null, "icon": null, "Folder": "DISTRIBUCION (#46)" }, "geometry": { "type": "LineString", "coordinates": [ [ -106.528532949535602, 31.742459820511371, 0.0 ], [ -106.527155002359507, 31.742013735026759, 0.0 ], [ -106.526918368176496, 31.74260356521096, 0.0 ], [ -106.526311915617796, 31.742412696051449, 0.0 ] ] } },
{ "type": "Feature", "properties": { "id": null, "Name": "ALD-1D-S-9-2/2", "description": null, "timestamp": null, "begin": null, "end": null, "altitudeMode": null, "tessellate": 1, "extrude": 0, "visibility": 0, "drawOrder": null, "icon": null, "Folder": "DISTRIBUCION (#46)" }, "geometry": { "type": "LineString", "coordinates": [ [ -106.526291438185098, 31.74242414325569, 0.0 ], [ -106.525012788415296, 31.742029280381551, 0.0 ], [ -106.5254989686794, 31.740754258064889, 0.0 ] ] } },
{ "type": "Feature", "properties": { "id": null, "Name": "ALD-1D-57/9", "description": null, "timestamp": null, "begin": null, "end": null, "altitudeMode": null, "tessellate": -1, "extrude": 0, "visibility": 0, "drawOrder": null, "icon": null, "Folder": "1N (#45)" }, "geometry": { "type": "Point", "coordinates": [ -106.524326380689104, 31.755380990340861, 0.0 ] } },
{ "type": "Feature", "properties": { "id": null, "Name": "ALD-1D-49/1-2-2", "description": null, "timestamp": null, "begin": null, "end": null, "altitudeMode": null, "tessellate": -1, "extrude": 0, "visibility": 0, "drawOrder": null, "icon": null, "Folder": "2N (#47)" }, "geometry": { "type": "Point", "coordinates": [ -106.526265, 31.74437, 0.0 ] } },
{ "type": "Feature", "properties": { "id": null, "Name": "ALD-1D-49/1-1-1", "description": null, "timestamp": null, "begin": null, "end": null, "altitudeMode": null, "tessellate": -1, "extrude": 0, "visibility": 0, "drawOrder": null, "icon": null, "Folder": "2N (#47)" }, "geometry": { "type": "Point", "coordinates": [ -106.528513473985896, 31.740553785708709, 0.0 ] } },
{ "type": "Feature", "properties": { "id": null, "Name": "ALD-1D-49/1-3-4", "description": null, "timestamp": null, "begin": null, "end": null, "altitudeMode": null, "tessellate": -1, "extrude": 0, "visibility": 0, "drawOrder": null, "icon": null, "Folder": "2N (#47)" }, "geometry": { "type": "Point", "coordinates": [ -106.527865878571106, 31.740356539506202, 0.0 ] } },
{ "type": "Feature", "properties": { "id": null, "Name": "ALD-1D-49/1-4-4", "description": null, "timestamp": null, "begin": null, "end": null, "altitudeMode": null, "tessellate": -1, "extrude": 0, "visibility": 0, "drawOrder": null, "icon": null, "Folder": "2N (#47)" }, "geometry": { "type": "Point", "coordinates": [ -106.5261121309007, 31.74659, 0.0 ] } },
{ "type": "Feature", "properties": { "id": null, "Name": "ALD-1D-49/1-5-5", "description": null, "timestamp": null, "begin": null, "end": null, "altitudeMode": null, "tessellate": -1, "extrude": 0, "visibility": 0, "drawOrder": null, "icon": null, "Folder": "2N (#47)" }, "geometry": { "type": "Point", "coordinates": [ -106.525161999268505, 31.748716817067361, 0.0 ] } },
{ "type": "Feature", "properties": { "id": null, "Name": "ALD-1D-49/1-6-6", "description": null, "timestamp": null, "begin": null, "end": null, "altitudeMode": null, "tessellate": -1, "extrude": 0, "visibility": 0, "drawOrder": null, "icon": null, "Folder": "2N (#47)" }, "geometry": { "type": "Point", "coordinates": [ -106.527855, 31.743958, 0.0 ] } },
{ "type": "Feature", "properties": { "id": null, "Name": "ALD-1D-49/1-7-7", "description": null, "timestamp": null, "begin": null, "end": null, "altitudeMode": null, "tessellate": -1, "extrude": 0, "visibility": 0, "drawOrder": null, "icon": null, "Folder": "2N (#47)" }, "geometry": { "type": "Point", "coordinates": [ -106.527252597544305, 31.745473383511971, 0.0 ] } },
{ "type": "Feature", "properties": { "id": null, "Name": "ALD-1D-49/1-8-8", "description": null, "timestamp": null, "begin": null, "end": null, "altitudeMode": null, "tessellate": -1, "extrude": 0, "visibility": 0, "drawOrder": null, "icon": null, "Folder": "2N (#47)" }, "geometry": { "type": "Point", "coordinates": [ -106.527826162847404, 31.740392757541009, 0.0 ] } },
{ "type": "Feature", "properties": { "id": null, "Name": "ALD-1D-49/1", "description": null, "timestamp": null, "begin": null, "end": null, "altitudeMode": null, "tessellate": -1, "extrude": 0, "visibility": 0, "drawOrder": null, "icon": null, "Folder": "1N (#46)" }, "geometry": { "type": "Point", "coordinates": [ -106.528568965593394, 31.740379858373529, 0.0 ] } },
{ "type": "Feature", "properties": { "id": null, "Name": "ALD-1D-58/10/10-1-1", "description": null, "timestamp": null, "begin": null, "end": null, "altitudeMode": null, "tessellate": -1, "extrude": 0, "visibility": 0, "drawOrder": null, "icon": null, "Folder": "2N (#48)" }, "geometry": { "type": "Point", "coordinates": [ -106.521056988519305, 31.75906120553763, 0.0 ] } },
{ "type": "Feature", "properties": { "id": null, "Name": "ALD-1D-58/10/10-2-2", "description": null, "timestamp": null, "begin": null, "end": null, "altitudeMode": null, "tessellate": -1, "extrude": 0, "visibility": 0, "drawOrder": null, "icon": null, "Folder": "2N (#48)" }, "geometry": { "type": "Point", "coordinates": [ -106.522560679910399, 31.758741018216881, 0.0 ] } },
{ "type": "Feature", "properties": { "id": null, "Name": "ALD-1D-58/10/10-3-3", "description": null, "timestamp": null, "begin": null, "end": null, "altitudeMode": null, "tessellate": -1, "extrude": 0, "visibility": 0, "drawOrder": null, "icon": null, "Folder": "2N (#48)" }, "geometry": { "type": "Point", "coordinates": [ -106.523971015789002, 31.758580929163049, 0.0 ] } },
{ "type": "Feature", "properties": { "id": null, "Name": "ALD-1D-58/10/10-4-4", "description": "<b>AGREGADA 27 FEBRERO 2026</b>", "timestamp": null, "begin": null, "end": null, "altitudeMode": null, "tessellate": -1, "extrude": 0, "visibility": 0, "drawOrder": null, "icon": null, "Folder": "2N (#48)" }, "geometry": { "type": "Point", "coordinates": [ -106.527188076740501, 31.761591555636681, 0.0 ] } },
{ "type": "Feature", "properties": { "id": null, "Name": "ALD-1D-58/10/10-5-5", "description": null, "timestamp": null, "begin": null, "end": null, "altitudeMode": null, "tessellate": -1, "extrude": 0, "visibility": 0, "drawOrder": null, "icon": null, "Folder": "2N (#48)" }, "geometry": { "type": "Point", "coordinates": [ -106.525942671438003, 31.759962187486511, 0.0 ] } },
{ "type": "Feature", "properties": { "id": null, "Name": "ALD-1D-58/10/10-6-6", "description": null, "timestamp": null, "begin": null, "end": null, "altitudeMode": null, "tessellate": -1, "extrude": 0, "visibility": 0, "drawOrder": null, "icon": null, "Folder": "2N (#48)" }, "geometry": { "type": "Point", "coordinates": [ -106.5276030824419, 31.76093147984442, 0.0 ] } },
{ "type": "Feature", "properties": { "id": null, "Name": "ALD-1D-58/10/10-7-7", "description": null, "timestamp": null, "begin": null, "end": null, "altitudeMode": null, "tessellate": -1, "extrude": 0, "visibility": 0, "drawOrder": null, "icon": null, "Folder": "2N (#48)" }, "geometry": { "type": "Point", "coordinates": [ -106.523024561285993, 31.759013527828841, 0.0 ] } },
{ "type": "Feature", "properties": { "id": null, "Name": "ALD-1D-58/10/10-8-8", "description": null, "timestamp": null, "begin": null, "end": null, "altitudeMode": null, "tessellate": -1, "extrude": 0, "visibility": 0, "drawOrder": null, "icon": null, "Folder": "2N (#48)" }, "geometry": { "type": "Point", "coordinates": [ -106.524966358971696, 31.759448670327622, 0.0 ] } },
{ "type": "Feature", "properties": { "id": null, "Name": "ALD-1D-S-9-9/1", "description": null, "timestamp": null, "begin": null, "end": null, "altitudeMode": null, "tessellate": 1, "extrude": 0, "visibility": 0, "drawOrder": null, "icon": null, "Folder": "DISTRIBUCION (#47)" }, "geometry": { "type": "LineString", "coordinates": [ [ -106.5254492089434, 31.7552863174378, 0.0 ], [ -106.525619136766295, 31.755205810111612, 0.0 ], [ -106.526244750458503, 31.755403480961839, 0.0 ], [ -106.526362787287397, 31.755139299538499, 0.0 ], [ -106.526499882744602, 31.75481265347268, 0.0 ], [ -106.526610984418397, 31.75455983440785, 0.0 ], [ -106.526751555210794, 31.754235631035929, 0.0 ], [ -106.527276152116499, 31.754411199892509, 0.0 ] ] } },
{ "type": "Feature", "properties": { "id": null, "Name": "ALD-1D-S-9-9", "description": null, "timestamp": null, "begin": null, "end": null, "altitudeMode": null, "tessellate": 1, "extrude": 0, "visibility": 0, "drawOrder": null, "icon": null, "Folder": "DISTRIBUCION (#47)" }, "geometry": { "type": "LineString", "coordinates": [ [ -106.521725688033598, 31.75781784535117, 0.0 ], [ -106.522355134025105, 31.75765227374913, 0.0 ], [ -106.523038021868501, 31.757581284949651, 0.0 ], [ -106.522949932408906, 31.75705943643057, 0.0 ], [ -106.523481042263896, 31.75697615681656, 0.0 ], [ -106.524007741718194, 31.756905925390569, 0.0 ], [ -106.524497309235599, 31.756840665704718, 0.0 ], [ -106.524394486893399, 31.75635853057662, 0.0 ], [ -106.524492346651002, 31.75626176072516, 0.0 ], [ -106.5249524870041, 31.756188318798088, 0.0 ], [ -106.5252529791955, 31.75604105717159, 0.0 ], [ -106.525618609262906, 31.755204892818, 0.0 ], [ -106.5254481587274, 31.75528753599858, 0.0 ], [ -106.524851838785196, 31.755117695993579, 0.0 ], [ -106.524537861807403, 31.75501886435741, 0.0 ], [ -106.524463098824697, 31.755201850799011, 0.0 ], [ -106.524335894025, 31.755365262597941, 0.0 ] ] } },
{ "type": "Feature", "properties": { "id": null, "Name": "ALD-1D-58/10/10", "description": null, "timestamp": null, "begin": null, "end": null, "altitudeMode": null, "tessellate": -1, "extrude": 0, "visibility": 0, "drawOrder": null, "icon": null, "Folder": "1N (#47)" }, "geometry": { "type": "Point", "coordinates": [ -106.526628408967795, 31.7615932830392, 0.0 ] } },
{ "type": "Feature", "properties": { "id": null, "Name": "ALD-1D-59/9-1-1", "description": null, "timestamp": null, "begin": null, "end": null, "altitudeMode": null, "tessellate": -1, "extrude": 0, "visibility": 0, "drawOrder": null, "icon": null, "Folder": "2N (#49)" }, "geometry": { "type": "Point", "coordinates": [ -106.519526598718002, 31.758819215130831, 0.0 ] } },
{ "type": "Feature", "properties": { "id": null, "Name": "ALD-1D-59/9-2-2", "description": null, "timestamp": null, "begin": null, "end": null, "altitudeMode": null, "tessellate": -1, "extrude": 0, "visibility": 0, "drawOrder": null, "icon": null, "Folder": "2N (#49)" }, "geometry": { "type": "Point", "coordinates": [ -106.509326711974097, 31.76017457434757, 0.0 ] } },
{ "type": "Feature", "properties": { "id": null, "Name": "ALD-1D-59/9-2-2", "description": "<b>REFORZADA 20 DICIEMBRE 2025</b>", "timestamp": null, "begin": null, "end": null, "altitudeMode": null, "tessellate": -1, "extrude": 0, "visibility": 0, "drawOrder": null, "icon": null, "Folder": "2N (#49)" }, "geometry": { "type": "Point", "coordinates": [ -106.511877082040598, 31.762759735949899, 0.0 ] } },
{ "type": "Feature", "properties": { "id": null, "Name": "ALD-1D-59/9-3-3", "description": null, "timestamp": null, "begin": null, "end": null, "altitudeMode": null, "tessellate": -1, "extrude": 0, "visibility": 0, "drawOrder": null, "icon": null, "Folder": "2N (#49)" }, "geometry": { "type": "Point", "coordinates": [ -106.516732, 31.760086, 0.0 ] } },
{ "type": "Feature", "properties": { "id": null, "Name": "ALD-1D-59/9-4-4", "description": null, "timestamp": null, "begin": null, "end": null, "altitudeMode": null, "tessellate": -1, "extrude": 0, "visibility": 0, "drawOrder": null, "icon": null, "Folder": "2N (#49)" }, "geometry": { "type": "Point", "coordinates": [ -106.515238887593895, 31.76048456831354, 0.0 ] } },
{ "type": "Feature", "properties": { "id": null, "Name": "ALD-1D-59/9-5-5", "description": "(SE CAMBIO CAJA POR EMPALME DE 12/24)\n\nAGREGADA 29/03/2024", "timestamp": null, "begin": null, "end": null, "altitudeMode": null, "tessellate": -1, "extrude": 0, "visibility": 0, "drawOrder": null, "icon": null, "Folder": "2N (#49)" }, "geometry": { "type": "Point", "coordinates": [ -106.513611374954905, 31.76099880378009, 0.0 ] } },
{ "type": "Feature", "properties": { "id": null, "Name": "ALD-1D-59/9-6-6", "description": "<b>AGREGADA 25 NOVIEMBRE 2025</b>", "timestamp": null, "begin": null, "end": null, "altitudeMode": null, "tessellate": -1, "extrude": 0, "visibility": 0, "drawOrder": null, "icon": null, "Folder": "2N (#49)" }, "geometry": { "type": "Point", "coordinates": [ -106.519413233729594, 31.757568304418271, 0.0 ] } },
{ "type": "Feature", "properties": { "id": null, "Name": "ALD-1D-59/9-7-7", "description": null, "timestamp": null, "begin": null, "end": null, "altitudeMode": null, "tessellate": -1, "extrude": 0, "visibility": 0, "drawOrder": null, "icon": null, "Folder": "2N (#49)" }, "geometry": { "type": "Point", "coordinates": [ -106.512415746053506, 31.76202880356951, 0.0 ] } },
{ "type": "Feature", "properties": { "id": null, "Name": "ALD-1D-59/9-8-8", "description": null, "timestamp": null, "begin": null, "end": null, "altitudeMode": null, "tessellate": -1, "extrude": 0, "visibility": 0, "drawOrder": null, "icon": null, "Folder": "2N (#49)" }, "geometry": { "type": "Point", "coordinates": [ -106.518564557994097, 31.759631236678459, 0.0 ] } },
{ "type": "Feature", "properties": { "id": null, "Name": "ALD-1D-59/9", "description": null, "timestamp": null, "begin": null, "end": null, "altitudeMode": null, "tessellate": -1, "extrude": 0, "visibility": 0, "drawOrder": null, "icon": null, "Folder": "1N (#48)" }, "geometry": { "type": "Point", "coordinates": [ -106.514174702740902, 31.762183943067608, 0.0 ] } },
{ "type": "Feature", "properties": { "id": null, "Name": "ALD-1D-24/24/9-1-1", "description": null, "timestamp": null, "begin": null, "end": null, "altitudeMode": null, "tessellate": -1, "extrude": 0, "visibility": 0, "drawOrder": null, "icon": null, "Folder": "2N (#50)" }, "geometry": { "type": "Point", "coordinates": [ -106.516007769584505, 31.769560675002101, 0.0 ] } },
{ "type": "Feature", "properties": { "id": null, "Name": "ALD-1D-24/24/9-2-2", "description": null, "timestamp": null, "begin": null, "end": null, "altitudeMode": null, "tessellate": -1, "extrude": 0, "visibility": 0, "drawOrder": null, "icon": null, "Folder": "2N (#50)" }, "geometry": { "type": "Point", "coordinates": [ -106.515779178426698, 31.766476457798269, 0.0 ] } },
{ "type": "Feature", "properties": { "id": null, "Name": "ALD-1D-24/24/9-3-3", "description": "MIGRADA DEL ORIGINAL", "timestamp": null, "begin": null, "end": null, "altitudeMode": null, "tessellate": -1, "extrude": 0, "visibility": 0, "drawOrder": null, "icon": null, "Folder": "2N (#50)" }, "geometry": { "type": "Point", "coordinates": [ -106.513848225563706, 31.766846983029421, 0.0 ] } },
{ "type": "Feature", "properties": { "id": null, "Name": "ALD-1D-24/24/9-4-4", "description": null, "timestamp": null, "begin": null, "end": null, "altitudeMode": null, "tessellate": -1, "extrude": 0, "visibility": 0, "drawOrder": null, "icon": null, "Folder": "2N (#50)" }, "geometry": { "type": "Point", "coordinates": [ -106.512727, 31.767433, 0.0 ] } },
{ "type": "Feature", "properties": { "id": null, "Name": "ALD-1D-24/24/9-5-5", "description": null, "timestamp": null, "begin": null, "end": null, "altitudeMode": null, "tessellate": -1, "extrude": 0, "visibility": 0, "drawOrder": null, "icon": null, "Folder": "2N (#50)" }, "geometry": { "type": "Point", "coordinates": [ -106.513637037537407, 31.768875758832241, 0.0 ] } },
{ "type": "Feature", "properties": { "id": null, "Name": "ALD-1D-24/24/9-6-6", "description": "<b>REFORZADA 24 ABRIL 2026\t</b>", "timestamp": null, "begin": null, "end": null, "altitudeMode": null, "tessellate": -1, "extrude": 0, "visibility": 0, "drawOrder": null, "icon": null, "Folder": "2N (#50)" }, "geometry": { "type": "Point", "coordinates": [ -106.515850019644105, 31.769793997668671, 0.0 ] } },
{ "type": "Feature", "properties": { "id": null, "Name": "ALD-1D-24/24/9-7-7", "description": null, "timestamp": null, "begin": null, "end": null, "altitudeMode": null, "tessellate": -1, "extrude": 0, "visibility": 0, "drawOrder": null, "icon": null, "Folder": "2N (#50)" }, "geometry": { "type": "Point", "coordinates": [ -106.516975, 31.767803, 0.0 ] } },
{ "type": "Feature", "properties": { "id": null, "Name": "ALD-1D-24/24/9-8-8", "description": null, "timestamp": null, "begin": null, "end": null, "altitudeMode": null, "tessellate": -1, "extrude": 0, "visibility": 0, "drawOrder": null, "icon": null, "Folder": "2N (#50)" }, "geometry": { "type": "Point", "coordinates": [ -106.518503, 31.769606, 0.0 ] } },
{ "type": "Feature", "properties": { "id": null, "Name": "ALD-1D-S-9-10/2", "description": null, "timestamp": null, "begin": null, "end": null, "altitudeMode": null, "tessellate": 1, "extrude": 0, "visibility": 0, "drawOrder": null, "icon": null, "Folder": "DISTRIBUCION (#49)" }, "geometry": { "type": "LineString", "coordinates": [ [ -106.523889944155101, 31.758603669422531, 0.0 ], [ -106.524453682858606, 31.75854759388336, 0.0 ], [ -106.524714977055993, 31.758999525723549, 0.0 ], [ -106.524992946139307, 31.7594686421752, 0.0 ] ] } },
{ "type": "Feature", "properties": { "id": null, "Name": "ALD-1D-S-9-10", "description": null, "timestamp": null, "begin": null, "end": null, "altitudeMode": null, "tessellate": 1, "extrude": 0, "visibility": 0, "drawOrder": null, "icon": null, "Folder": "DISTRIBUCION (#49)" }, "geometry": { "type": "LineString", "coordinates": [ [ -106.520557898783693, 31.759145848269839, 0.0 ], [ -106.521066490027906, 31.759037944246629, 0.0 ], [ -106.521611626673405, 31.758927694632909, 0.0 ], [ -106.522127258939506, 31.758823662528911, 0.0 ], [ -106.522571868105601, 31.758768307642299, 0.0 ], [ -106.523004076499504, 31.758708549522581, 0.0 ], [ -106.523260247522401, 31.758673481732579, 0.0 ], [ -106.5238807955336, 31.758604203447089, 0.0 ], [ -106.524452748968599, 31.75854818655862, 0.0 ], [ -106.524773780378993, 31.758502601150671, 0.0 ], [ -106.525098534710295, 31.758462102833601, 0.0 ], [ -106.525594352112805, 31.759327801795919, 0.0 ], [ -106.525707698126098, 31.759524719593038, 0.0 ], [ -106.525933152608104, 31.75993614643486, 0.0 ], [ -106.526152618567096, 31.760361290331879, 0.0 ], [ -106.526333080343306, 31.760694191596471, 0.0 ], [ -106.526541065295305, 31.76106163825596, 0.0 ], [ -106.526636737439304, 31.761588636847371, 0.0 ] ] } },
{ "type": "Feature", "properties": { "id": null, "Name": "ALD-1D-S-9-10/1", "description": null, "timestamp": null, "begin": null, "end": null, "altitudeMode": null, "tessellate": 1, "extrude": 0, "visibility": 0, "drawOrder": null, "icon": null, "Folder": "DISTRIBUCION (#49)" }, "geometry": { "type": "LineString", "coordinates": [ [ -106.522583016234506, 31.75876860195363, 0.0 ], [ -106.523005513140703, 31.758705926294368, 0.0 ], [ -106.523056433236405, 31.759045625725079, 0.0 ], [ -106.523094802728806, 31.75940836320796, 0.0 ] ] } },
{ "type": "Feature", "properties": { "id": null, "Name": "ALD-1D-S-9-10/3", "description": null, "timestamp": null, "begin": null, "end": null, "altitudeMode": null, "tessellate": 1, "extrude": 0, "visibility": 0, "drawOrder": null, "icon": null, "Folder": "DISTRIBUCION (#49)" }, "geometry": { "type": "LineString", "coordinates": [ [ -106.526641053017599, 31.761589217565412, 0.0 ], [ -106.526544791860701, 31.761060206048899, 0.0 ], [ -106.527049087912403, 31.760994174769021, 0.0 ], [ -106.527610090958404, 31.760937435490931, 0.0 ] ] } },
{ "type": "Feature", "properties": { "id": null, "Name": "ALD-1D-S-9-10/4", "description": null, "timestamp": null, "begin": null, "end": null, "altitudeMode": null, "tessellate": 1, "extrude": 0, "visibility": 0, "drawOrder": null, "icon": null, "Folder": "DISTRIBUCION (#49)" }, "geometry": { "type": "LineString", "coordinates": [ [ -106.526639117895598, 31.761582005759081, 0.0 ], [ -106.526540795723704, 31.761067723895071, 0.0 ], [ -106.527004252579701, 31.761003453386081, 0.0 ], [ -106.527185786057501, 31.761587128537531, 0.0 ] ] } },
{ "type": "Feature", "properties": { "id": null, "Name": "ALD-1D-24/24/9", "description": null, "timestamp": null, "begin": null, "end": null, "altitudeMode": null, "tessellate": -1, "extrude": 0, "visibility": 0, "drawOrder": null, "icon": null, "Folder": "1N (#49)" }, "geometry": { "type": "Point", "coordinates": [ -106.518549592299905, 31.769660086719789, 0.0 ] } },
{ "type": "Feature", "properties": { "id": null, "Name": "ALD-4-7/7/9-1-1", "description": null, "timestamp": null, "begin": null, "end": null, "altitudeMode": null, "tessellate": -1, "extrude": 0, "visibility": 0, "drawOrder": null, "icon": null, "Folder": "2N (#51)" }, "geometry": { "type": "Point", "coordinates": [ -106.536274, 31.736294, 0.0 ] } },
{ "type": "Feature", "properties": { "id": null, "Name": "ALD-4-7/7/9-2-2", "description": null, "timestamp": null, "begin": null, "end": null, "altitudeMode": null, "tessellate": -1, "extrude": 0, "visibility": 0, "drawOrder": null, "icon": null, "Folder": "2N (#51)" }, "geometry": { "type": "Point", "coordinates": [ -106.5364049010157, 31.736320589555369, 0.0 ] } },
{ "type": "Feature", "properties": { "id": null, "Name": "ALD-4-7/7/9-3-3", "description": null, "timestamp": null, "begin": null, "end": null, "altitudeMode": null, "tessellate": -1, "extrude": 0, "visibility": 0, "drawOrder": null, "icon": null, "Folder": "2N (#51)" }, "geometry": { "type": "Point", "coordinates": [ -106.536474359994799, 31.734820815717729, 0.0 ] } },
{ "type": "Feature", "properties": { "id": null, "Name": "ALD-4-7/7/9-4-4", "description": null, "timestamp": null, "begin": null, "end": null, "altitudeMode": null, "tessellate": -1, "extrude": 0, "visibility": 0, "drawOrder": null, "icon": null, "Folder": "2N (#51)" }, "geometry": { "type": "Point", "coordinates": [ -106.537576783712495, 31.734785174613211, 0.0 ] } },
{ "type": "Feature", "properties": { "id": null, "Name": "ALD-4-7/7/9-5-5", "description": null, "timestamp": null, "begin": null, "end": null, "altitudeMode": null, "tessellate": -1, "extrude": 0, "visibility": 0, "drawOrder": null, "icon": null, "Folder": "2N (#51)" }, "geometry": { "type": "Point", "coordinates": [ -106.538063, 31.733856, 0.0 ] } },
{ "type": "Feature", "properties": { "id": null, "Name": "ALD-4-7/7/9-6-6", "description": null, "timestamp": null, "begin": null, "end": null, "altitudeMode": null, "tessellate": -1, "extrude": 0, "visibility": 0, "drawOrder": null, "icon": null, "Folder": "2N (#51)" }, "geometry": { "type": "Point", "coordinates": [ -106.539103656535403, 31.734226046885251, 0.0 ] } },
{ "type": "Feature", "properties": { "id": null, "Name": "ALD-4-7/7/9-7-7", "description": null, "timestamp": null, "begin": null, "end": null, "altitudeMode": null, "tessellate": -1, "extrude": 0, "visibility": 0, "drawOrder": null, "icon": null, "Folder": "2N (#51)" }, "geometry": { "type": "Point", "coordinates": [ -106.537051, 31.736049980227321, 0.0 ] } },
{ "type": "Feature", "properties": { "id": null, "Name": "ALD-4-7/7/9-8-8", "description": ".", "timestamp": null, "begin": null, "end": null, "altitudeMode": null, "tessellate": -1, "extrude": 0, "visibility": 0, "drawOrder": null, "icon": null, "Folder": "2N (#51)" }, "geometry": { "type": "Point", "coordinates": [ -106.535349446196093, 31.73654286870967, 0.0 ] } },
{ "type": "Feature", "properties": { "id": null, "Name": "ALD-1D-S-9-11/5", "description": null, "timestamp": null, "begin": null, "end": null, "altitudeMode": null, "tessellate": 1, "extrude": 0, "visibility": 0, "drawOrder": null, "icon": null, "Folder": "DISTRIBUCION (#50)" }, "geometry": { "type": "LineString", "coordinates": [ [ -106.5195605708426, 31.758794338650009, 0.0 ], [ -106.518573431780496, 31.758356676149539, 0.0 ], [ -106.518218201190294, 31.758181057645341, 0.0 ], [ -106.519195446472295, 31.75775504610062, 0.0 ], [ -106.5194173184383, 31.757576199306889, 0.0 ] ] } },
{ "type": "Feature", "properties": { "id": null, "Name": "ALD-1D-S-9-11/4", "description": null, "timestamp": null, "begin": null, "end": null, "altitudeMode": null, "tessellate": 1, "extrude": 0, "visibility": 0, "drawOrder": null, "icon": null, "Folder": "DISTRIBUCION (#50)" }, "geometry": { "type": "LineString", "coordinates": [ [ -106.514197045258101, 31.762163698704459, 0.0 ], [ -106.514258708165798, 31.762344614599801, 0.0 ], [ -106.513906880158103, 31.76252722569825, 0.0 ], [ -106.513458181763994, 31.762662224684529, 0.0 ], [ -106.512727985416007, 31.763304199426411, 0.0 ], [ -106.512405399614593, 31.76318496366882, 0.0 ], [ -106.511900530739695, 31.76277775218453, 0.0 ] ] } },
{ "type": "Feature", "properties": { "id": null, "Name": "ALD-1D-S9-11/3", "description": null, "timestamp": null, "begin": null, "end": null, "altitudeMode": null, "tessellate": 1, "extrude": 0, "visibility": 0, "drawOrder": null, "icon": null, "Folder": "DISTRIBUCION (#50)" }, "geometry": { "type": "LineString", "coordinates": [ [ -106.513682093262702, 31.761014202121231, 0.0 ], [ -106.513274753781701, 31.761156481383189, 0.0 ], [ -106.512757459823106, 31.761353795667102, 0.0 ], [ -106.512111240606899, 31.761352635793511, 0.0 ], [ -106.511543363173502, 31.761275129403469, 0.0 ], [ -106.511249504352406, 31.76122075942801, 0.0 ], [ -106.511105295105594, 31.761214973740842, 0.0 ], [ -106.510737503385798, 31.760944750324299, 0.0 ], [ -106.510114867730707, 31.760654486700322, 0.0 ], [ -106.509659367755702, 31.760406812501909, 0.0 ], [ -106.509291871719697, 31.760155099337869, 0.0 ] ] } },
{ "type": "Feature", "properties": { "id": null, "Name": "ALD-1D-S-9-11/2", "description": null, "timestamp": null, "begin": null, "end": null, "altitudeMode": null, "tessellate": 1, "extrude": 0, "visibility": 0, "drawOrder": null, "icon": null, "Folder": "DISTRIBUCION (#50)" }, "geometry": { "type": "LineString", "coordinates": [ [ -106.516684763506007, 31.760062455148422, 0.0 ], [ -106.516994118552006, 31.75998562752477, 0.0 ], [ -106.517558925789501, 31.76021204235326, 0.0 ], [ -106.518040265487301, 31.760310997742689, 0.0 ], [ -106.518259199045701, 31.760344081759001, 0.0 ], [ -106.518344179952393, 31.760295619260731, 0.0 ], [ -106.518437315703295, 31.760091701787669, 0.0 ], [ -106.518597355903907, 31.759710465524972, 0.0 ] ] } },
{ "type": "Feature", "properties": { "id": null, "Name": "ALD-1D-S-9-11/1", "description": null, "timestamp": null, "begin": null, "end": null, "altitudeMode": null, "tessellate": 1, "extrude": 0, "visibility": 0, "drawOrder": null, "icon": null, "Folder": "DISTRIBUCION (#50)" }, "geometry": { "type": "LineString", "coordinates": [ [ -106.513645603611806, 31.761004568512892, 0.0 ], [ -106.512750083153804, 31.761319743180241, 0.0 ], [ -106.512117002484899, 31.761327621507512, 0.0 ], [ -106.512400330257904, 31.76202443978428, 0.0 ] ] } },
{ "type": "Feature", "properties": { "id": null, "Name": "ALD-1D-S-9-11", "description": null, "timestamp": null, "begin": null, "end": null, "altitudeMode": null, "tessellate": 1, "extrude": 0, "visibility": 0, "drawOrder": null, "icon": null, "Folder": "DISTRIBUCION (#50)" }, "geometry": { "type": "LineString", "coordinates": [ [ -106.520364761419103, 31.759183014933011, 0.0 ], [ -106.520277401712093, 31.759055784315979, 0.0 ], [ -106.520132662185404, 31.758742656237771, 0.0 ], [ -106.520023100300605, 31.75853696550141, 0.0 ], [ -106.519866760985707, 31.758627141966318, 0.0 ], [ -106.519525383098298, 31.758809634248639, 0.0 ], [ -106.519373556972496, 31.758735522617719, 0.0 ], [ -106.518929151724294, 31.758505969058429, 0.0 ], [ -106.518562310237797, 31.758326929085602, 0.0 ], [ -106.5185015174781, 31.75837273653147, 0.0 ], [ -106.518061285539702, 31.75868095908297, 0.0 ], [ -106.517656801276104, 31.758896013080442, 0.0 ], [ -106.517541446964202, 31.759064635207871, 0.0 ], [ -106.517287090237204, 31.759487967593198, 0.0 ], [ -106.516987493884599, 31.759987171624601, 0.0 ], [ -106.516679219831005, 31.760063192349559, 0.0 ], [ -106.516249457403106, 31.76018123907383, 0.0 ], [ -106.515833685958995, 31.760302374590751, 0.0 ], [ -106.514696075458502, 31.760646125714331, 0.0 ], [ -106.514190488295796, 31.760809627817711, 0.0 ], [ -106.5136520794116, 31.760999760262699, 0.0 ], [ -106.513877077964395, 31.76149934770902, 0.0 ], [ -106.514069909763407, 31.761934215412989, 0.0 ], [ -106.514264316837298, 31.762339341873691, 0.0 ], [ -106.513918054053306, 31.762513826263721, 0.0 ] ] } },
{ "type": "Feature", "properties": { "id": null, "Name": "ALD-4-7/7/9", "description": null, "timestamp": null, "begin": null, "end": null, "altitudeMode": null, "tessellate": -1, "extrude": 0, "visibility": 0, "drawOrder": null, "icon": null, "Folder": "1N (#50)" }, "geometry": { "type": "Point", "coordinates": [ -106.539209, 31.734263, 0.0 ] } },
{ "type": "Feature", "properties": { "id": null, "Name": "ALD-1D-50/2/10-1-1", "description": null, "timestamp": null, "begin": null, "end": null, "altitudeMode": null, "tessellate": -1, "extrude": 0, "visibility": 0, "drawOrder": null, "icon": null, "Folder": "2N (#52)" }, "geometry": { "type": "Point", "coordinates": [ -106.520349475784798, 31.763826514834658, 0.0 ] } },
{ "type": "Feature", "properties": { "id": null, "Name": "ALD-1D-50/2/10-1-1", "description": "<b>AGREGADA 07 JULIO 2025</b>", "timestamp": null, "begin": null, "end": null, "altitudeMode": null, "tessellate": -1, "extrude": 0, "visibility": 0, "drawOrder": null, "icon": null, "Folder": "2N (#52)" }, "geometry": { "type": "Point", "coordinates": [ -106.527566810336495, 31.7656935591158, 0.0 ] } },
{ "type": "Feature", "properties": { "id": null, "Name": "ALD-1D-50/2/10-2-2", "description": null, "timestamp": null, "begin": null, "end": null, "altitudeMode": null, "tessellate": -1, "extrude": 0, "visibility": 0, "drawOrder": null, "icon": null, "Folder": "2N (#52)" }, "geometry": { "type": "Point", "coordinates": [ -106.521401029474106, 31.763026854778321, 0.0 ] } },
{ "type": "Feature", "properties": { "id": null, "Name": "ALD-1D-50/2/10-3-3", "description": null, "timestamp": null, "begin": null, "end": null, "altitudeMode": null, "tessellate": -1, "extrude": 0, "visibility": 0, "drawOrder": null, "icon": null, "Folder": "2N (#52)" }, "geometry": { "type": "Point", "coordinates": [ -106.522343576021598, 31.761739736273231, 0.0 ] } },
{ "type": "Feature", "properties": { "id": null, "Name": "ALD-1D-50/2/10-4-4", "description": "CAJA MIGRADA", "timestamp": null, "begin": null, "end": null, "altitudeMode": null, "tessellate": -1, "extrude": 0, "visibility": 0, "drawOrder": null, "icon": null, "Folder": "2N (#52)" }, "geometry": { "type": "Point", "coordinates": [ -106.523370582128194, 31.763189841592691, 0.0 ] } },
{ "type": "Feature", "properties": { "id": null, "Name": "ALD-1D-50/2/10-5-5", "description": null, "timestamp": null, "begin": null, "end": null, "altitudeMode": null, "tessellate": -1, "extrude": 0, "visibility": 0, "drawOrder": null, "icon": null, "Folder": "2N (#52)" }, "geometry": { "type": "Point", "coordinates": [ -106.522705078748004, 31.763585017646811, 0.0 ] } },
{ "type": "Feature", "properties": { "id": null, "Name": "ALD-1D-50/2/10-6-6", "description": null, "timestamp": null, "begin": null, "end": null, "altitudeMode": null, "tessellate": -1, "extrude": 0, "visibility": 0, "drawOrder": null, "icon": null, "Folder": "2N (#52)" }, "geometry": { "type": "Point", "coordinates": [ -106.524092680718297, 31.76437012233173, 0.0 ] } },
{ "type": "Feature", "properties": { "id": null, "Name": "ALD-1D-50/2/10-7-7", "description": null, "timestamp": null, "begin": null, "end": null, "altitudeMode": null, "tessellate": -1, "extrude": 0, "visibility": 0, "drawOrder": null, "icon": null, "Folder": "2N (#52)" }, "geometry": { "type": "Point", "coordinates": [ -106.525084, 31.764872299912039, 0.0 ] } },
{ "type": "Feature", "properties": { "id": null, "Name": "ALD-1D-50/2/10-8-8", "description": null, "timestamp": null, "begin": null, "end": null, "altitudeMode": null, "tessellate": -1, "extrude": 0, "visibility": 0, "drawOrder": null, "icon": null, "Folder": "2N (#52)" }, "geometry": { "type": "Point", "coordinates": [ -106.526746, 31.764732, 0.0 ] } },
{ "type": "Feature", "properties": { "id": null, "Name": "ALD-1D-S-9-17", "description": null, "timestamp": null, "begin": null, "end": null, "altitudeMode": null, "tessellate": 1, "extrude": 0, "visibility": 0, "drawOrder": null, "icon": null, "Folder": "DISTRIBUCION (#51)" }, "geometry": { "type": "LineString", "coordinates": [ [ -106.514407473580107, 31.767959887917431, 0.0 ], [ -106.514778236927299, 31.767614974303189, 0.0 ], [ -106.515153371454105, 31.767319010536109, 0.0 ], [ -106.515650970192894, 31.76711490785052, 0.0 ], [ -106.516111854275493, 31.766790198289559, 0.0 ], [ -106.5157622746719, 31.76643466070443, 0.0 ], [ -106.515269955326701, 31.766070565357541, 0.0 ], [ -106.514807987312196, 31.766362991287711, 0.0 ], [ -106.514120719465296, 31.766708467629371, 0.0 ], [ -106.513516486788404, 31.76700230411236, 0.0 ], [ -106.512751967889002, 31.767388449552019, 0.0 ], [ -106.513308343706299, 31.768369555677111, 0.0 ], [ -106.513503091828198, 31.768714010312738, 0.0 ], [ -106.514002159531202, 31.769295997256989, 0.0 ], [ -106.514255067551204, 31.769611359568142, 0.0 ], [ -106.514690619108904, 31.76937371124145, 0.0 ], [ -106.515027289969495, 31.76913545406877, 0.0 ], [ -106.5152060145831, 31.769321803481859, 0.0 ], [ -106.515587114878699, 31.76966182002981, 0.0 ], [ -106.515837039067307, 31.769789047185331, 0.0 ], [ -106.516516177501401, 31.76908803568616, 0.0 ], [ -106.516893058981907, 31.76864999116955, 0.0 ], [ -106.517282621171702, 31.768355547023969, 0.0 ], [ -106.517115343536005, 31.768056902255939, 0.0 ], [ -106.516932181340806, 31.767745600098781, 0.0 ] ] } },
{ "type": "Feature", "properties": { "id": null, "Name": "ALD-1D-S-9-17/1", "description": null, "timestamp": null, "begin": null, "end": null, "altitudeMode": null, "tessellate": 1, "extrude": 0, "visibility": 0, "drawOrder": null, "icon": null, "Folder": "DISTRIBUCION (#51)" }, "geometry": { "type": "LineString", "coordinates": [ [ -106.516933771262003, 31.767745385159369, 0.0 ], [ -106.517110287934599, 31.76804833169167, 0.0 ], [ -106.517282565107706, 31.76835752088742, 0.0 ], [ -106.517324198064102, 31.768314418018811, 0.0 ], [ -106.517459270486896, 31.768233493202011, 0.0 ], [ -106.517497212202599, 31.768370436242179, 0.0 ], [ -106.517615296295602, 31.768703659082568, 0.0 ], [ -106.517965370832698, 31.76906323478655, 0.0 ], [ -106.518549458685101, 31.76966311051968, 0.0 ] ] } },
{ "type": "Feature", "properties": { "id": null, "Name": "ALD-1D-50/2/10", "description": null, "timestamp": null, "begin": null, "end": null, "altitudeMode": null, "tessellate": -1, "extrude": 0, "visibility": 0, "drawOrder": null, "icon": null, "Folder": "1N (#51)" }, "geometry": { "type": "Point", "coordinates": [ -106.526825475675594, 31.764727569591081, 0.0 ] } },
{ "type": "Feature", "properties": { "id": null, "Name": "ALD-3-58/10/9-1-1", "description": null, "timestamp": null, "begin": null, "end": null, "altitudeMode": null, "tessellate": -1, "extrude": 0, "visibility": 0, "drawOrder": null, "icon": null, "Folder": "2N (#53)" }, "geometry": { "type": "Point", "coordinates": [ -106.554486280131201, 31.775180399746411, 0.0 ] } },
{ "type": "Feature", "properties": { "id": null, "Name": "ALD-3-58/10/9-2-2", "description": null, "timestamp": null, "begin": null, "end": null, "altitudeMode": null, "tessellate": -1, "extrude": 0, "visibility": 0, "drawOrder": null, "icon": null, "Folder": "2N (#53)" }, "geometry": { "type": "Point", "coordinates": [ -106.553614, 31.777096, 0.0 ] } },
{ "type": "Feature", "properties": { "id": null, "Name": "ALD-3-58/10/9-3-3", "description": null, "timestamp": null, "begin": null, "end": null, "altitudeMode": null, "tessellate": -1, "extrude": 0, "visibility": 0, "drawOrder": null, "icon": null, "Folder": "2N (#53)" }, "geometry": { "type": "Point", "coordinates": [ -106.554265, 31.777215, 0.0 ] } },
{ "type": "Feature", "properties": { "id": null, "Name": "ALD-3-58/10/9-4-4", "description": null, "timestamp": null, "begin": null, "end": null, "altitudeMode": null, "tessellate": -1, "extrude": 0, "visibility": 0, "drawOrder": null, "icon": null, "Folder": "2N (#53)" }, "geometry": { "type": "Point", "coordinates": [ -106.556291722083699, 31.778450582052379, 0.0 ] } },
{ "type": "Feature", "properties": { "id": null, "Name": "ALD-3-58/10/9-5-5", "description": null, "timestamp": null, "begin": null, "end": null, "altitudeMode": null, "tessellate": -1, "extrude": 0, "visibility": 0, "drawOrder": null, "icon": null, "Folder": "2N (#53)" }, "geometry": { "type": "Point", "coordinates": [ -106.556366577688905, 31.779025301897931, 0.0 ] } },
{ "type": "Feature", "properties": { "id": null, "Name": "ALD-3-58/10/9-6-6", "description": null, "timestamp": null, "begin": null, "end": null, "altitudeMode": null, "tessellate": -1, "extrude": 0, "visibility": 0, "drawOrder": null, "icon": null, "Folder": "2N (#53)" }, "geometry": { "type": "Point", "coordinates": [ -106.556944207383495, 31.779915829305239, 0.0 ] } },
{ "type": "Feature", "properties": { "id": null, "Name": "ALD-3-58/10/9-7-7", "description": null, "timestamp": null, "begin": null, "end": null, "altitudeMode": null, "tessellate": -1, "extrude": 0, "visibility": 0, "drawOrder": null, "icon": null, "Folder": "2N (#53)" }, "geometry": { "type": "Point", "coordinates": [ -106.557454922740007, 31.773005848806889, 0.0 ] } },
{ "type": "Feature", "properties": { "id": null, "Name": "ALD-3-58/10/9-8-8", "description": null, "timestamp": null, "begin": null, "end": null, "altitudeMode": null, "tessellate": -1, "extrude": 0, "visibility": 0, "drawOrder": null, "icon": null, "Folder": "2N (#53)" }, "geometry": { "type": "Point", "coordinates": [ -106.560204410477297, 31.769570796192951, 0.0 ] } },
{ "type": "Feature", "properties": { "id": null, "Name": "ALD-4-S-10-6", "description": null, "timestamp": null, "begin": null, "end": null, "altitudeMode": null, "tessellate": 1, "extrude": 0, "visibility": 0, "drawOrder": null, "icon": null, "Folder": "DISTRIBUCION (#52)" }, "geometry": { "type": "LineString", "coordinates": [ [ -106.536542608038204, 31.736881884423539, 0.0 ], [ -106.536750622398102, 31.736446693149979, 0.0 ], [ -106.536320798399998, 31.736296800797341, 0.0 ], [ -106.535909440557703, 31.736159751198169, 0.0 ], [ -106.535238987842206, 31.735931092958602, 0.0 ], [ -106.535470493304402, 31.735401152866221, 0.0 ], [ -106.535668471982106, 31.734987320024949, 0.0 ], [ -106.535854948651306, 31.734607564481951, 0.0 ], [ -106.536405369597404, 31.734805332789481, 0.0 ], [ -106.5368808676794, 31.734969580018578, 0.0 ], [ -106.537370974955493, 31.735143336103871, 0.0 ], [ -106.537579695903503, 31.73471656097696, 0.0 ], [ -106.5377886110861, 31.73428173467072, 0.0 ], [ -106.537992836288396, 31.733847557564282, 0.0 ], [ -106.538596070438302, 31.734053978401629, 0.0 ], [ -106.539206442291004, 31.73427087895811, 0.0 ] ] } },
{ "type": "Feature", "properties": { "id": null, "Name": "ALD-4-S-10-6/1", "description": null, "timestamp": null, "begin": null, "end": null, "altitudeMode": null, "tessellate": 1, "extrude": 0, "visibility": 0, "drawOrder": null, "icon": null, "Folder": "DISTRIBUCION (#52)" }, "geometry": { "type": "LineString", "coordinates": [ [ -106.537370105766598, 31.73514254952882, 0.0 ], [ -106.537170462637206, 31.735575336195279, 0.0 ], [ -106.536961138856498, 31.73601340067783, 0.0 ], [ -106.537495891944204, 31.736200602314781, 0.0 ], [ -106.538224589859695, 31.736457420487788, 0.0 ] ] } },
{ "type": "Feature", "properties": { "id": null, "Name": "ALD-3-58/10/9", "description": "YA ESTAN TODOS LOS HILOS OCUPADOS, SE REVISO 1N EL 24 JUNIO 2024", "timestamp": null, "begin": null, "end": null, "altitudeMode": null, "tessellate": -1, "extrude": 0, "visibility": 0, "drawOrder": null, "icon": null, "Folder": "1N (#52)" }, "geometry": { "type": "Point", "coordinates": [ -106.558365743551406, 31.771838307632891, 0.0 ] } },
{ "type": "Feature", "properties": { "id": null, "Name": "ALD-1D-55/7-1-1", "description": null, "timestamp": null, "begin": null, "end": null, "altitudeMode": null, "tessellate": -1, "extrude": 0, "visibility": 0, "drawOrder": null, "icon": null, "Folder": "2N (#54)" }, "geometry": { "type": "Point", "coordinates": [ -106.522878593281305, 31.75292237181506, 0.0 ] } },
{ "type": "Feature", "properties": { "id": null, "Name": "ALD-1D-55/7-3-3", "description": null, "timestamp": null, "begin": null, "end": null, "altitudeMode": null, "tessellate": -1, "extrude": 0, "visibility": 0, "drawOrder": null, "icon": null, "Folder": "2N (#54)" }, "geometry": { "type": "Point", "coordinates": [ -106.528470077303993, 31.75498469209365, 0.0 ] } },
{ "type": "Feature", "properties": { "id": null, "Name": "ALD-1D-55/7-2-2", "description": null, "timestamp": null, "begin": null, "end": null, "altitudeMode": null, "tessellate": -1, "extrude": 0, "visibility": 0, "drawOrder": null, "icon": null, "Folder": "2N (#54)" }, "geometry": { "type": "Point", "coordinates": [ -106.526679693699293, 31.75268356832693, 0.0 ] } },
{ "type": "Feature", "properties": { "id": null, "Name": "ALD-1D-55/7-4-4", "description": null, "timestamp": null, "begin": null, "end": null, "altitudeMode": null, "tessellate": -1, "extrude": 0, "visibility": 0, "drawOrder": null, "icon": null, "Folder": "2N (#54)" }, "geometry": { "type": "Point", "coordinates": [ -106.528617253269005, 31.756269743743331, 0.0 ] } },
{ "type": "Feature", "properties": { "id": null, "Name": "ALD-1D-55/7-5-5", "description": null, "timestamp": null, "begin": null, "end": null, "altitudeMode": null, "tessellate": -1, "extrude": 0, "visibility": 0, "drawOrder": null, "icon": null, "Folder": "2N (#54)" }, "geometry": { "type": "Point", "coordinates": [ -106.528063605344997, 31.75116545867429, 0.0 ] } },
{ "type": "Feature", "properties": { "id": null, "Name": "ALD-1D-55/7-6-6", "description": null, "timestamp": null, "begin": null, "end": null, "altitudeMode": null, "tessellate": -1, "extrude": 0, "visibility": 0, "drawOrder": null, "icon": null, "Folder": "2N (#54)" }, "geometry": { "type": "Point", "coordinates": [ -106.529167925773706, 31.751452464515928, 0.0 ] } },
{ "type": "Feature", "properties": { "id": null, "Name": "ALD-1D-55/7-7-7", "description": null, "timestamp": null, "begin": null, "end": null, "altitudeMode": null, "tessellate": -1, "extrude": 0, "visibility": 0, "drawOrder": null, "icon": null, "Folder": "2N (#54)" }, "geometry": { "type": "Point", "coordinates": [ -106.52556, 31.751896, 0.0 ] } },
{ "type": "Feature", "properties": { "id": null, "Name": "ALD-1D-55/7-8-8", "description": null, "timestamp": null, "begin": null, "end": null, "altitudeMode": null, "tessellate": -1, "extrude": 0, "visibility": 0, "drawOrder": null, "icon": null, "Folder": "2N (#54)" }, "geometry": { "type": "Point", "coordinates": [ -106.527177821493495, 31.750643115158969, 0.0 ] } },
{ "type": "Feature", "properties": { "id": null, "Name": "ALD-3-S-11-12", "description": "1163 mts", "timestamp": null, "begin": null, "end": null, "altitudeMode": null, "tessellate": 1, "extrude": 0, "visibility": 0, "drawOrder": null, "icon": null, "Folder": "DISTRIBUCION (#53)" }, "geometry": { "type": "LineString", "coordinates": [ [ -106.520302628230993, 31.764759726562019, 0.0 ], [ -106.519797532330998, 31.764184919543069, 0.0 ], [ -106.520356680603598, 31.76377751086148, 0.0 ], [ -106.520929068390004, 31.76349237670517, 0.0 ], [ -106.521413190174698, 31.76315014656349, 0.0 ], [ -106.521782518274506, 31.762772995485349, 0.0 ], [ -106.522127343239504, 31.762523380837251, 0.0 ], [ -106.522642776367505, 31.76214318613372, 0.0 ], [ -106.523063930301703, 31.76272246940739, 0.0 ], [ -106.5233798627726, 31.763146985295911, 0.0 ], [ -106.522884629582606, 31.763577957094359, 0.0 ], [ -106.522752862265094, 31.76372367015577, 0.0 ], [ -106.522922099811296, 31.764037959364071, 0.0 ], [ -106.523171348261798, 31.764567322191979, 0.0 ], [ -106.523331609881694, 31.764534373849699, 0.0 ], [ -106.524032468486197, 31.764292719006349, 0.0 ], [ -106.524784813003805, 31.764177327574199, 0.0 ], [ -106.524906477582405, 31.764673060745761, 0.0 ], [ -106.525040049738394, 31.764991917072599, 0.0 ], [ -106.525272764986099, 31.765240857014039, 0.0 ], [ -106.525452245729895, 31.765181397772611, 0.0 ], [ -106.525839377087607, 31.765077755361361, 0.0 ], [ -106.526358914951203, 31.764942499002061, 0.0 ], [ -106.526821499142997, 31.764742032104589, 0.0 ] ] } },
{ "type": "Feature", "properties": { "id": null, "Name": "ALD-3-S-11-12/1", "description": null, "timestamp": null, "begin": null, "end": null, "altitudeMode": null, "tessellate": 1, "extrude": 0, "visibility": 0, "drawOrder": null, "icon": null, "Folder": "DISTRIBUCION (#53)" }, "geometry": { "type": "LineString", "coordinates": [ [ -106.526825990201502, 31.764732486046942, 0.0 ], [ -106.527071802789607, 31.764628258994829, 0.0 ], [ -106.527416419290105, 31.7655675329144, 0.0 ], [ -106.527571624308905, 31.765691001863591, 0.0 ] ] } },
{ "type": "Feature", "properties": { "id": null, "Name": "ALD-1D-55/7", "description": "0-15-4  LADO MUERTO\nREG MESITA", "timestamp": null, "begin": null, "end": null, "altitudeMode": null, "tessellate": -1, "extrude": 0, "visibility": 0, "drawOrder": null, "icon": null, "Folder": "1N (#53)" }, "geometry": { "type": "Point", "coordinates": [ -106.52922, 31.751478, 0.0 ] } },
{ "type": "Feature", "properties": { "id": null, "Name": "ALD-2D-36/12-1-1", "description": null, "timestamp": null, "begin": null, "end": null, "altitudeMode": null, "tessellate": -1, "extrude": 0, "visibility": 0, "drawOrder": null, "icon": null, "Folder": "2N (#55)" }, "geometry": { "type": "Point", "coordinates": [ -106.501940045664099, 31.727695600281901, 0.0 ] } },
{ "type": "Feature", "properties": { "id": null, "Name": "ALD-2D-36/12-2", "description": null, "timestamp": null, "begin": null, "end": null, "altitudeMode": null, "tessellate": -1, "extrude": 0, "visibility": 0, "drawOrder": null, "icon": null, "Folder": "2N (#55)" }, "geometry": { "type": "Point", "coordinates": [ -106.505565429224305, 31.730031083800341, 0.0 ] } },
{ "type": "Feature", "properties": { "id": null, "Name": "ALD-2D-36/12-3-3", "description": null, "timestamp": null, "begin": null, "end": null, "altitudeMode": null, "tessellate": -1, "extrude": 0, "visibility": 0, "drawOrder": null, "icon": null, "Folder": "2N (#55)" }, "geometry": { "type": "Point", "coordinates": [ -106.500531477408998, 31.727194611279419, 0.0 ] } },
{ "type": "Feature", "properties": { "id": null, "Name": "ALD-2D-36/12-4-4", "description": null, "timestamp": null, "begin": null, "end": null, "altitudeMode": null, "tessellate": -1, "extrude": 0, "visibility": 0, "drawOrder": null, "icon": null, "Folder": "2N (#55)" }, "geometry": { "type": "Point", "coordinates": [ -106.503978, 31.728014, 0.0 ] } },
{ "type": "Feature", "properties": { "id": null, "Name": "ALD-2D-36/12-5-5", "description": null, "timestamp": null, "begin": null, "end": null, "altitudeMode": null, "tessellate": -1, "extrude": 0, "visibility": 0, "drawOrder": null, "icon": null, "Folder": "2N (#55)" }, "geometry": { "type": "Point", "coordinates": [ -106.503155426692203, 31.726962805212409, 0.0 ] } },
{ "type": "Feature", "properties": { "id": null, "Name": "ALD-2D-36/12-6-6", "description": null, "timestamp": null, "begin": null, "end": null, "altitudeMode": null, "tessellate": -1, "extrude": 0, "visibility": 0, "drawOrder": null, "icon": null, "Folder": "2N (#55)" }, "geometry": { "type": "Point", "coordinates": [ -106.502532316989402, 31.726225462248539, 0.0 ] } },
{ "type": "Feature", "properties": { "id": null, "Name": "ALD-2D-36/12-7-7", "description": null, "timestamp": null, "begin": null, "end": null, "altitudeMode": null, "tessellate": -1, "extrude": 0, "visibility": 0, "drawOrder": null, "icon": null, "Folder": "2N (#55)" }, "geometry": { "type": "Point", "coordinates": [ -106.502006483325104, 31.725559783856951, 0.0 ] } },
{ "type": "Feature", "properties": { "id": null, "Name": "ALD-2D-36/12-8-8", "description": null, "timestamp": null, "begin": null, "end": null, "altitudeMode": null, "tessellate": -1, "extrude": 0, "visibility": 0, "drawOrder": null, "icon": null, "Folder": "2N (#55)" }, "geometry": { "type": "Point", "coordinates": [ -106.501580446913394, 31.725033723808679, 0.0 ] } },
{ "type": "Feature", "properties": { "id": null, "Name": "ALD-3-S-13-10", "description": "1,343 mts", "timestamp": null, "begin": null, "end": null, "altitudeMode": null, "tessellate": 1, "extrude": 0, "visibility": 0, "drawOrder": null, "icon": null, "Folder": "DISTRIBUCION (#54)" }, "geometry": { "type": "LineString", "coordinates": [ [ -106.554419608552095, 31.774944942453018, 0.0 ], [ -106.554454119316802, 31.775195043183739, 0.0 ], [ -106.553175791416507, 31.776899547181689, 0.0 ], [ -106.554115749917202, 31.777376961885501, 0.0 ], [ -106.556369263911193, 31.77443177234489, 0.0 ], [ -106.555295545984904, 31.77384971293414, 0.0 ], [ -106.555945327295007, 31.772914224904689, 0.0 ], [ -106.557013660674002, 31.773486033097189, 0.0 ], [ -106.558369364172705, 31.771698025479999, 0.0 ] ] } },
{ "type": "Feature", "properties": { "id": null, "Name": "ALD-3-S-13-10/1", "description": null, "timestamp": null, "begin": null, "end": null, "altitudeMode": null, "tessellate": 1, "extrude": 0, "visibility": 0, "drawOrder": null, "icon": null, "Folder": "DISTRIBUCION (#54)" }, "geometry": { "type": "LineString", "coordinates": [ [ -106.553616273221607, 31.777116955697789, 0.0 ], [ -106.556611438522694, 31.778614768916981, 0.0 ], [ -106.556226950275303, 31.779165037589351, 0.0 ], [ -106.556446773702902, 31.779721726220139, 0.0 ], [ -106.556983430609506, 31.78000345829151, 0.0 ] ] } },
{ "type": "Feature", "properties": { "id": null, "Name": "ALD-2D-36/12", "description": null, "timestamp": null, "begin": null, "end": null, "altitudeMode": null, "tessellate": -1, "extrude": 0, "visibility": 0, "drawOrder": null, "icon": null, "Folder": "1N (#54)" }, "geometry": { "type": "Point", "coordinates": [ -106.500848643915006, 31.724344232610779, 0.0 ] } },
{ "type": "Feature", "properties": { "id": null, "Name": "ALD-2I-13/1/9-1-1", "description": null, "timestamp": null, "begin": null, "end": null, "altitudeMode": null, "tessellate": -1, "extrude": 0, "visibility": 0, "drawOrder": null, "icon": null, "Folder": "2N (#56)" }, "geometry": { "type": "Point", "coordinates": [ -106.497844901297299, 31.73989082548707, 0.0 ] } },
{ "type": "Feature", "properties": { "id": null, "Name": "ALD-2I-13/1/9-2-2", "description": null, "timestamp": null, "begin": null, "end": null, "altitudeMode": null, "tessellate": -1, "extrude": 0, "visibility": 0, "drawOrder": null, "icon": null, "Folder": "2N (#56)" }, "geometry": { "type": "Point", "coordinates": [ -106.497448, 31.739775549669531, 0.0 ] } },
{ "type": "Feature", "properties": { "id": null, "Name": "ALD-2I-13/1/9-3-3", "description": null, "timestamp": null, "begin": null, "end": null, "altitudeMode": null, "tessellate": -1, "extrude": 0, "visibility": 0, "drawOrder": null, "icon": null, "Folder": "2N (#56)" }, "geometry": { "type": "Point", "coordinates": [ -106.496567241755997, 31.73949384124489, 0.0 ] } },
{ "type": "Feature", "properties": { "id": null, "Name": "ALD-2I-13/1/9-4-4", "description": null, "timestamp": null, "begin": null, "end": null, "altitudeMode": null, "tessellate": -1, "extrude": 0, "visibility": 0, "drawOrder": null, "icon": null, "Folder": "2N (#56)" }, "geometry": { "type": "Point", "coordinates": [ -106.496029, 31.739404463362419, 0.0 ] } },
{ "type": "Feature", "properties": { "id": null, "Name": "ALD-2I-13/1/9-5-5", "description": null, "timestamp": null, "begin": null, "end": null, "altitudeMode": null, "tessellate": -1, "extrude": 0, "visibility": 0, "drawOrder": null, "icon": null, "Folder": "2N (#56)" }, "geometry": { "type": "Point", "coordinates": [ -106.495807113726201, 31.740025750127149, 0.0 ] } },
{ "type": "Feature", "properties": { "id": null, "Name": "ALD-2I-13/1/9-6-6", "description": null, "timestamp": null, "begin": null, "end": null, "altitudeMode": null, "tessellate": -1, "extrude": 0, "visibility": 0, "drawOrder": null, "icon": null, "Folder": "2N (#56)" }, "geometry": { "type": "Point", "coordinates": [ -106.495552, 31.740570241688971, 0.0 ] } },
{ "type": "Feature", "properties": { "id": null, "Name": "ALD-2I-13/1/9-7-7", "description": null, "timestamp": null, "begin": null, "end": null, "altitudeMode": null, "tessellate": -1, "extrude": 0, "visibility": 0, "drawOrder": null, "icon": null, "Folder": "2N (#56)" }, "geometry": { "type": "Point", "coordinates": [ -106.49627, 31.742128, 0.0 ] } },
{ "type": "Feature", "properties": { "id": null, "Name": "ALD-2I-13/1/9-8-8", "description": null, "timestamp": null, "begin": null, "end": null, "altitudeMode": null, "tessellate": -1, "extrude": 0, "visibility": 0, "drawOrder": null, "icon": null, "Folder": "2N (#56)" }, "geometry": { "type": "Point", "coordinates": [ -106.49455, 31.741632, 0.0 ] } },
{ "type": "Feature", "properties": { "id": null, "Name": "ALD-1D-S-9-7/2", "description": null, "timestamp": null, "begin": null, "end": null, "altitudeMode": null, "tessellate": 1, "extrude": 0, "visibility": 0, "drawOrder": null, "icon": null, "Folder": "DISTRIBUCION (#55)" }, "geometry": { "type": "LineString", "coordinates": [ [ -106.525767385452795, 31.75239923649389, 0.0 ], [ -106.525566759970602, 31.752345632256269, 0.0 ], [ -106.524657928951896, 31.75238621779155, 0.0 ], [ -106.524240337967299, 31.752343276143339, 0.0 ], [ -106.523809530816706, 31.752366073112331, 0.0 ], [ -106.523581177214695, 31.752454563867929, 0.0 ], [ -106.523381098837802, 31.752567173550101, 0.0 ], [ -106.523197893054601, 31.75268667912723, 0.0 ], [ -106.523066713588506, 31.752779048523681, 0.0 ], [ -106.5229600405371, 31.752878484522309, 0.0 ], [ -106.522876465085801, 31.752925649955099, 0.0 ] ] } },
{ "type": "Feature", "properties": { "id": null, "Name": "ALD-1D-S-9-7", "description": null, "timestamp": null, "begin": null, "end": null, "altitudeMode": null, "tessellate": 1, "extrude": 0, "visibility": 0, "drawOrder": null, "icon": null, "Folder": "DISTRIBUCION (#55)" }, "geometry": { "type": "LineString", "coordinates": [ [ -106.524648086182296, 31.752386957225092, 0.0 ], [ -106.525215899455304, 31.752370107798441, 0.0 ], [ -106.525568824746799, 31.75235876457516, 0.0 ], [ -106.525752944884402, 31.75239918832602, 0.0 ], [ -106.5260424689925, 31.752486974283268, 0.0 ], [ -106.526377657729498, 31.752598290682378, 0.0 ], [ -106.526684604914706, 31.75269090781017, 0.0 ], [ -106.527343649566603, 31.752897235587842, 0.0 ], [ -106.527870916795706, 31.753054862947661, 0.0 ], [ -106.528004701348706, 31.752724471249941, 0.0 ], [ -106.528129252539898, 31.752424812006311, 0.0 ], [ -106.528270045997502, 31.75212450314784, 0.0 ], [ -106.528394293168006, 31.751783391468528, 0.0 ], [ -106.527866981545102, 31.751623275024389, 0.0 ], [ -106.528023899602601, 31.75124475720262, 0.0 ], [ -106.528113633979302, 31.75105189846068, 0.0 ], [ -106.528622614161193, 31.751231829139869, 0.0 ], [ -106.528731043986099, 31.75127949496558, 0.0 ], [ -106.529260598488094, 31.75147222379098, 0.0 ] ] } },
{ "type": "Feature", "properties": { "id": null, "Name": "ALD-1D-S-9-7/1", "description": null, "timestamp": null, "begin": null, "end": null, "altitudeMode": null, "tessellate": 1, "extrude": 0, "visibility": 0, "drawOrder": null, "icon": null, "Folder": "DISTRIBUCION (#55)" }, "geometry": { "type": "LineString", "coordinates": [ [ -106.525751771728807, 31.752400415176151, 0.0 ], [ -106.525574665147204, 31.752357212710312, 0.0 ], [ -106.525223836449001, 31.752369845226571, 0.0 ], [ -106.524648412047597, 31.75238629473019, 0.0 ], [ -106.524813002254206, 31.75197107914472, 0.0 ], [ -106.524935156064799, 31.751640519684521, 0.0 ], [ -106.525445585281204, 31.751847619030841, 0.0 ], [ -106.5255639788748, 31.751902253832711, 0.0 ], [ -106.525949010038303, 31.751025795549751, 0.0 ] ] } },
{ "type": "Feature", "properties": { "id": null, "Name": "Ruta sin título", "description": null, "timestamp": null, "begin": null, "end": null, "altitudeMode": null, "tessellate": 1, "extrude": 0, "visibility": 0, "drawOrder": null, "icon": null, "Folder": "DISTRIBUCION (#55)" }, "geometry": { "type": "LineString", "coordinates": [ [ -106.528074440352697, 31.751157975864011, 0.0 ], [ -106.528193889562004, 31.750967498854479, 0.0 ], [ -106.527171927101094, 31.750616497429551, 0.0 ] ] } },
{ "type": "Feature", "properties": { "id": null, "Name": "ALD-1D-S-9-7/3", "description": null, "timestamp": null, "begin": null, "end": null, "altitudeMode": null, "tessellate": 1, "extrude": 0, "visibility": 0, "drawOrder": null, "icon": null, "Folder": "DISTRIBUCION (#55)" }, "geometry": { "type": "LineString", "coordinates": [ [ -106.528008755111898, 31.752727971973389, 0.0 ], [ -106.527572832182003, 31.753785953822671, 0.0 ], [ -106.528849296137906, 31.754164572664539, 0.0 ], [ -106.528478684260605, 31.7549910525447, 0.0 ] ] } },
{ "type": "Feature", "properties": { "id": null, "Name": "ALD-1D-S-9-7/4", "description": null, "timestamp": null, "begin": null, "end": null, "altitudeMode": null, "tessellate": 1, "extrude": 0, "visibility": 0, "drawOrder": null, "icon": null, "Folder": "DISTRIBUCION (#55)" }, "geometry": { "type": "LineString", "coordinates": [ [ -106.528463029352494, 31.754991939886061, 0.0 ], [ -106.528241375271193, 31.755462747492231, 0.0 ], [ -106.528936006091698, 31.75568949844434, 0.0 ], [ -106.528611523772994, 31.75629533232885, 0.0 ] ] } },
{ "type": "Feature", "properties": { "id": null, "Name": "ALD-2I-13/1/9", "description": null, "timestamp": null, "begin": null, "end": null, "altitudeMode": null, "tessellate": -1, "extrude": 0, "visibility": 0, "drawOrder": null, "icon": null, "Folder": "1N (#55)" }, "geometry": { "type": "Point", "coordinates": [ -106.494506635136204, 31.741619850275551, 0.0 ] } },
{ "type": "Feature", "properties": { "id": null, "Name": "ALD-2D-33/13-1-1", "description": null, "timestamp": null, "begin": null, "end": null, "altitudeMode": null, "tessellate": -1, "extrude": 0, "visibility": 0, "drawOrder": null, "icon": null, "Folder": "2N (#57)" }, "geometry": { "type": "Point", "coordinates": [ -106.499376, 31.732542, 0.0 ] } },
{ "type": "Feature", "properties": { "id": null, "Name": "ALD-2D-33/13-2-2", "description": null, "timestamp": null, "begin": null, "end": null, "altitudeMode": null, "tessellate": -1, "extrude": 0, "visibility": 0, "drawOrder": null, "icon": null, "Folder": "2N (#57)" }, "geometry": { "type": "Point", "coordinates": [ -106.501157, 31.733001, 0.0 ] } },
{ "type": "Feature", "properties": { "id": null, "Name": "ALD-2D-33/13-3-3", "description": null, "timestamp": null, "begin": null, "end": null, "altitudeMode": null, "tessellate": -1, "extrude": 0, "visibility": 0, "drawOrder": null, "icon": null, "Folder": "2N (#57)" }, "geometry": { "type": "Point", "coordinates": [ -106.500889, 31.73227, 0.0 ] } },
{ "type": "Feature", "properties": { "id": null, "Name": "ALD-2D-33/13-4-4", "description": null, "timestamp": null, "begin": null, "end": null, "altitudeMode": null, "tessellate": -1, "extrude": 0, "visibility": 0, "drawOrder": null, "icon": null, "Folder": "2N (#57)" }, "geometry": { "type": "Point", "coordinates": [ -106.501784555744905, 31.731752899687951, 0.0 ] } },
{ "type": "Feature", "properties": { "id": null, "Name": "ALD-2D-33/13-5-5", "description": null, "timestamp": null, "begin": null, "end": null, "altitudeMode": null, "tessellate": -1, "extrude": 0, "visibility": 0, "drawOrder": null, "icon": null, "Folder": "2N (#57)" }, "geometry": { "type": "Point", "coordinates": [ -106.502670747829896, 31.731833911497741, 0.0 ] } },
{ "type": "Feature", "properties": { "id": null, "Name": "ALD-2D-33/13-6-6", "description": null, "timestamp": null, "begin": null, "end": null, "altitudeMode": null, "tessellate": -1, "extrude": 0, "visibility": 0, "drawOrder": null, "icon": null, "Folder": "2N (#57)" }, "geometry": { "type": "Point", "coordinates": [ -106.503693, 31.731454, 0.0 ] } },
{ "type": "Feature", "properties": { "id": null, "Name": "ALD-2D-33/13-7-7", "description": "<b>AGREGADA 13 NOVIEMBRE 2025</b>", "timestamp": null, "begin": null, "end": null, "altitudeMode": null, "tessellate": -1, "extrude": 0, "visibility": 0, "drawOrder": null, "icon": null, "Folder": "2N (#57)" }, "geometry": { "type": "Point", "coordinates": [ -106.503127199339303, 31.7300955202921, 0.0 ] } },
{ "type": "Feature", "properties": { "id": null, "Name": "ALD-2D-33/13-8-8", "description": null, "timestamp": null, "begin": null, "end": null, "altitudeMode": null, "tessellate": -1, "extrude": 0, "visibility": 0, "drawOrder": null, "icon": null, "Folder": "2N (#57)" }, "geometry": { "type": "Point", "coordinates": [ -106.502511306888593, 31.73007475044728, 0.0 ] } },
{ "type": "Feature", "properties": { "id": null, "Name": "ALD-S-6-6", "description": null, "timestamp": null, "begin": null, "end": null, "altitudeMode": null, "tessellate": 1, "extrude": 0, "visibility": 0, "drawOrder": null, "icon": null, "Folder": "DISTRIBUCION (#56)" }, "geometry": { "type": "LineString", "coordinates": [ [ -106.505942727106401, 31.730489946651261, 0.0 ], [ -106.505871345599303, 31.730390856237829, 0.0 ], [ -106.505584065547396, 31.730056052517359, 0.0 ], [ -106.504572849882507, 31.728753170496422, 0.0 ], [ -106.503157816649804, 31.726985688805581, 0.0 ], [ -106.501990229681397, 31.725529319778591, 0.0 ], [ -106.501582791285102, 31.7250158431128, 0.0 ], [ -106.501287225995696, 31.724644891693671, 0.0 ], [ -106.500842734237494, 31.724331230388721, 0.0 ] ] } },
{ "type": "Feature", "properties": { "id": null, "Name": "ALD-2D-33/13", "description": null, "timestamp": null, "begin": null, "end": null, "altitudeMode": null, "tessellate": -1, "extrude": 0, "visibility": 0, "drawOrder": null, "icon": null, "Folder": "1N (#56)" }, "geometry": { "type": "Point", "coordinates": [ -106.502233296053802, 31.73016718940945, 0.0 ] } },
{ "type": "Feature", "properties": { "id": null, "Name": "ALD-2I-69/19/9-1-1", "description": null, "timestamp": null, "begin": null, "end": null, "altitudeMode": null, "tessellate": -1, "extrude": 0, "visibility": 0, "drawOrder": null, "icon": null, "Folder": "2N (#58)" }, "geometry": { "type": "Point", "coordinates": [ -106.505296487477196, 31.75060427724226, 0.0 ] } },
{ "type": "Feature", "properties": { "id": null, "Name": "ALD-2I-69/19/9-2-2", "description": "<b>AGREGADA 10 SEPTIEMBRE 2025</b>", "timestamp": null, "begin": null, "end": null, "altitudeMode": null, "tessellate": -1, "extrude": 0, "visibility": 0, "drawOrder": null, "icon": null, "Folder": "2N (#58)" }, "geometry": { "type": "Point", "coordinates": [ -106.505338711056098, 31.747765733634321, 0.0 ] } },
{ "type": "Feature", "properties": { "id": null, "Name": "ALD-2I-69/19/9-3-3/1", "description": null, "timestamp": null, "begin": null, "end": null, "altitudeMode": null, "tessellate": -1, "extrude": 0, "visibility": 0, "drawOrder": null, "icon": null, "Folder": "2N (#58)" }, "geometry": { "type": "Point", "coordinates": [ -106.504834550130496, 31.748939353087941, 0.0 ] } },
{ "type": "Feature", "properties": { "id": null, "Name": "ALD-2I-69/19/9-4-4", "description": null, "timestamp": null, "begin": null, "end": null, "altitudeMode": null, "tessellate": -1, "extrude": 0, "visibility": 0, "drawOrder": null, "icon": null, "Folder": "2N (#58)" }, "geometry": { "type": "Point", "coordinates": [ -106.500621, 31.749094, 0.0 ] } },
{ "type": "Feature", "properties": { "id": null, "Name": "ALD-2I-69/19/9-5-5", "description": null, "timestamp": null, "begin": null, "end": null, "altitudeMode": null, "tessellate": -1, "extrude": 0, "visibility": 0, "drawOrder": null, "icon": null, "Folder": "2N (#58)" }, "geometry": { "type": "Point", "coordinates": [ -106.503739, 31.747806, 0.0 ] } },
{ "type": "Feature", "properties": { "id": null, "Name": "ALD-2I-69/19/9-6-6", "description": null, "timestamp": null, "begin": null, "end": null, "altitudeMode": null, "tessellate": -1, "extrude": 0, "visibility": 0, "drawOrder": null, "icon": null, "Folder": "2N (#58)" }, "geometry": { "type": "Point", "coordinates": [ -106.499255955336807, 31.749006897236569, 0.0 ] } },
{ "type": "Feature", "properties": { "id": null, "Name": "ALD-2I-69/19/9-7-7", "description": null, "timestamp": null, "begin": null, "end": null, "altitudeMode": null, "tessellate": -1, "extrude": 0, "visibility": 0, "drawOrder": null, "icon": null, "Folder": "2N (#58)" }, "geometry": { "type": "Point", "coordinates": [ -106.4994, 31.74877, 0.0 ] } },
{ "type": "Feature", "properties": { "id": null, "Name": "ALD-2I-69/19/9-8-8", "description": null, "timestamp": null, "begin": null, "end": null, "altitudeMode": null, "tessellate": -1, "extrude": 0, "visibility": 0, "drawOrder": null, "icon": null, "Folder": "2N (#58)" }, "geometry": { "type": "Point", "coordinates": [ -106.498837920661202, 31.74988278972684, 0.0 ] } },
{ "type": "Feature", "properties": { "id": null, "Name": "ALD-S-5-8", "description": null, "timestamp": null, "begin": null, "end": null, "altitudeMode": null, "tessellate": 1, "extrude": 0, "visibility": 0, "drawOrder": null, "icon": null, "Folder": "DISTRIBUCION (#57)" }, "geometry": { "type": "LineString", "coordinates": [ [ -106.498361069273699, 31.740012948546632, 0.0 ], [ -106.496080760214994, 31.73935887645716, 0.0 ], [ -106.495194752401602, 31.741529039259401, 0.0 ], [ -106.495083090589304, 31.74176847707885, 0.0 ], [ -106.494723090238494, 31.741668258889099, 0.0 ], [ -106.494539451725402, 31.741637222856571, 0.0 ] ] } },
{ "type": "Feature", "properties": { "id": null, "Name": "ALD-2I-69/19/9", "description": "0-15-12\nREG AZUCENAS", "timestamp": null, "begin": null, "end": null, "altitudeMode": null, "tessellate": -1, "extrude": 0, "visibility": 0, "drawOrder": null, "icon": null, "Folder": "1N (#57)" }, "geometry": { "type": "Point", "coordinates": [ -106.498964162168505, 31.74983344118392, 0.0 ] } },
{ "type": "Feature", "properties": { "id": null, "Name": "ALD-1I-19/19/9-1-1", "description": null, "timestamp": null, "begin": null, "end": null, "altitudeMode": null, "tessellate": -1, "extrude": 0, "visibility": 0, "drawOrder": null, "icon": null, "Folder": "2N (#59)" }, "geometry": { "type": "Point", "coordinates": [ -106.492004278638404, 31.739565064779701, 0.0 ] } },
{ "type": "Feature", "properties": { "id": null, "Name": "ALD-1I-19/19/9-2-2", "description": null, "timestamp": null, "begin": null, "end": null, "altitudeMode": null, "tessellate": -1, "extrude": 0, "visibility": 0, "drawOrder": null, "icon": null, "Folder": "2N (#59)" }, "geometry": { "type": "Point", "coordinates": [ -106.491465, 31.739411, 0.0 ] } },
{ "type": "Feature", "properties": { "id": null, "Name": "ALD-1I-19/19/9-3-3", "description": "<b>REFORZADA 18 OCTUBRE 2025</b>", "timestamp": null, "begin": null, "end": null, "altitudeMode": null, "tessellate": -1, "extrude": 0, "visibility": 0, "drawOrder": null, "icon": null, "Folder": "2N (#59)" }, "geometry": { "type": "Point", "coordinates": [ -106.486175722608706, 31.739754724906419, 0.0 ] } },
{ "type": "Feature", "properties": { "id": null, "Name": "ALD-1I-19/19/9-4-4", "description": null, "timestamp": null, "begin": null, "end": null, "altitudeMode": null, "tessellate": -1, "extrude": 0, "visibility": 0, "drawOrder": null, "icon": null, "Folder": "2N (#59)" }, "geometry": { "type": "Point", "coordinates": [ -106.489347992336803, 31.73866311464241, 0.0 ] } },
{ "type": "Feature", "properties": { "id": null, "Name": "ALD-1I-19/19/9-5-5", "description": null, "timestamp": null, "begin": null, "end": null, "altitudeMode": null, "tessellate": -1, "extrude": 0, "visibility": 0, "drawOrder": null, "icon": null, "Folder": "2N (#59)" }, "geometry": { "type": "Point", "coordinates": [ -106.4887056195589, 31.738826092181739, 0.0 ] } },
{ "type": "Feature", "properties": { "id": null, "Name": "ALD-1I-19/19/9-6-6", "description": null, "timestamp": null, "begin": null, "end": null, "altitudeMode": null, "tessellate": -1, "extrude": 0, "visibility": 0, "drawOrder": null, "icon": null, "Folder": "2N (#59)" }, "geometry": { "type": "Point", "coordinates": [ -106.48817, 31.740394917557492, 0.0 ] } },
{ "type": "Feature", "properties": { "id": null, "Name": "ALD-1I-19/19/9-7-7", "description": null, "timestamp": null, "begin": null, "end": null, "altitudeMode": null, "tessellate": -1, "extrude": 0, "visibility": 0, "drawOrder": null, "icon": null, "Folder": "2N (#59)" }, "geometry": { "type": "Point", "coordinates": [ -106.4869445487832, 31.74017134346639, 0.0 ] } },
{ "type": "Feature", "properties": { "id": null, "Name": "ALD-1I-19/19/9-8-8 1:16", "description": "<b>REFORZADA 08 MARZO 2025</b>", "timestamp": null, "begin": null, "end": null, "altitudeMode": null, "tessellate": -1, "extrude": 0, "visibility": 0, "drawOrder": null, "icon": null, "Folder": "2N (#59)" }, "geometry": { "type": "Point", "coordinates": [ -106.486852615828397, 31.740129520930189, 0.0 ] } },
{ "type": "Feature", "properties": { "id": null, "Name": "ALD-S-6-8/1", "description": null, "timestamp": null, "begin": null, "end": null, "altitudeMode": null, "tessellate": 1, "extrude": 0, "visibility": 0, "drawOrder": null, "icon": null, "Folder": "DISTRIBUCION (#58)" }, "geometry": { "type": "LineString", "coordinates": [ [ -106.502517457546602, 31.730067169766158, 0.0 ], [ -106.502985423259702, 31.7298405775215, 0.0 ], [ -106.503131085582098, 31.73010036776677, 0.0 ] ] } },
{ "type": "Feature", "properties": { "id": null, "Name": "ALD-S-6-8", "description": null, "timestamp": null, "begin": null, "end": null, "altitudeMode": null, "tessellate": 1, "extrude": 0, "visibility": 0, "drawOrder": null, "icon": null, "Folder": "DISTRIBUCION (#58)" }, "geometry": { "type": "LineString", "coordinates": [ [ -106.502049365921593, 31.733282829137789, 0.0 ], [ -106.500683315622794, 31.732878687746162, 0.0 ], [ -106.500939005335596, 31.732246223557169, 0.0 ], [ -106.501186835860906, 31.731640144973721, 0.0 ], [ -106.501682522628201, 31.731733158884222, 0.0 ], [ -106.502144712356795, 31.731894209502741, 0.0 ], [ -106.502555317920795, 31.732013513194079, 0.0 ], [ -106.502654306223405, 31.731896833019711, 0.0 ], [ -106.503694766850202, 31.731471648478799, 0.0 ], [ -106.503414022914697, 31.730652503498519, 0.0 ], [ -106.503421110603696, 31.730099325998889, 0.0 ], [ -106.5032292743401, 31.729756023951651, 0.0 ], [ -106.502237589280099, 31.730194049382231, 0.0 ] ] } },
{ "type": "Feature", "properties": { "id": null, "Name": "ALD-1I-19/19/9", "description": null, "timestamp": null, "begin": null, "end": null, "altitudeMode": null, "tessellate": -1, "extrude": 0, "visibility": 0, "drawOrder": null, "icon": null, "Folder": "1N (#58)" }, "geometry": { "type": "Point", "coordinates": [ -106.486811, 31.740106, 0.0 ] } },
{ "type": "Feature", "properties": { "id": null, "Name": "ALD-1D-43/19/9-1-1", "description": "CAJA MIGRADA DEL ORIGINAL", "timestamp": null, "begin": null, "end": null, "altitudeMode": null, "tessellate": -1, "extrude": 0, "visibility": 0, "drawOrder": null, "icon": null, "Folder": "2N (#60)" }, "geometry": { "type": "Point", "coordinates": [ -106.519453, 31.746942, 0.0 ] } },
{ "type": "Feature", "properties": { "id": null, "Name": "ALD-1D-43/19/9-2-2", "description": null, "timestamp": null, "begin": null, "end": null, "altitudeMode": null, "tessellate": -1, "extrude": 0, "visibility": 0, "drawOrder": null, "icon": null, "Folder": "2N (#60)" }, "geometry": { "type": "Point", "coordinates": [ -106.518818, 31.746716, 0.0 ] } },
{ "type": "Feature", "properties": { "id": null, "Name": "ALD-1D-43/19/9-3-3", "description": null, "timestamp": null, "begin": null, "end": null, "altitudeMode": null, "tessellate": -1, "extrude": 0, "visibility": 0, "drawOrder": null, "icon": null, "Folder": "2N (#60)" }, "geometry": { "type": "Point", "coordinates": [ -106.517597, 31.746389, 0.0 ] } },
{ "type": "Feature", "properties": { "id": null, "Name": "ALD-1D-43/19/9-4-4", "description": null, "timestamp": null, "begin": null, "end": null, "altitudeMode": null, "tessellate": -1, "extrude": 0, "visibility": 0, "drawOrder": null, "icon": null, "Folder": "2N (#60)" }, "geometry": { "type": "Point", "coordinates": [ -106.516907, 31.746174, 0.0 ] } },
{ "type": "Feature", "properties": { "id": null, "Name": "ALD-1D-43/19/9-5-5", "description": null, "timestamp": null, "begin": null, "end": null, "altitudeMode": null, "tessellate": -1, "extrude": 0, "visibility": 0, "drawOrder": null, "icon": null, "Folder": "2N (#60)" }, "geometry": { "type": "Point", "coordinates": [ -106.5154019339423, 31.747909541531651, 0.0 ] } },
{ "type": "Feature", "properties": { "id": null, "Name": "ALD-1D-43/19/9-6-6", "description": null, "timestamp": null, "begin": null, "end": null, "altitudeMode": null, "tessellate": -1, "extrude": 0, "visibility": 0, "drawOrder": null, "icon": null, "Folder": "2N (#60)" }, "geometry": { "type": "Point", "coordinates": [ -106.516019, 31.746614, 0.0 ] } },
{ "type": "Feature", "properties": { "id": null, "Name": "ALD-1D-43/19/9-7-7", "description": "CAJA MIGRADA DEL ORIGINAL", "timestamp": null, "begin": null, "end": null, "altitudeMode": null, "tessellate": -1, "extrude": 0, "visibility": 0, "drawOrder": null, "icon": null, "Folder": "2N (#60)" }, "geometry": { "type": "Point", "coordinates": [ -106.514135, 31.746014, 0.0 ] } },
{ "type": "Feature", "properties": { "id": null, "Name": "ALD-1D-43/19/9-8-8", "description": null, "timestamp": null, "begin": null, "end": null, "altitudeMode": null, "tessellate": -1, "extrude": 0, "visibility": 0, "drawOrder": null, "icon": null, "Folder": "2N (#60)" }, "geometry": { "type": "Point", "coordinates": [ -106.513473, 31.745807, 0.0 ] } },
{ "type": "Feature", "properties": { "id": null, "Name": "ALD-S-7-2", "description": null, "timestamp": null, "begin": null, "end": null, "altitudeMode": null, "tessellate": 1, "extrude": 0, "visibility": 0, "drawOrder": null, "icon": null, "Folder": "DISTRIBUCION (#59)" }, "geometry": { "type": "LineString", "coordinates": [ [ -106.504027237353895, 31.750917677366079, 0.0 ], [ -106.504045120989602, 31.75059852905359, 0.0 ], [ -106.504186620398002, 31.750227037186178, 0.0 ], [ -106.503958194735901, 31.750155863474308, 0.0 ], [ -106.5039042825222, 31.749882419187401, 0.0 ], [ -106.504004669539796, 31.749779991086442, 0.0 ], [ -106.503961124668606, 31.749594711342102, 0.0 ], [ -106.503339538540999, 31.749524492062811, 0.0 ], [ -106.502996531199202, 31.749540264965891, 0.0 ], [ -106.502372048298696, 31.749442596353159, 0.0 ], [ -106.501812228614, 31.749443884188061, 0.0 ], [ -106.5012673079259, 31.749306516549272, 0.0 ], [ -106.500660481546007, 31.749133293121769, 0.0 ], [ -106.500295508896599, 31.748993601825688, 0.0 ], [ -106.499854895160794, 31.74891398499026, 0.0 ], [ -106.499390755451302, 31.748764797664879, 0.0 ], [ -106.499268775861395, 31.74905740558739, 0.0 ], [ -106.499128517968401, 31.749401187627239, 0.0 ], [ -106.499003360892004, 31.749736685454121, 0.0 ], [ -106.498928179071299, 31.74985656883289, 0.0 ] ] } },
{ "type": "Feature", "properties": { "id": null, "Name": "ALD-S-7-2/1", "description": null, "timestamp": null, "begin": null, "end": null, "altitudeMode": null, "tessellate": 1, "extrude": 0, "visibility": 0, "drawOrder": null, "icon": null, "Folder": "DISTRIBUCION (#59)" }, "geometry": { "type": "LineString", "coordinates": [ [ -106.5030191247358, 31.749537688765201, 0.0 ], [ -106.503748637371004, 31.747806769251739, 0.0 ] ] } },
{ "type": "Feature", "properties": { "id": null, "Name": "ALD-S-7-2/2", "description": null, "timestamp": null, "begin": null, "end": null, "altitudeMode": null, "tessellate": 1, "extrude": 0, "visibility": 0, "drawOrder": null, "icon": null, "Folder": "DISTRIBUCION (#59)" }, "geometry": { "type": "LineString", "coordinates": [ [ -106.502983505834393, 31.749527438086101, 0.0 ], [ -106.5035032534431, 31.74954294658836, 0.0 ], [ -106.503658265074606, 31.749182390891651, 0.0 ], [ -106.5045837825608, 31.749477032661051, 0.0 ], [ -106.504839091529803, 31.748907117541069, 0.0 ] ] } },
{ "type": "Feature", "properties": { "id": null, "Name": "ALD-S-7-2/3", "description": null, "timestamp": null, "begin": null, "end": null, "altitudeMode": null, "tessellate": 1, "extrude": 0, "visibility": 0, "drawOrder": null, "icon": null, "Folder": "DISTRIBUCION (#59)" }, "geometry": { "type": "LineString", "coordinates": [ [ -106.504835129775998, 31.748925563454819, 0.0 ], [ -106.505317726942906, 31.74770625567432, 0.0 ] ] } },
{ "type": "Feature", "properties": { "id": null, "Name": "ALD-1D-43/19/9", "description": null, "timestamp": null, "begin": null, "end": null, "altitudeMode": null, "tessellate": -1, "extrude": 0, "visibility": 0, "drawOrder": null, "icon": null, "Folder": "1N (#59)" }, "geometry": { "type": "Point", "coordinates": [ -106.513383441610998, 31.745782562197181, 0.0 ] } },
{ "type": "Feature", "properties": { "id": null, "Name": "ALD-2I-67/19-1-1", "description": null, "timestamp": null, "begin": null, "end": null, "altitudeMode": null, "tessellate": -1, "extrude": 0, "visibility": 0, "drawOrder": null, "icon": null, "Folder": "2N (#61)" }, "geometry": { "type": "Point", "coordinates": [ -106.505235812525399, 31.753761816236789, 0.0 ] } },
{ "type": "Feature", "properties": { "id": null, "Name": "ALD-2I-67/19-2-2", "description": null, "timestamp": null, "begin": null, "end": null, "altitudeMode": null, "tessellate": -1, "extrude": 0, "visibility": 0, "drawOrder": null, "icon": null, "Folder": "2N (#61)" }, "geometry": { "type": "Point", "coordinates": [ -106.504955555555597, 31.754608333333341, 0.0 ] } },
{ "type": "Feature", "properties": { "id": null, "Name": "ALD-2I-67/19-3-3", "description": null, "timestamp": null, "begin": null, "end": null, "altitudeMode": null, "tessellate": -1, "extrude": 0, "visibility": 0, "drawOrder": null, "icon": null, "Folder": "2N (#61)" }, "geometry": { "type": "Point", "coordinates": [ -106.504488121383901, 31.75590690742365, 0.0 ] } },
{ "type": "Feature", "properties": { "id": null, "Name": "ALD-2I-67/19-4-4", "description": null, "timestamp": null, "begin": null, "end": null, "altitudeMode": null, "tessellate": -1, "extrude": 0, "visibility": 0, "drawOrder": null, "icon": null, "Folder": "2N (#61)" }, "geometry": { "type": "Point", "coordinates": [ -106.503607, 31.755657, 0.0 ] } },
{ "type": "Feature", "properties": { "id": null, "Name": "ALD-2I-67/19-5-5", "description": null, "timestamp": null, "begin": null, "end": null, "altitudeMode": null, "tessellate": -1, "extrude": 0, "visibility": 0, "drawOrder": null, "icon": null, "Folder": "2N (#61)" }, "geometry": { "type": "Point", "coordinates": [ -106.501797816239801, 31.75577734942361, 0.0 ] } },
{ "type": "Feature", "properties": { "id": null, "Name": "ALD-2I-67/19-6-6", "description": null, "timestamp": null, "begin": null, "end": null, "altitudeMode": null, "tessellate": -1, "extrude": 0, "visibility": 0, "drawOrder": null, "icon": null, "Folder": "2N (#61)" }, "geometry": { "type": "Point", "coordinates": [ -106.505708218763402, 31.75278106523875, 0.0 ] } },
{ "type": "Feature", "properties": { "id": null, "Name": "ALD-2I-67/19-7-7", "description": null, "timestamp": null, "begin": null, "end": null, "altitudeMode": null, "tessellate": -1, "extrude": 0, "visibility": 0, "drawOrder": null, "icon": null, "Folder": "2N (#61)" }, "geometry": { "type": "Point", "coordinates": [ -106.505834384827196, 31.752304446375199, 0.0 ] } },
{ "type": "Feature", "properties": { "id": null, "Name": "ALD-2I-67/19-8-8", "description": null, "timestamp": null, "begin": null, "end": null, "altitudeMode": null, "tessellate": -1, "extrude": 0, "visibility": 0, "drawOrder": null, "icon": null, "Folder": "2N (#61)" }, "geometry": { "type": "Point", "coordinates": [ -106.5062184169429, 31.751592018567621, 0.0 ] } },
{ "type": "Feature", "properties": { "id": null, "Name": "ALD-S-1-5", "description": null, "timestamp": null, "begin": null, "end": null, "altitudeMode": null, "tessellate": 1, "extrude": 0, "visibility": 0, "drawOrder": null, "icon": null, "Folder": "DISTRIBUCION (#60)" }, "geometry": { "type": "LineString", "coordinates": [ [ -106.492436140517597, 31.73967310969789, 0.0 ], [ -106.491005604968294, 31.739302379669802, 0.0 ], [ -106.491040228812807, 31.739162831659161, 0.0 ], [ -106.488877666310898, 31.738508828062329, 0.0 ], [ -106.488390731276397, 31.739784308013569, 0.0 ], [ -106.487984329667995, 31.74070277942851, 0.0 ], [ -106.486412967327695, 31.73989915903627, 0.0 ], [ -106.485871912387495, 31.739573324864612, 0.0 ] ] } },
{ "type": "Feature", "properties": { "id": null, "Name": "ALD-2I-67/19", "description": null, "timestamp": null, "begin": null, "end": null, "altitudeMode": null, "tessellate": -1, "extrude": 0, "visibility": 0, "drawOrder": null, "icon": null, "Folder": "1N (#60)" }, "geometry": { "type": "Point", "coordinates": [ -106.505466880255696, 31.753419751472691, 0.0 ] } },
{ "type": "Feature", "properties": { "id": null, "Name": "ALD-1I-20/21/9-1-1", "description": "<b>AGREGADA 24 OCTUBRE 2025</b>", "timestamp": null, "begin": null, "end": null, "altitudeMode": null, "tessellate": -1, "extrude": 0, "visibility": 0, "drawOrder": null, "icon": null, "Folder": "2N (#62)" }, "geometry": { "type": "Point", "coordinates": [ -106.487719135373695, 31.742473490274339, 0.0 ] } },
{ "type": "Feature", "properties": { "id": null, "Name": "ALD-1I-20/21/9-2-2", "description": null, "timestamp": null, "begin": null, "end": null, "altitudeMode": null, "tessellate": -1, "extrude": 0, "visibility": 0, "drawOrder": null, "icon": null, "Folder": "2N (#62)" }, "geometry": { "type": "Point", "coordinates": [ -106.490615090546598, 31.74157312696018, 0.0 ] } },
{ "type": "Feature", "properties": { "id": null, "Name": "ALD-1I-20/21/9-3-1", "description": "<b>AGREGADA 23 ABRIL 2026</b>", "timestamp": null, "begin": null, "end": null, "altitudeMode": null, "tessellate": -1, "extrude": 0, "visibility": 0, "drawOrder": null, "icon": null, "Folder": "2N (#62)" }, "geometry": { "type": "Point", "coordinates": [ -106.490442785343902, 31.73971375809564, 0.0 ] } },
{ "type": "Feature", "properties": { "id": null, "Name": "ALD-1I-20/21/9-4-4", "description": null, "timestamp": null, "begin": null, "end": null, "altitudeMode": null, "tessellate": -1, "extrude": 0, "visibility": 0, "drawOrder": null, "icon": null, "Folder": "2N (#62)" }, "geometry": { "type": "Point", "coordinates": [ -106.490294, 31.740356, 0.0 ] } },
{ "type": "Feature", "properties": { "id": null, "Name": "ALD-1I-20/21/9-5-5", "description": null, "timestamp": null, "begin": null, "end": null, "altitudeMode": null, "tessellate": -1, "extrude": 0, "visibility": 0, "drawOrder": null, "icon": null, "Folder": "2N (#62)" }, "geometry": { "type": "Point", "coordinates": [ -106.489756800924496, 31.740852695926439, 0.0 ] } },
{ "type": "Feature", "properties": { "id": null, "Name": "ALD-1I-20/21/9-6-6", "description": null, "timestamp": null, "begin": null, "end": null, "altitudeMode": null, "tessellate": -1, "extrude": 0, "visibility": 0, "drawOrder": null, "icon": null, "Folder": "2N (#62)" }, "geometry": { "type": "Point", "coordinates": [ -106.488903956067404, 31.740672757335151, 0.0 ] } },
{ "type": "Feature", "properties": { "id": null, "Name": "ALD-1I-20/21/9-7-7", "description": null, "timestamp": null, "begin": null, "end": null, "altitudeMode": null, "tessellate": -1, "extrude": 0, "visibility": 0, "drawOrder": null, "icon": null, "Folder": "2N (#62)" }, "geometry": { "type": "Point", "coordinates": [ -106.489348848403793, 31.74226589053103, 0.0 ] } },
{ "type": "Feature", "properties": { "id": null, "Name": "ALD-1I-20/21/9-8-8", "description": null, "timestamp": null, "begin": null, "end": null, "altitudeMode": null, "tessellate": -1, "extrude": 0, "visibility": 0, "drawOrder": null, "icon": null, "Folder": "2N (#62)" }, "geometry": { "type": "Point", "coordinates": [ -106.489184, 31.742859, 0.0 ] } },
{ "type": "Feature", "properties": { "id": null, "Name": "ALD-S-2-10", "description": null, "timestamp": null, "begin": null, "end": null, "altitudeMode": null, "tessellate": 1, "extrude": 0, "visibility": 0, "drawOrder": null, "icon": null, "Folder": "DISTRIBUCION (#61)" }, "geometry": { "type": "LineString", "coordinates": [ [ -106.520124829357698, 31.747128555789661, 0.0 ], [ -106.516862479113797, 31.74611986376204, 0.0 ], [ -106.516632759677606, 31.746756155123219, 0.0 ], [ -106.513389342647798, 31.745807467758841, 0.0 ] ] } },
{ "type": "Feature", "properties": { "id": null, "Name": "ALD-S-2-10/1", "description": null, "timestamp": null, "begin": null, "end": null, "altitudeMode": null, "tessellate": 1, "extrude": 0, "visibility": 0, "drawOrder": null, "icon": null, "Folder": "DISTRIBUCION (#61)" }, "geometry": { "type": "LineString", "coordinates": [ [ -106.515976918595996, 31.74656629545704, 0.0 ], [ -106.515404002921301, 31.747898218733749, 0.0 ] ] } },
{ "type": "Feature", "properties": { "id": null, "Name": "ALD-1I-20/21/9", "description": null, "timestamp": null, "begin": null, "end": null, "altitudeMode": null, "tessellate": -1, "extrude": 0, "visibility": 0, "drawOrder": null, "icon": null, "Folder": "1N (#61)" }, "geometry": { "type": "Point", "coordinates": [ -106.489105469668203, 31.7428839689108, 0.0 ] } },
{ "type": "Feature", "properties": { "id": null, "Name": "ALD-3-37/39/13-1-1", "description": null, "timestamp": null, "begin": null, "end": null, "altitudeMode": null, "tessellate": -1, "extrude": 0, "visibility": 0, "drawOrder": null, "icon": null, "Folder": "2N (#63)" }, "geometry": { "type": "Point", "coordinates": [ -106.573076838070307, 31.772666598680509, 0.0 ] } },
{ "type": "Feature", "properties": { "id": null, "Name": "ALD-3-37/39/13-2-2", "description": null, "timestamp": null, "begin": null, "end": null, "altitudeMode": null, "tessellate": -1, "extrude": 0, "visibility": 0, "drawOrder": null, "icon": null, "Folder": "2N (#63)" }, "geometry": { "type": "Point", "coordinates": [ -106.574798, 31.771955, 0.0 ] } },
{ "type": "Feature", "properties": { "id": null, "Name": "ALD-3-37/39/13-3-3", "description": null, "timestamp": null, "begin": null, "end": null, "altitudeMode": null, "tessellate": -1, "extrude": 0, "visibility": 0, "drawOrder": null, "icon": null, "Folder": "2N (#63)" }, "geometry": { "type": "Point", "coordinates": [ -106.577064169412793, 31.772683213887181, 0.0 ] } },
{ "type": "Feature", "properties": { "id": null, "Name": "ALD-3-37/39/13-4-4", "description": null, "timestamp": null, "begin": null, "end": null, "altitudeMode": null, "tessellate": -1, "extrude": 0, "visibility": 0, "drawOrder": null, "icon": null, "Folder": "2N (#63)" }, "geometry": { "type": "Point", "coordinates": [ -106.576399997739998, 31.771358428635011, 0.0 ] } },
{ "type": "Feature", "properties": { "id": null, "Name": "ALD-3-37/39/13-5-5", "description": "<b>REFORZADA 15 AGOSTO 2025</b>", "timestamp": null, "begin": null, "end": null, "altitudeMode": null, "tessellate": -1, "extrude": 0, "visibility": 0, "drawOrder": null, "icon": null, "Folder": "2N (#63)" }, "geometry": { "type": "Point", "coordinates": [ -106.574652661130301, 31.772419208365388, 0.0 ] } },
{ "type": "Feature", "properties": { "id": null, "Name": "ALD-3-37/39/13-6-6", "description": "<b>REFORZADA 27 AGOSTO 2025</b>", "timestamp": null, "begin": null, "end": null, "altitudeMode": null, "tessellate": -1, "extrude": 0, "visibility": 0, "drawOrder": null, "icon": null, "Folder": "2N (#63)" }, "geometry": { "type": "Point", "coordinates": [ -106.576424704748106, 31.773376169783969, 0.0 ] } },
{ "type": "Feature", "properties": { "id": null, "Name": "ALD-3-37/39/13-7-7", "description": "<b>REFORZADA 20 FEBRERO 2025</b>", "timestamp": null, "begin": null, "end": null, "altitudeMode": null, "tessellate": -1, "extrude": 0, "visibility": 0, "drawOrder": null, "icon": null, "Folder": "2N (#63)" }, "geometry": { "type": "Point", "coordinates": [ -106.573788083541004, 31.7743900753002, 0.0 ] } },
{ "type": "Feature", "properties": { "id": null, "Name": "ALD-3-37/39/13-8-8", "description": "<b>REFORZADA 28 FEBRERO 2026</b>", "timestamp": null, "begin": null, "end": null, "altitudeMode": null, "tessellate": -1, "extrude": 0, "visibility": 0, "drawOrder": null, "icon": null, "Folder": "2N (#63)" }, "geometry": { "type": "Point", "coordinates": [ -106.573786039390995, 31.775604745789401, 0.0 ] } },
{ "type": "Feature", "properties": { "id": null, "Name": "ALD-S-7-6", "description": null, "timestamp": null, "begin": null, "end": null, "altitudeMode": null, "tessellate": 1, "extrude": 0, "visibility": 0, "drawOrder": null, "icon": null, "Folder": "DISTRIBUCION (#62)" }, "geometry": { "type": "LineString", "coordinates": [ [ -106.505235852630094, 31.753388497716639, 0.0 ], [ -106.505460024784298, 31.753465040302409, 0.0 ], [ -106.505336517229694, 31.753770508399441, 0.0 ], [ -106.506229093405295, 31.751599334657961, 0.0 ] ] } },
{ "type": "Feature", "properties": { "id": null, "Name": "ALD-S-7-5", "description": null, "timestamp": null, "begin": null, "end": null, "altitudeMode": null, "tessellate": 1, "extrude": 0, "visibility": 0, "drawOrder": null, "icon": null, "Folder": "DISTRIBUCION (#62)" }, "geometry": { "type": "LineString", "coordinates": [ [ -106.505250739722896, 31.753390860969851, 0.0 ], [ -106.505472745718905, 31.753469989151359, 0.0 ], [ -106.504465877880193, 31.755950598246532, 0.0 ], [ -106.503528487675297, 31.755634417975958, 0.0 ], [ -106.503256497607893, 31.756295841787072, 0.0 ], [ -106.5019684679378, 31.755873716734222, 0.0 ] ] } },
{ "type": "Feature", "properties": { "id": null, "Name": "ALD-3-37/39/13", "description": "se hizo cambio de hilo una distancia de 2486mt por el hilo 39, en ese punto se siguió con el 37", "timestamp": null, "begin": null, "end": null, "altitudeMode": null, "tessellate": -1, "extrude": 0, "visibility": 0, "drawOrder": null, "icon": null, "Folder": "1N (#62)" }, "geometry": { "type": "Point", "coordinates": [ -106.576010884775002, 31.771078001842259, 0.0 ] } },
{ "type": "Feature", "properties": { "id": null, "Name": "ALD-2I-17/16-1-1", "description": null, "timestamp": null, "begin": null, "end": null, "altitudeMode": null, "tessellate": -1, "extrude": 0, "visibility": 0, "drawOrder": null, "icon": null, "Folder": "2N (#64)" }, "geometry": { "type": "Point", "coordinates": [ -106.497512218755702, 31.747052009707279, 0.0 ] } },
{ "type": "Feature", "properties": { "id": null, "Name": "ALD-S-1-6", "description": null, "timestamp": null, "begin": null, "end": null, "altitudeMode": null, "tessellate": 1, "extrude": 0, "visibility": 0, "drawOrder": null, "icon": null, "Folder": "DISTRIBUCION (#63)" }, "geometry": { "type": "LineString", "coordinates": [ [ -106.491528118422494, 31.741909792089729, 0.0 ], [ -106.490645343898706, 31.741581379355981, 0.0 ], [ -106.491082221517701, 31.740617973493361, 0.0 ], [ -106.490056556211997, 31.740279475075258, 0.0 ], [ -106.489793903307103, 31.74092791859097, 0.0 ], [ -106.488914530409801, 31.740655829023272, 0.0 ], [ -106.488427608398297, 31.74180732937802, 0.0 ], [ -106.489455876868007, 31.742094467215811, 0.0 ], [ -106.489127630306399, 31.742882798570591, 0.0 ] ] } },
{ "type": "Feature", "properties": { "id": null, "Name": "ALD-S-1-6/1", "description": null, "timestamp": null, "begin": null, "end": null, "altitudeMode": null, "tessellate": 1, "extrude": 0, "visibility": 0, "drawOrder": null, "icon": null, "Folder": "DISTRIBUCION (#63)" }, "geometry": { "type": "LineString", "coordinates": [ [ -106.489115964232994, 31.742864527650639, 0.0 ], [ -106.487729144732995, 31.74246462023628, 0.0 ] ] } },
{ "type": "Feature", "properties": { "id": null, "Name": "ALD-S-1-6/2", "description": null, "timestamp": null, "begin": null, "end": null, "altitudeMode": null, "tessellate": 1, "extrude": 0, "visibility": 0, "drawOrder": null, "icon": null, "Folder": "DISTRIBUCION (#63)" }, "geometry": { "type": "LineString", "coordinates": [ [ -106.490253832728399, 31.740363175485282, 0.0 ], [ -106.490192724673307, 31.740325040548498, 0.0 ], [ -106.490426059014496, 31.739704268144099, 0.0 ] ] } },
{ "type": "Feature", "properties": { "id": null, "Name": "ALD-2I-17/16", "description": null, "timestamp": null, "begin": null, "end": null, "altitudeMode": null, "tessellate": -1, "extrude": 0, "visibility": 0, "drawOrder": null, "icon": null, "Folder": "1N (#63)" }, "geometry": { "type": "Point", "coordinates": [ -106.497907351985106, 31.746193065508809, 0.0 ] } },
{ "type": "Feature", "properties": { "id": null, "Name": "ALD-1D-68/8-1-1", "description": null, "timestamp": null, "begin": null, "end": null, "altitudeMode": null, "tessellate": -1, "extrude": 0, "visibility": 0, "drawOrder": null, "icon": null, "Folder": "2N (#65)" }, "geometry": { "type": "Point", "coordinates": [ -106.485774227955204, 31.726313854146621, 0.0 ] } },
{ "type": "Feature", "properties": { "id": null, "Name": "ALD-3-S-12-11", "description": "109 MTS", "timestamp": null, "begin": null, "end": null, "altitudeMode": null, "tessellate": 1, "extrude": 0, "visibility": 0, "drawOrder": null, "icon": null, "Folder": "DISTRIBUCION (#64)" }, "geometry": { "type": "LineString", "coordinates": [ [ -106.572932335294198, 31.772581094308929, 0.0 ], [ -106.573892159646107, 31.773164672999759, 0.0 ] ] } },
{ "type": "Feature", "properties": { "id": null, "Name": "ALD-3-S-12-11/1", "description": "532  MTS", "timestamp": null, "begin": null, "end": null, "altitudeMode": null, "tessellate": 1, "extrude": 0, "visibility": 0, "drawOrder": null, "icon": null, "Folder": "DISTRIBUCION (#64)" }, "geometry": { "type": "LineString", "coordinates": [ [ -106.572651597069694, 31.7748353822989, 0.0 ], [ -106.573224566679201, 31.774055418687698, 0.0 ], [ -106.574212632100796, 31.772724245230179, 0.0 ], [ -106.574514968585305, 31.772305954836529, 0.0 ], [ -106.574788190421998, 31.771953535013221, 0.0 ], [ -106.575152803567306, 31.771522453952588, 0.0 ], [ -106.576007342371796, 31.771077213266679, 0.0 ] ] } },
{ "type": "Feature", "properties": { "id": null, "Name": "ALD-3-S-12-11/2", "description": "228   MTS", "timestamp": null, "begin": null, "end": null, "altitudeMode": null, "tessellate": 1, "extrude": 0, "visibility": 0, "drawOrder": null, "icon": null, "Folder": "DISTRIBUCION (#64)" }, "geometry": { "type": "LineString", "coordinates": [ [ -106.574508771772599, 31.77231389940307, 0.0 ], [ -106.574713760494404, 31.772439300728731, 0.0 ], [ -106.575164622001196, 31.772707621169101, 0.0 ], [ -106.575481764420601, 31.7728763032116, 0.0 ], [ -106.575946650622498, 31.773140338040751, 0.0 ], [ -106.576377585960202, 31.773373046751651, 0.0 ], [ -106.576532698060106, 31.77340136668683, 0.0 ] ] } },
{ "type": "Feature", "properties": { "id": null, "Name": "ALD-3-S-12-11/3", "description": "225  MTS", "timestamp": null, "begin": null, "end": null, "altitudeMode": null, "tessellate": 1, "extrude": 0, "visibility": 0, "drawOrder": null, "icon": null, "Folder": "DISTRIBUCION (#64)" }, "geometry": { "type": "LineString", "coordinates": [ [ -106.575170389658894, 31.77151638431225, 0.0 ], [ -106.575220813529995, 31.77157399135962, 0.0 ], [ -106.575563034105798, 31.77177065925413, 0.0 ], [ -106.575915604710204, 31.77197518865124, 0.0 ], [ -106.576398766662294, 31.772248057987241, 0.0 ], [ -106.5769911411507, 31.77260115389744, 0.0 ], [ -106.577115876, 31.77267044476735, 0.0 ] ] } },
{ "type": "Feature", "properties": { "id": null, "Name": "ALD-1D-68/8", "description": null, "timestamp": null, "begin": null, "end": null, "altitudeMode": null, "tessellate": -1, "extrude": 0, "visibility": 0, "drawOrder": null, "icon": null, "Folder": "1N (#64)" }, "geometry": { "type": "Point", "coordinates": [ -106.486160104586205, 31.72642336315625, 0.0 ] } },
{ "type": "Feature", "properties": { "id": null, "Name": "ALD-1D-67/2-1-1", "description": null, "timestamp": null, "begin": null, "end": null, "altitudeMode": null, "tessellate": -1, "extrude": 0, "visibility": 0, "drawOrder": null, "icon": null, "Folder": "2N (#66)" }, "geometry": { "type": "Point", "coordinates": [ -106.486954522961398, 31.736622888532011, 0.0 ] } },
{ "type": "Feature", "properties": { "id": null, "Name": "ALD-S-4-REGRESO-2", "description": null, "timestamp": null, "begin": null, "end": null, "altitudeMode": null, "tessellate": 1, "extrude": 0, "visibility": 0, "drawOrder": null, "icon": null, "Folder": "DITRIBUCION" }, "geometry": { "type": "LineString", "coordinates": [ [ -106.488869331316593, 31.735768413263969, 0.0 ], [ -106.487563064598106, 31.73539273393942, 0.0 ], [ -106.487027572740701, 31.736643582157981, 0.0 ] ] } },
{ "type": "Feature", "properties": { "id": null, "Name": "ALD-1D-67/2", "description": null, "timestamp": null, "begin": null, "end": null, "altitudeMode": null, "tessellate": -1, "extrude": 0, "visibility": 0, "drawOrder": null, "icon": null, "Folder": "1N (#65)" }, "geometry": { "type": "Point", "coordinates": [ -106.488929451002605, 31.735826497114601, 0.0 ] } },
{ "type": "Feature", "properties": { "id": null, "Name": "ALD-3-79/7-1-1", "description": null, "timestamp": null, "begin": null, "end": null, "altitudeMode": null, "tessellate": -1, "extrude": 0, "visibility": 0, "drawOrder": null, "icon": null, "Folder": "2N (#67)" }, "geometry": { "type": "Point", "coordinates": [ -106.516287166966606, 31.746643178476148, 0.0 ] } },
{ "type": "Feature", "properties": { "id": null, "Name": "ALD-S-5-16", "description": null, "timestamp": null, "begin": null, "end": null, "altitudeMode": null, "tessellate": 1, "extrude": 0, "visibility": 0, "drawOrder": null, "icon": null, "Folder": "DISTRIBUCION (#65)" }, "geometry": { "type": "LineString", "coordinates": [ [ -106.497850627183695, 31.746162285991272, 0.0 ], [ -106.497509919255293, 31.74703492732878, 0.0 ] ] } },
{ "type": "Feature", "properties": { "id": null, "Name": "ALD-3-79/7", "description": null, "timestamp": null, "begin": null, "end": null, "altitudeMode": null, "tessellate": -1, "extrude": 0, "visibility": 0, "drawOrder": null, "icon": null, "Folder": "1N (#66)" }, "geometry": { "type": "Point", "coordinates": [ -106.517222474243795, 31.7471219596958, 0.0 ] } },
{ "type": "Feature", "properties": { "id": null, "Name": "ALD-2I-14/16/1-1-1", "description": "<b>AGREGADA 29 ABRIL 2026</b>", "timestamp": null, "begin": null, "end": null, "altitudeMode": null, "tessellate": -1, "extrude": 0, "visibility": 0, "drawOrder": null, "icon": null, "Folder": "2N (#68)" }, "geometry": { "type": "Point", "coordinates": [ -106.506943857856299, 31.74804528332292, 0.0 ] } },
{ "type": "Feature", "properties": { "id": null, "Name": "ALD-S-4-8", "description": null, "timestamp": null, "begin": null, "end": null, "altitudeMode": null, "tessellate": 1, "extrude": 0, "visibility": 0, "drawOrder": null, "icon": null, "Folder": "DISTRIBUCION (#66)" }, "geometry": { "type": "LineString", "coordinates": [ [ -106.486151067169203, 31.726422143887341, 0.0 ], [ -106.485777182792702, 31.72631637226921, 0.0 ] ] } },
{ "type": "Feature", "properties": { "id": null, "Name": "ALD-2I-14/16/1", "description": null, "timestamp": null, "begin": null, "end": null, "altitudeMode": null, "tessellate": -1, "extrude": 0, "visibility": 0, "drawOrder": null, "icon": null, "Folder": "1N (#67)" }, "geometry": { "type": "Point", "coordinates": [ -106.506307115262302, 31.747957894318439, 0.0 ] } },
{ "type": "Feature", "properties": { "id": null, "Name": "ALD-1I-22/22-1-1", "description": "<b>AGREGADA 19 ABRIL 2026</b>", "timestamp": null, "begin": null, "end": null, "altitudeMode": null, "tessellate": -1, "extrude": 0, "visibility": 0, "drawOrder": null, "icon": null, "Folder": "2N (#69)" }, "geometry": { "type": "Point", "coordinates": [ -106.4935862278884, 31.7393420014747, 0.0 ] } },
{ "type": "Feature", "properties": { "id": null, "Name": "ALD-1I-22/22-2-2", "description": null, "timestamp": null, "begin": null, "end": null, "altitudeMode": null, "tessellate": -1, "extrude": 0, "visibility": 0, "drawOrder": null, "icon": null, "Folder": "2N (#69)" }, "geometry": { "type": "Point", "coordinates": [ -106.492547, 31.736779, 0.0 ] } },
{ "type": "Feature", "properties": { "id": null, "Name": "ALD-1I-22/22-3-3", "description": "<b>REFORZADA 22 AGOSTO 2025</b>", "timestamp": null, "begin": null, "end": null, "altitudeMode": null, "tessellate": -1, "extrude": 0, "visibility": 0, "drawOrder": null, "icon": null, "Folder": "2N (#69)" }, "geometry": { "type": "Point", "coordinates": [ -106.482396, 31.736453, 0.0 ] } },
{ "type": "Feature", "properties": { "id": null, "Name": "ALD-1I-22/22-4-4", "description": null, "timestamp": null, "begin": null, "end": null, "altitudeMode": null, "tessellate": -1, "extrude": 0, "visibility": 0, "drawOrder": null, "icon": null, "Folder": "2N (#69)" }, "geometry": { "type": "Point", "coordinates": [ -106.484603372183798, 31.735775338788201, 0.0 ] } },
{ "type": "Feature", "properties": { "id": null, "Name": "ALD-1I-22/22-5-5", "description": null, "timestamp": null, "begin": null, "end": null, "altitudeMode": null, "tessellate": -1, "extrude": 0, "visibility": 0, "drawOrder": null, "icon": null, "Folder": "2N (#69)" }, "geometry": { "type": "Point", "coordinates": [ -106.488492476070803, 31.73557508196291, 0.0 ] } },
{ "type": "Feature", "properties": { "id": null, "Name": "ALD-1I-22/22-5-5", "description": null, "timestamp": null, "begin": null, "end": null, "altitudeMode": null, "tessellate": -1, "extrude": 0, "visibility": 0, "drawOrder": null, "icon": null, "Folder": "2N (#69)" }, "geometry": { "type": "Point", "coordinates": [ -106.487544, 31.735309, 0.0 ] } },
{ "type": "Feature", "properties": { "id": null, "Name": "ALD-1I-22/22-6-6", "description": null, "timestamp": null, "begin": null, "end": null, "altitudeMode": null, "tessellate": -1, "extrude": 0, "visibility": 0, "drawOrder": null, "icon": null, "Folder": "2N (#69)" }, "geometry": { "type": "Point", "coordinates": [ -106.487032, 31.736632879050941, 0.0 ] } },
{ "type": "Feature", "properties": { "id": null, "Name": "ALD-1I-22/22-7-7", "description": "<b>AGREGADA 05 MARZO 2026</b>", "timestamp": null, "begin": null, "end": null, "altitudeMode": null, "tessellate": -1, "extrude": 0, "visibility": 0, "drawOrder": null, "icon": null, "Folder": "2N (#69)" }, "geometry": { "type": "Point", "coordinates": [ -106.485008846268997, 31.733546241602259, 0.0 ] } },
{ "type": "Feature", "properties": { "id": null, "Name": "ALD-1I-22/22-8-8", "description": null, "timestamp": null, "begin": null, "end": null, "altitudeMode": null, "tessellate": -1, "extrude": 0, "visibility": 0, "drawOrder": null, "icon": null, "Folder": "2N (#69)" }, "geometry": { "type": "Point", "coordinates": [ -106.485745, 31.738248, 0.0 ] } },
{ "type": "Feature", "properties": { "id": null, "Name": "ALD-S-14-7", "description": null, "timestamp": null, "begin": null, "end": null, "altitudeMode": null, "tessellate": 1, "extrude": 0, "visibility": 0, "drawOrder": null, "icon": null, "Folder": "DISTRIBUCION (#67)" }, "geometry": { "type": "LineString", "coordinates": [ [ -106.517237687308594, 31.747093989484419, 0.0 ], [ -106.517271675608995, 31.747027007065238, 0.0 ], [ -106.516326212152407, 31.746630804107141, 0.0 ] ] } },
{ "type": "Feature", "properties": { "id": null, "Name": "ALD-1I-22/22", "description": null, "timestamp": null, "begin": null, "end": null, "altitudeMode": null, "tessellate": -1, "extrude": 0, "visibility": 0, "drawOrder": null, "icon": null, "Folder": "1N (#68)" }, "geometry": { "type": "Point", "coordinates": [ -106.493027285831005, 31.738400058780819, 0.0 ] } },
{ "type": "Feature", "properties": { "id": null, "Name": "ALD-1I-23/23-1-1", "description": "<b>REFORZADA 18 DICIEMBRE 2025</b>", "timestamp": null, "begin": null, "end": null, "altitudeMode": null, "tessellate": -1, "extrude": 0, "visibility": 0, "drawOrder": null, "icon": null, "Folder": "2N (#70)" }, "geometry": { "type": "Point", "coordinates": [ -106.493849044352601, 31.733755507024679, 0.0 ] } },
{ "type": "Feature", "properties": { "id": null, "Name": "ALD-1I-23/23-2-2", "description": null, "timestamp": null, "begin": null, "end": null, "altitudeMode": null, "tessellate": -1, "extrude": 0, "visibility": 0, "drawOrder": null, "icon": null, "Folder": "2N (#70)" }, "geometry": { "type": "Point", "coordinates": [ -106.492714, 31.732687, 0.0 ] } },
{ "type": "Feature", "properties": { "id": null, "Name": "ALD-1I-23/23-3-3", "description": null, "timestamp": null, "begin": null, "end": null, "altitudeMode": null, "tessellate": -1, "extrude": 0, "visibility": 0, "drawOrder": null, "icon": null, "Folder": "2N (#70)" }, "geometry": { "type": "Point", "coordinates": [ -106.493071792473799, 31.73181593691065, 0.0 ] } },
{ "type": "Feature", "properties": { "id": null, "Name": "ALD-1I-23/23-4-4", "description": null, "timestamp": null, "begin": null, "end": null, "altitudeMode": null, "tessellate": -1, "extrude": 0, "visibility": 0, "drawOrder": null, "icon": null, "Folder": "2N (#70)" }, "geometry": { "type": "Point", "coordinates": [ -106.493498209833504, 31.73081503352104, 0.0 ] } },
{ "type": "Feature", "properties": { "id": null, "Name": "ALD-1I-23/23-5-5", "description": null, "timestamp": null, "begin": null, "end": null, "altitudeMode": null, "tessellate": -1, "extrude": 0, "visibility": 0, "drawOrder": null, "icon": null, "Folder": "2N (#70)" }, "geometry": { "type": "Point", "coordinates": [ -106.493902369462205, 31.729837993846171, 0.0 ] } },
{ "type": "Feature", "properties": { "id": null, "Name": "ALD-1I-23/23-6-6", "description": null, "timestamp": null, "begin": null, "end": null, "altitudeMode": null, "tessellate": -1, "extrude": 0, "visibility": 0, "drawOrder": null, "icon": null, "Folder": "2N (#70)" }, "geometry": { "type": "Point", "coordinates": [ -106.492703, 31.729174, 0.0 ] } },
{ "type": "Feature", "properties": { "id": null, "Name": "ALD-1I-23/23-1-7", "description": null, "timestamp": null, "begin": null, "end": null, "altitudeMode": null, "tessellate": -1, "extrude": 0, "visibility": 0, "drawOrder": null, "icon": null, "Folder": "2N (#70)" }, "geometry": { "type": "Point", "coordinates": [ -106.492164804947706, 31.730401981319691, 0.0 ] } },
{ "type": "Feature", "properties": { "id": null, "Name": "ALD-1I-23/23-8-2", "description": null, "timestamp": null, "begin": null, "end": null, "altitudeMode": null, "tessellate": -1, "extrude": 0, "visibility": 0, "drawOrder": null, "icon": null, "Folder": "2N (#70)" }, "geometry": { "type": "Point", "coordinates": [ -106.490380036723394, 31.729876074123879, 0.0 ] } },
{ "type": "Feature", "properties": { "id": null, "Name": "S-7-EXTENSION-1", "description": null, "timestamp": null, "begin": null, "end": null, "altitudeMode": null, "tessellate": 1, "extrude": 0, "visibility": 0, "drawOrder": null, "icon": null, "Folder": "DISTRIBUCION (#68)" }, "geometry": { "type": "LineString", "coordinates": [ [ -106.506319896524204, 31.747935214772809, 0.0 ], [ -106.506589137888, 31.74798953718058, 0.0 ], [ -106.506939189620297, 31.748025456094901, 0.0 ] ] } },
{ "type": "Feature", "properties": { "id": null, "Name": "ALD-1I-61/13-1-1", "description": null, "timestamp": null, "begin": null, "end": null, "altitudeMode": null, "tessellate": -1, "extrude": 0, "visibility": 0, "drawOrder": null, "icon": null, "Folder": "2N (#71)" }, "geometry": { "type": "Point", "coordinates": [ -106.499592774301604, 31.731893229788319, 0.0 ] } },
{ "type": "Feature", "properties": { "id": null, "Name": "ALD-1I-61/13-2-2", "description": null, "timestamp": null, "begin": null, "end": null, "altitudeMode": null, "tessellate": -1, "extrude": 0, "visibility": 0, "drawOrder": null, "icon": null, "Folder": "2N (#71)" }, "geometry": { "type": "Point", "coordinates": [ -106.499860753482693, 31.731312534851121, 0.0 ] } },
{ "type": "Feature", "properties": { "id": null, "Name": "ALD-1I-61/13-3-3", "description": null, "timestamp": null, "begin": null, "end": null, "altitudeMode": null, "tessellate": -1, "extrude": 0, "visibility": 0, "drawOrder": null, "icon": null, "Folder": "2N (#71)" }, "geometry": { "type": "Point", "coordinates": [ -106.500131937216395, 31.730676203116499, 0.0 ] } },
{ "type": "Feature", "properties": { "id": null, "Name": "ALD-1I-61/13-4-4", "description": null, "timestamp": null, "begin": null, "end": null, "altitudeMode": null, "tessellate": -1, "extrude": 0, "visibility": 0, "drawOrder": null, "icon": null, "Folder": "2N (#71)" }, "geometry": { "type": "Point", "coordinates": [ -106.500235801915196, 31.72891314923233, 0.0 ] } },
{ "type": "Feature", "properties": { "id": null, "Name": "ALD-1I-61/13-5-5", "description": "ALARMA EN ALD 0-16-5\nTP991198\n29 MARZO 2025", "timestamp": null, "begin": null, "end": null, "altitudeMode": null, "tessellate": -1, "extrude": 0, "visibility": 0, "drawOrder": null, "icon": null, "Folder": "2N (#71)" }, "geometry": { "type": "Point", "coordinates": [ -106.501831133280405, 31.728963399378991, 0.0 ] } },
{ "type": "Feature", "properties": { "id": null, "Name": "ALD-1I-61/13-6-6", "description": null, "timestamp": null, "begin": null, "end": null, "altitudeMode": null, "tessellate": -1, "extrude": 0, "visibility": 0, "drawOrder": null, "icon": null, "Folder": "2N (#71)" }, "geometry": { "type": "Point", "coordinates": [ -106.501412560536295, 31.729978709034771, 0.0 ] } },
{ "type": "Feature", "properties": { "id": null, "Name": "ALD-1I-61/13-7-1", "description": null, "timestamp": null, "begin": null, "end": null, "altitudeMode": null, "tessellate": -1, "extrude": 0, "visibility": 0, "drawOrder": null, "icon": null, "Folder": "2N (#71)" }, "geometry": { "type": "Point", "coordinates": [ -106.498823145500893, 31.73264550234731, 0.0 ] } },
{ "type": "Feature", "properties": { "id": null, "Name": "ALD-1I-61/13-8-2", "description": null, "timestamp": null, "begin": null, "end": null, "altitudeMode": null, "tessellate": -1, "extrude": 0, "visibility": 0, "drawOrder": null, "icon": null, "Folder": "2N (#71)" }, "geometry": { "type": "Point", "coordinates": [ -106.498098104018794, 31.733200849712642, 0.0 ] } },
{ "type": "Feature", "properties": { "id": null, "Name": "ALD-S-1-20", "description": null, "timestamp": null, "begin": null, "end": null, "altitudeMode": null, "tessellate": 1, "extrude": 0, "visibility": 0, "drawOrder": null, "icon": null, "Folder": "DISTRIBUCION (#69)" }, "geometry": { "type": "LineString", "coordinates": [ [ -106.492967969271305, 31.738402953874989, 0.0 ], [ -106.493201703425598, 31.737738597897419, 0.0 ], [ -106.493480955284198, 31.737131303696479, 0.0 ], [ -106.487559442255602, 31.73540471000215, 0.0 ], [ -106.487028843770304, 31.736658774880809, 0.0 ], [ -106.486827795068294, 31.736595639074899, 0.0 ], [ -106.486416982954907, 31.737266808622781, 0.0 ], [ -106.486446929473402, 31.73734898513716, 0.0 ], [ -106.4861108754546, 31.737210234782172, 0.0 ], [ -106.485700396054895, 31.738224076672399, 0.0 ] ] } },
{ "type": "Feature", "properties": { "id": null, "Name": "ALD-S-1-20-1", "description": null, "timestamp": null, "begin": null, "end": null, "altitudeMode": null, "tessellate": 1, "extrude": 0, "visibility": 0, "drawOrder": null, "icon": null, "Folder": "DISTRIBUCION (#69)" }, "geometry": { "type": "LineString", "coordinates": [ [ -106.485682658171498, 31.738225327647768, 0.0 ], [ -106.485086999951406, 31.737969481910969, 0.0 ], [ -106.484569196079704, 31.73778458703865, 0.0 ], [ -106.484338513978699, 31.73760540217679, 0.0 ], [ -106.483471355655396, 31.736951448613361, 0.0 ], [ -106.483192026960197, 31.736763198319789, 0.0 ], [ -106.4827933614024, 31.73658070381828, 0.0 ], [ -106.482401766526493, 31.73642540270723, 0.0 ] ] } },
{ "type": "Feature", "properties": { "id": null, "Name": "ALD-S-1-20-2", "description": null, "timestamp": null, "begin": null, "end": null, "altitudeMode": null, "tessellate": 1, "extrude": 0, "visibility": 0, "drawOrder": null, "icon": null, "Folder": "DISTRIBUCION (#69)" }, "geometry": { "type": "LineString", "coordinates": [ [ -106.484593818893003, 31.735757872729209, 0.0 ], [ -106.484917034182899, 31.735886775421211, 0.0 ], [ -106.4853171853117, 31.736101949432761, 0.0 ], [ -106.485762114558995, 31.736279775237129, 0.0 ], [ -106.486486435496104, 31.7365224661479, 0.0 ], [ -106.486986404070095, 31.73661923877286, 0.0 ] ] } },
{ "type": "Feature", "properties": { "id": null, "Name": "ALD-S-1-20-3", "description": null, "timestamp": null, "begin": null, "end": null, "altitudeMode": null, "tessellate": 1, "extrude": 0, "visibility": 0, "drawOrder": null, "icon": null, "Folder": "DISTRIBUCION (#69)" }, "geometry": { "type": "LineString", "coordinates": [ [ -106.484618815431006, 31.735783849754149, 0.0 ], [ -106.484986693127098, 31.733575360654061, 0.0 ] ] } },
{ "type": "Feature", "properties": { "id": null, "Name": "ALD-S-1-20-4", "description": null, "timestamp": null, "begin": null, "end": null, "altitudeMode": null, "tessellate": 1, "extrude": 0, "visibility": 0, "drawOrder": null, "icon": null, "Folder": "DISTRIBUCION (#69)" }, "geometry": { "type": "LineString", "coordinates": [ [ -106.492961911681604, 31.73837797744342, 0.0 ], [ -106.492689767946899, 31.739062759884529, 0.0 ], [ -106.493590619909796, 31.73932967253867, 0.0 ] ] } },
{ "type": "Feature", "properties": { "id": null, "Name": "ALD-1I-23/23", "description": null, "timestamp": null, "begin": null, "end": null, "altitudeMode": null, "tessellate": -1, "extrude": 0, "visibility": 0, "drawOrder": null, "icon": null, "Folder": "1N (#69)" }, "geometry": { "type": "Point", "coordinates": [ -106.494732683317693, 31.73396947577832, 0.0 ] } },
{ "type": "Feature", "properties": { "id": null, "Name": "ALD-1I-62/14-2-2", "description": null, "timestamp": null, "begin": null, "end": null, "altitudeMode": null, "tessellate": -1, "extrude": 0, "visibility": 0, "drawOrder": null, "icon": null, "Folder": "2N (#72)" }, "geometry": { "type": "Point", "coordinates": [ -106.499108511515601, 31.728232275471001, 0.0 ] } },
{ "type": "Feature", "properties": { "id": null, "Name": "ALD-1I-62/14-5-5", "description": null, "timestamp": null, "begin": null, "end": null, "altitudeMode": null, "tessellate": -1, "extrude": 0, "visibility": 0, "drawOrder": null, "icon": null, "Folder": "2N (#72)" }, "geometry": { "type": "Point", "coordinates": [ -106.501987617686495, 31.727683457446819, 0.0 ] } },
{ "type": "Feature", "properties": { "id": null, "Name": "ALD-1I-62/14-6-6", "description": null, "timestamp": null, "begin": null, "end": null, "altitudeMode": null, "tessellate": -1, "extrude": 0, "visibility": 0, "drawOrder": null, "icon": null, "Folder": "2N (#72)" }, "geometry": { "type": "Point", "coordinates": [ -106.502353930649207, 31.727073062862999, 0.0 ] } },
{ "type": "Feature", "properties": { "id": null, "Name": "ALD-1I-62/14-7-7", "description": null, "timestamp": null, "begin": null, "end": null, "altitudeMode": null, "tessellate": -1, "extrude": 0, "visibility": 0, "drawOrder": null, "icon": null, "Folder": "2N (#72)" }, "geometry": { "type": "Point", "coordinates": [ -106.501686685364604, 31.725723243689181, 0.0 ] } },
{ "type": "Feature", "properties": { "id": null, "Name": "ALD-1I-62/14-8-8", "description": null, "timestamp": null, "begin": null, "end": null, "altitudeMode": null, "tessellate": -1, "extrude": 0, "visibility": 0, "drawOrder": null, "icon": null, "Folder": "2N (#72)" }, "geometry": { "type": "Point", "coordinates": [ -106.502896753729203, 31.725029913734829, 0.0 ] } },
{ "type": "Feature", "properties": { "id": null, "Name": "Ruta sin título - 1,247 m", "description": null, "timestamp": null, "begin": null, "end": null, "altitudeMode": null, "tessellate": 1, "extrude": 0, "visibility": 0, "drawOrder": null, "icon": null, "Folder": "CAMARA DE MUNICIPIO" }, "geometry": { "type": "LineString", "coordinates": [ [ -106.536518769806193, 31.73686714484851, 0.0 ], [ -106.537697417836, 31.73727269136047, 0.0 ], [ -106.537660346876905, 31.737378381316351, 0.0 ], [ -106.538464841239801, 31.737756680102638, 0.0 ], [ -106.539334584531204, 31.738000391203499, 0.0 ], [ -106.541354836984198, 31.738461395798939, 0.0 ], [ -106.542995571826694, 31.73884524031752, 0.0 ], [ -106.543595152522101, 31.738904576557221, 0.0 ], [ -106.543579890173405, 31.738635711825989, 0.0 ], [ -106.544216058677904, 31.738609752108299, 0.0 ], [ -106.545097664942304, 31.73831577482213, 0.0 ], [ -106.548099660798201, 31.737002892413571, 0.0 ], [ -106.548539298812202, 31.73674399570589, 0.0 ], [ -106.548758317110497, 31.736593048824741, 0.0 ] ] } },
{ "type": "Feature", "properties": { "id": null, "Name": "ALD-4-8/8-1-1", "description": null, "timestamp": null, "begin": null, "end": null, "altitudeMode": null, "tessellate": -1, "extrude": 0, "visibility": 0, "drawOrder": null, "icon": null, "Folder": "CAMARA DE MUNICIPIO" }, "geometry": { "type": "Point", "coordinates": [ -106.548706960709097, 31.736531359658109, 0.0 ] } },
{ "type": "Feature", "properties": { "id": null, "Name": "ALD-4-8/8-2-2", "description": "REFORZADA 28 AGOSTO 2024\n\nAGREGO 06 MAYO 2024", "timestamp": null, "begin": null, "end": null, "altitudeMode": null, "tessellate": -1, "extrude": 0, "visibility": 0, "drawOrder": null, "icon": null, "Folder": "2N (#73)" }, "geometry": { "type": "Point", "coordinates": [ -106.534036399531701, 31.736306910326679, 0.0 ] } },
{ "type": "Feature", "properties": { "id": null, "Name": "ALD-4-8/8-3-3", "description": "<b>AGREGADA 16 ENERO 2025</b>", "timestamp": null, "begin": null, "end": null, "altitudeMode": null, "tessellate": -1, "extrude": 0, "visibility": 0, "drawOrder": null, "icon": null, "Folder": "2N (#73)" }, "geometry": { "type": "Point", "coordinates": [ -106.534091556178197, 31.736181304222761, 0.0 ] } },
{ "type": "Feature", "properties": { "id": null, "Name": "ALD-4-8/8-4-4", "description": "<b>AGREGADA 03 SEPTIEMBRE 2025</b>", "timestamp": null, "begin": null, "end": null, "altitudeMode": null, "tessellate": -1, "extrude": 0, "visibility": 0, "drawOrder": null, "icon": null, "Folder": "2N (#73)" }, "geometry": { "type": "Point", "coordinates": [ -106.536034304907005, 31.734213187626999, 0.0 ] } },
{ "type": "Feature", "properties": { "id": null, "Name": "ALD-S-1-23", "description": "809 mts", "timestamp": null, "begin": null, "end": null, "altitudeMode": null, "tessellate": 1, "extrude": 0, "visibility": 0, "drawOrder": null, "icon": null, "Folder": "DISTRIBUCION (#70)" }, "geometry": { "type": "LineString", "coordinates": [ [ -106.492704873142301, 31.729117309630901, 0.0 ], [ -106.494015373434294, 31.729524379788689, 0.0 ], [ -106.492564998706897, 31.733046792945959, 0.0 ], [ -106.492462560136204, 31.7333213769754, 0.0 ], [ -106.494231869080807, 31.733831785534591, 0.0 ], [ -106.494770993131496, 31.733997404346951, 0.0 ] ] } },
{ "type": "Feature", "properties": { "id": null, "Name": "ALD-S-1-23-1", "description": "313 mts", "timestamp": null, "begin": null, "end": null, "altitudeMode": null, "tessellate": 1, "extrude": 0, "visibility": 0, "drawOrder": null, "icon": null, "Folder": "DISTRIBUCION (#70)" }, "geometry": { "type": "LineString", "coordinates": [ [ -106.493513802675693, 31.730779374554789, 0.0 ], [ -106.490387778558002, 31.729858210038071, 0.0 ] ] } },
{ "type": "Feature", "properties": { "id": null, "Name": "Marca de posición sin título", "description": null, "timestamp": null, "begin": null, "end": null, "altitudeMode": null, "tessellate": -1, "extrude": 0, "visibility": 0, "drawOrder": null, "icon": null, "Folder": "POSTES PROPUESTOS" }, "geometry": { "type": "Point", "coordinates": [ -106.548946822620593, 31.736357839924349, 0.0 ] } },
{ "type": "Feature", "properties": { "id": null, "Name": "Marca de posición sin título", "description": null, "timestamp": null, "begin": null, "end": null, "altitudeMode": null, "tessellate": -1, "extrude": 0, "visibility": 0, "drawOrder": null, "icon": null, "Folder": "POSTES PROPUESTOS" }, "geometry": { "type": "Point", "coordinates": [ -106.548757955594098, 31.73657600474413, 0.0 ] } },
{ "type": "Feature", "properties": { "id": null, "Name": "Marca de posición sin título", "description": null, "timestamp": null, "begin": null, "end": null, "altitudeMode": null, "tessellate": -1, "extrude": 0, "visibility": 0, "drawOrder": null, "icon": null, "Folder": "POSTES PROPUESTOS" }, "geometry": { "type": "Point", "coordinates": [ -106.548301615794998, 31.73686227663319, 0.0 ] } },
{ "type": "Feature", "properties": { "id": null, "Name": "Marca de posición sin título", "description": null, "timestamp": null, "begin": null, "end": null, "altitudeMode": null, "tessellate": -1, "extrude": 0, "visibility": 0, "drawOrder": null, "icon": null, "Folder": "POSTES PROPUESTOS" }, "geometry": { "type": "Point", "coordinates": [ -106.547854984094599, 31.737104236275538, 0.0 ] } },
{ "type": "Feature", "properties": { "id": null, "Name": "Marca de posición sin título", "description": null, "timestamp": null, "begin": null, "end": null, "altitudeMode": null, "tessellate": -1, "extrude": 0, "visibility": 0, "drawOrder": null, "icon": null, "Folder": "POSTES PROPUESTOS" }, "geometry": { "type": "Point", "coordinates": [ -106.547468316354795, 31.73722389780087, 0.0 ] } },
{ "type": "Feature", "properties": { "id": null, "Name": "Marca de posición sin título", "description": null, "timestamp": null, "begin": null, "end": null, "altitudeMode": null, "tessellate": -1, "extrude": 0, "visibility": 0, "drawOrder": null, "icon": null, "Folder": "POSTES PROPUESTOS" }, "geometry": { "type": "Point", "coordinates": [ -106.547122236605901, 31.737366169643391, 0.0 ] } },
{ "type": "Feature", "properties": { "id": null, "Name": "Marca de posición sin título", "description": null, "timestamp": null, "begin": null, "end": null, "altitudeMode": null, "tessellate": -1, "extrude": 0, "visibility": 0, "drawOrder": null, "icon": null, "Folder": "POSTES PROPUESTOS" }, "geometry": { "type": "Point", "coordinates": [ -106.546424308122695, 31.737675238383328, 0.0 ] } },
{ "type": "Feature", "properties": { "id": null, "Name": "Marca de posición sin título", "description": null, "timestamp": null, "begin": null, "end": null, "altitudeMode": null, "tessellate": -1, "extrude": 0, "visibility": 0, "drawOrder": null, "icon": null, "Folder": "POSTES PROPUESTOS" }, "geometry": { "type": "Point", "coordinates": [ -106.546764620552693, 31.73751825190644, 0.0 ] } },
{ "type": "Feature", "properties": { "id": null, "Name": "Marca de posición sin título", "description": null, "timestamp": null, "begin": null, "end": null, "altitudeMode": null, "tessellate": -1, "extrude": 0, "visibility": 0, "drawOrder": null, "icon": null, "Folder": "POSTES PROPUESTOS" }, "geometry": { "type": "Point", "coordinates": [ -106.546060922831103, 31.737856752503699, 0.0 ] } },
{ "type": "Feature", "properties": { "id": null, "Name": "Marca de posición sin título", "description": null, "timestamp": null, "begin": null, "end": null, "altitudeMode": null, "tessellate": -1, "extrude": 0, "visibility": 0, "drawOrder": null, "icon": null, "Folder": "POSTES PROPUESTOS" }, "geometry": { "type": "Point", "coordinates": [ -106.545651390357605, 31.738023550096841, 0.0 ] } },
{ "type": "Feature", "properties": { "id": null, "Name": "Marca de posición sin título", "description": null, "timestamp": null, "begin": null, "end": null, "altitudeMode": null, "tessellate": -1, "extrude": 0, "visibility": 0, "drawOrder": null, "icon": null, "Folder": "POSTES PROPUESTOS" }, "geometry": { "type": "Point", "coordinates": [ -106.545264927846304, 31.73817562992139, 0.0 ] } },
{ "type": "Feature", "properties": { "id": null, "Name": "Marca de posición sin título", "description": null, "timestamp": null, "begin": null, "end": null, "altitudeMode": null, "tessellate": -1, "extrude": 0, "visibility": 0, "drawOrder": null, "icon": null, "Folder": "POSTES PROPUESTOS" }, "geometry": { "type": "Point", "coordinates": [ -106.544878463451795, 31.738381671015929, 0.0 ] } },
{ "type": "Feature", "properties": { "id": null, "Name": "Marca de posición sin título", "description": null, "timestamp": null, "begin": null, "end": null, "altitudeMode": null, "tessellate": -1, "extrude": 0, "visibility": 0, "drawOrder": null, "icon": null, "Folder": "POSTES PROPUESTOS" }, "geometry": { "type": "Point", "coordinates": [ -106.544422776643799, 31.738523939774719, 0.0 ] } },
{ "type": "Feature", "properties": { "id": null, "Name": "Marca de posición sin título", "description": null, "timestamp": null, "begin": null, "end": null, "altitudeMode": null, "tessellate": -1, "extrude": 0, "visibility": 0, "drawOrder": null, "icon": null, "Folder": "POSTES PROPUESTOS" }, "geometry": { "type": "Point", "coordinates": [ -106.543955549183394, 31.738631869008689, 0.0 ] } },
{ "type": "Feature", "properties": { "id": null, "Name": "Marca de posición sin título", "description": null, "timestamp": null, "begin": null, "end": null, "altitudeMode": null, "tessellate": -1, "extrude": 0, "visibility": 0, "drawOrder": null, "icon": null, "Folder": "POSTES PROPUESTOS" }, "geometry": { "type": "Point", "coordinates": [ -106.5435804315741, 31.738635560097311, 0.0 ] } },
{ "type": "Feature", "properties": { "id": null, "Name": "Marca de posición sin título", "description": null, "timestamp": null, "begin": null, "end": null, "altitudeMode": null, "tessellate": -1, "extrude": 0, "visibility": 0, "drawOrder": null, "icon": null, "Folder": "POSTES PROPUESTOS" }, "geometry": { "type": "Point", "coordinates": [ -106.543583757440402, 31.738904028959091, 0.0 ] } },
{ "type": "Feature", "properties": { "id": null, "Name": "Marca de posición sin título", "description": null, "timestamp": null, "begin": null, "end": null, "altitudeMode": null, "tessellate": -1, "extrude": 0, "visibility": 0, "drawOrder": null, "icon": null, "Folder": "POSTES PROPUESTOS" }, "geometry": { "type": "Point", "coordinates": [ -106.542995587507605, 31.738853683690959, 0.0 ] } },
{ "type": "Feature", "properties": { "id": null, "Name": "Marca de posición sin título", "description": null, "timestamp": null, "begin": null, "end": null, "altitudeMode": null, "tessellate": -1, "extrude": 0, "visibility": 0, "drawOrder": null, "icon": null, "Folder": "POSTES PROPUESTOS" }, "geometry": { "type": "Point", "coordinates": [ -106.542381155116303, 31.73872550910658, 0.0 ] } },
{ "type": "Feature", "properties": { "id": null, "Name": "Marca de posición sin título", "description": null, "timestamp": null, "begin": null, "end": null, "altitudeMode": null, "tessellate": -1, "extrude": 0, "visibility": 0, "drawOrder": null, "icon": null, "Folder": "POSTES PROPUESTOS" }, "geometry": { "type": "Point", "coordinates": [ -106.541718980109906, 31.73856687514257, 0.0 ] } },
{ "type": "Feature", "properties": { "id": null, "Name": "Marca de posición sin título", "description": null, "timestamp": null, "begin": null, "end": null, "altitudeMode": null, "tessellate": -1, "extrude": 0, "visibility": 0, "drawOrder": null, "icon": null, "Folder": "POSTES PROPUESTOS" }, "geometry": { "type": "Point", "coordinates": [ -106.541365752243195, 31.738467712199832, 0.0 ] } },
{ "type": "Feature", "properties": { "id": null, "Name": "ALD-1I-62/14", "description": null, "timestamp": null, "begin": null, "end": null, "altitudeMode": null, "tessellate": -1, "extrude": 0, "visibility": 0, "drawOrder": null, "icon": null, "Folder": "1N (#71)" }, "geometry": { "type": "Point", "coordinates": [ -106.499136050268007, 31.731746731327249, 0.0 ] } },
{ "type": "Feature", "properties": { "id": null, "Name": "ALD-3-61/13-1-1", "description": null, "timestamp": null, "begin": null, "end": null, "altitudeMode": null, "tessellate": -1, "extrude": 0, "visibility": 0, "drawOrder": null, "icon": null, "Folder": "2N (#74)" }, "geometry": { "type": "Point", "coordinates": [ -106.554266429695801, 31.775468524322829, 0.0 ] } },
{ "type": "Feature", "properties": { "id": null, "Name": "ALD-3-61/13-2-2", "description": null, "timestamp": null, "begin": null, "end": null, "altitudeMode": null, "tessellate": -1, "extrude": 0, "visibility": 0, "drawOrder": null, "icon": null, "Folder": "2N (#74)" }, "geometry": { "type": "Point", "coordinates": [ -106.553558265827803, 31.777080617355431, 0.0 ] } },
{ "type": "Feature", "properties": { "id": null, "Name": "ALD-3-61/13-3-3", "description": null, "timestamp": null, "begin": null, "end": null, "altitudeMode": null, "tessellate": -1, "extrude": 0, "visibility": 0, "drawOrder": null, "icon": null, "Folder": "2N (#74)" }, "geometry": { "type": "Point", "coordinates": [ -106.554607110464403, 31.776786621985291, 0.0 ] } },
{ "type": "Feature", "properties": { "id": null, "Name": "ALD-3-61/13-4-4", "description": null, "timestamp": null, "begin": null, "end": null, "altitudeMode": null, "tessellate": -1, "extrude": 0, "visibility": 0, "drawOrder": null, "icon": null, "Folder": "2N (#74)" }, "geometry": { "type": "Point", "coordinates": [ -106.555493736773798, 31.775552376888129, 0.0 ] } },
{ "type": "Feature", "properties": { "id": null, "Name": "ALD-3-61/13-5-5", "description": null, "timestamp": null, "begin": null, "end": null, "altitudeMode": null, "tessellate": -1, "extrude": 0, "visibility": 0, "drawOrder": null, "icon": null, "Folder": "2N (#74)" }, "geometry": { "type": "Point", "coordinates": [ -106.556355414033106, 31.774420941698619, 0.0 ] } },
{ "type": "Feature", "properties": { "id": null, "Name": "ALD-3-61/13-6-6", "description": null, "timestamp": null, "begin": null, "end": null, "altitudeMode": null, "tessellate": -1, "extrude": 0, "visibility": 0, "drawOrder": null, "icon": null, "Folder": "2N (#74)" }, "geometry": { "type": "Point", "coordinates": [ -106.555396578519705, 31.773817908532351, 0.0 ] } },
{ "type": "Feature", "properties": { "id": null, "Name": "ALD-3-61/13-7-7", "description": null, "timestamp": null, "begin": null, "end": null, "altitudeMode": null, "tessellate": -1, "extrude": 0, "visibility": 0, "drawOrder": null, "icon": null, "Folder": "2N (#74)" }, "geometry": { "type": "Point", "coordinates": [ -106.557454922740007, 31.773005848806889, 0.0 ] } },
{ "type": "Feature", "properties": { "id": null, "Name": "ALD-3-61/13-8-8", "description": null, "timestamp": null, "begin": null, "end": null, "altitudeMode": null, "tessellate": -1, "extrude": 0, "visibility": 0, "drawOrder": null, "icon": null, "Folder": "2N (#74)" }, "geometry": { "type": "Point", "coordinates": [ -106.558276, 31.771842, 0.0 ] } },
{ "type": "Feature", "properties": { "id": null, "Name": "ALD-3-61/13-9-9", "description": null, "timestamp": null, "begin": null, "end": null, "altitudeMode": null, "tessellate": -1, "extrude": 0, "visibility": 0, "drawOrder": null, "icon": null, "Folder": "2N (#74)" }, "geometry": { "type": "Point", "coordinates": [ -106.551873443150598, 31.77747856512698, 0.0 ] } },
{ "type": "Feature", "properties": { "id": null, "Name": "ALD-S-3-14-1", "description": "264 mts", "timestamp": null, "begin": null, "end": null, "altitudeMode": null, "tessellate": 1, "extrude": 0, "visibility": 0, "drawOrder": null, "icon": null, "Folder": "DISTRIBUCION (#71)" }, "geometry": { "type": "LineString", "coordinates": [ [ -106.499618614464495, 31.731896903546929, 0.0 ], [ -106.499369338904899, 31.732517116334389, 0.0 ], [ -106.498924502066203, 31.732378155087169, 0.0 ], [ -106.498798926048096, 31.73265674200745, 0.0 ], [ -106.498584301534706, 31.73299101782586, 0.0 ], [ -106.498211976079006, 31.732890926403861, 0.0 ], [ -106.4981090107146, 31.73318628395284, 0.0 ] ] } },
{ "type": "Feature", "properties": { "id": null, "Name": "ALD-S-3-14", "description": "774 mts", "timestamp": null, "begin": null, "end": null, "altitudeMode": null, "tessellate": 1, "extrude": 0, "visibility": 0, "drawOrder": null, "icon": null, "Folder": "DISTRIBUCION (#71)" }, "geometry": { "type": "LineString", "coordinates": [ [ -106.499139537446595, 31.731746719967791, 0.0 ], [ -106.499619870817099, 31.73188989381125, 0.0 ], [ -106.500200170881101, 31.730528475677129, 0.0 ], [ -106.4996683971804, 31.730336142714052, 0.0 ], [ -106.499965790437699, 31.729715958949861, 0.0 ], [ -106.500190373722205, 31.729192824530639, 0.0 ], [ -106.500178495368502, 31.729040778121249, 0.0 ], [ -106.500415889573205, 31.728570679392242, 0.0 ], [ -106.500911821303404, 31.7286942531459, 0.0 ], [ -106.501338749018998, 31.72880992285609, 0.0 ], [ -106.501835932939798, 31.728956437023459, 0.0 ], [ -106.501695072277798, 31.72933137089807, 0.0 ], [ -106.501560074565802, 31.729663506462661, 0.0 ], [ -106.501427573843102, 31.729982458024189, 0.0 ] ] } },
{ "type": "Feature", "properties": { "id": null, "Name": "ALD-4-8/8", "description": "ENCONTRADO 04 DICIEMBRE 2024\nVALIDAR INGENIERIA", "timestamp": null, "begin": null, "end": null, "altitudeMode": null, "tessellate": -1, "extrude": 0, "visibility": 0, "drawOrder": null, "icon": null, "Folder": "1N (#72)" }, "geometry": { "type": "Point", "coordinates": [ -106.536528066802006, 31.736891098769, 0.0 ] } },
{ "type": "Feature", "properties": { "id": null, "Name": "ALD-2I-71/22-1-1", "description": null, "timestamp": null, "begin": null, "end": null, "altitudeMode": null, "tessellate": -1, "extrude": 0, "visibility": 0, "drawOrder": null, "icon": null, "Folder": "2N (#75)" }, "geometry": { "type": "Point", "coordinates": [ -106.502156, 31.751784, 0.0 ] } },
{ "type": "Feature", "properties": { "id": null, "Name": "ALD-2I-71/22-3-3", "description": null, "timestamp": null, "begin": null, "end": null, "altitudeMode": null, "tessellate": -1, "extrude": 0, "visibility": 0, "drawOrder": null, "icon": null, "Folder": "2N (#75)" }, "geometry": { "type": "Point", "coordinates": [ -106.503167390225599, 31.75555700257609, 0.0 ] } },
{ "type": "Feature", "properties": { "id": null, "Name": "ALD-2I-71/22-4-4", "description": "CAJA MIGRADA DEL ORIGINAL", "timestamp": null, "begin": null, "end": null, "altitudeMode": null, "tessellate": -1, "extrude": 0, "visibility": 0, "drawOrder": null, "icon": null, "Folder": "2N (#75)" }, "geometry": { "type": "Point", "coordinates": [ -106.501169311179893, 31.754268631835899, 0.0 ] } },
{ "type": "Feature", "properties": { "id": null, "Name": "ALD-2I-71/22-5-5", "description": null, "timestamp": null, "begin": null, "end": null, "altitudeMode": null, "tessellate": -1, "extrude": 0, "visibility": 0, "drawOrder": null, "icon": null, "Folder": "2N (#75)" }, "geometry": { "type": "Point", "coordinates": [ -106.500096176271597, 31.754276472815569, 0.0 ] } },
{ "type": "Feature", "properties": { "id": null, "Name": "ALD-2I-71/22-6-6", "description": null, "timestamp": null, "begin": null, "end": null, "altitudeMode": null, "tessellate": -1, "extrude": 0, "visibility": 0, "drawOrder": null, "icon": null, "Folder": "2N (#75)" }, "geometry": { "type": "Point", "coordinates": [ -106.502593228729296, 31.751883779006629, 0.0 ] } },
{ "type": "Feature", "properties": { "id": null, "Name": "ALD-2I-71/22-7-7", "description": null, "timestamp": null, "begin": null, "end": null, "altitudeMode": null, "tessellate": -1, "extrude": 0, "visibility": 0, "drawOrder": null, "icon": null, "Folder": "2N (#75)" }, "geometry": { "type": "Point", "coordinates": [ -106.501183858613103, 31.752211748956089, 0.0 ] } },
{ "type": "Feature", "properties": { "id": null, "Name": "ALD-2I-71/22-8-8", "description": null, "timestamp": null, "begin": null, "end": null, "altitudeMode": null, "tessellate": -1, "extrude": 0, "visibility": 0, "drawOrder": null, "icon": null, "Folder": "2N (#75)" }, "geometry": { "type": "Point", "coordinates": [ -106.505260662987993, 31.756431705982909, 0.0 ] } },
{ "type": "Feature", "properties": { "id": null, "Name": "ALD-3-61/13", "description": "<b>BRAZO SE HIZO PARA 16 CAJAS 31 MARZO 2025</b>", "timestamp": null, "begin": null, "end": null, "altitudeMode": null, "tessellate": -1, "extrude": 0, "visibility": 0, "drawOrder": null, "icon": null, "Folder": "1N (#73)" }, "geometry": { "type": "Point", "coordinates": [ -106.554474350989494, 31.774962167058028, 0.0 ] } },
{ "type": "Feature", "properties": { "id": null, "Name": "ALD-1D-66/6-2-2", "description": null, "timestamp": null, "begin": null, "end": null, "altitudeMode": null, "tessellate": -1, "extrude": 0, "visibility": 0, "drawOrder": null, "icon": null, "Folder": "2N (#76)" }, "geometry": { "type": "Point", "coordinates": [ -106.482498, 31.724465, 0.0 ] } },
{ "type": "Feature", "properties": { "id": null, "Name": "ALD-1D-66/6-4-4", "description": null, "timestamp": null, "begin": null, "end": null, "altitudeMode": null, "tessellate": -1, "extrude": 0, "visibility": 0, "drawOrder": null, "icon": null, "Folder": "2N (#76)" }, "geometry": { "type": "Point", "coordinates": [ -106.480684, 31.72416759040404, 0.0 ] } },
{ "type": "Feature", "properties": { "id": null, "Name": "ALD-1D-66/6-6-6", "description": null, "timestamp": null, "begin": null, "end": null, "altitudeMode": null, "tessellate": -1, "extrude": 0, "visibility": 0, "drawOrder": null, "icon": null, "Folder": "2N (#76)" }, "geometry": { "type": "Point", "coordinates": [ -106.478764, 31.721828, 0.0 ] } },
{ "type": "Feature", "properties": { "id": null, "Name": "ALD-1D-66/6-8-8", "description": null, "timestamp": null, "begin": null, "end": null, "altitudeMode": null, "tessellate": -1, "extrude": 0, "visibility": 0, "drawOrder": null, "icon": null, "Folder": "2N (#76)" }, "geometry": { "type": "Point", "coordinates": [ -106.478029, 31.719947652899759, 0.0 ] } },
{ "type": "Feature", "properties": { "id": null, "Name": "ALD-1D-66/6-7-7/1", "description": "<b>REFORZADA 04 SEPTIEMBRE 2025</b>", "timestamp": null, "begin": null, "end": null, "altitudeMode": null, "tessellate": -1, "extrude": 0, "visibility": 0, "drawOrder": null, "icon": null, "Folder": "2N (#76)" }, "geometry": { "type": "Point", "coordinates": [ -106.479960558121604, 31.71998751432708, 0.0 ] } },
{ "type": "Feature", "properties": { "id": null, "Name": "ALD-S-10-13", "description": null, "timestamp": null, "begin": null, "end": null, "altitudeMode": null, "tessellate": 1, "extrude": 0, "visibility": 0, "drawOrder": null, "icon": null, "Folder": "DISTRIBUCION (#73)" }, "geometry": { "type": "LineString", "coordinates": [ [ -106.536529360554098, 31.7368857613105, 0.0 ], [ -106.534139763954201, 31.736095535632831, 0.0 ], [ -106.534036399531701, 31.736306910326679, 0.0 ] ] } },
{ "type": "Feature", "properties": { "id": null, "Name": "ALD-4-S-10-6", "description": "FIBRA DE OTRO BRAZO", "timestamp": null, "begin": null, "end": null, "altitudeMode": null, "tessellate": 1, "extrude": 0, "visibility": 0, "drawOrder": null, "icon": null, "Folder": "DISTRIBUCION (#73)" }, "geometry": { "type": "LineString", "coordinates": [ [ -106.536547175363495, 31.736878370924821, 0.0 ], [ -106.536751767989998, 31.736440016692711, 0.0 ], [ -106.535242459315597, 31.73593954223017, 0.0 ], [ -106.535860852374398, 31.734618073806519, 0.0 ] ] } },
{ "type": "Feature", "properties": { "id": null, "Name": "Ruta sin título", "description": null, "timestamp": null, "begin": null, "end": null, "altitudeMode": null, "tessellate": 1, "extrude": 0, "visibility": 0, "drawOrder": null, "icon": null, "Folder": "DISTRIBUCION (#73)" }, "geometry": { "type": "LineString", "coordinates": [ [ -106.535860776828201, 31.734623464472769, 0.0 ], [ -106.536043759021098, 31.734215794659459, 0.0 ] ] } },
{ "type": "Feature", "properties": { "id": null, "Name": "ALD-2I-71/22", "description": null, "timestamp": null, "begin": null, "end": null, "altitudeMode": null, "tessellate": -1, "extrude": 0, "visibility": 0, "drawOrder": null, "icon": null, "Folder": "1N (#74)" }, "geometry": { "type": "Point", "coordinates": [ -106.503547647426402, 31.752157782712011, 0.0 ] } },
{ "type": "Feature", "properties": { "id": null, "Name": "ALD-1D-65/5-1-1", "description": null, "timestamp": null, "begin": null, "end": null, "altitudeMode": null, "tessellate": -1, "extrude": 0, "visibility": 0, "drawOrder": null, "icon": null, "Folder": "2N (#77)" }, "geometry": { "type": "Point", "coordinates": [ -106.481987, 31.725942, 0.0 ] } },
{ "type": "Feature", "properties": { "id": null, "Name": "ALD-1D-65/5-2-2", "description": null, "timestamp": null, "begin": null, "end": null, "altitudeMode": null, "tessellate": -1, "extrude": 0, "visibility": 0, "drawOrder": null, "icon": null, "Folder": "2N (#77)" }, "geometry": { "type": "Point", "coordinates": [ -106.480944306568105, 31.726240868699449, 0.0 ] } },
{ "type": "Feature", "properties": { "id": null, "Name": "ALD-1D-65/5-3-3", "description": null, "timestamp": null, "begin": null, "end": null, "altitudeMode": null, "tessellate": -1, "extrude": 0, "visibility": 0, "drawOrder": null, "icon": null, "Folder": "2N (#77)" }, "geometry": { "type": "Point", "coordinates": [ -106.480117808309004, 31.7271193152534, 0.0 ] } },
{ "type": "Feature", "properties": { "id": null, "Name": "ALD-1D-65/5-4-4", "description": null, "timestamp": null, "begin": null, "end": null, "altitudeMode": null, "tessellate": -1, "extrude": 0, "visibility": 0, "drawOrder": null, "icon": null, "Folder": "2N (#77)" }, "geometry": { "type": "Point", "coordinates": [ -106.479616, 31.725451, 0.0 ] } },
{ "type": "Feature", "properties": { "id": null, "Name": "ALD-1D-65/5-5-5", "description": null, "timestamp": null, "begin": null, "end": null, "altitudeMode": null, "tessellate": -1, "extrude": 0, "visibility": 0, "drawOrder": null, "icon": null, "Folder": "2N (#77)" }, "geometry": { "type": "Point", "coordinates": [ -106.478942793200304, 31.723940747349449, 0.0 ] } },
{ "type": "Feature", "properties": { "id": null, "Name": "ALD-1D-65/5-6-6", "description": null, "timestamp": null, "begin": null, "end": null, "altitudeMode": null, "tessellate": -1, "extrude": 0, "visibility": 0, "drawOrder": null, "icon": null, "Folder": "2N (#77)" }, "geometry": { "type": "Point", "coordinates": [ -106.477625554990297, 31.722811717012991, 0.0 ] } },
{ "type": "Feature", "properties": { "id": null, "Name": "ALD-1D-65/5-7-7", "description": null, "timestamp": null, "begin": null, "end": null, "altitudeMode": null, "tessellate": -1, "extrude": 0, "visibility": 0, "drawOrder": null, "icon": null, "Folder": "2N (#77)" }, "geometry": { "type": "Point", "coordinates": [ -106.475382735324501, 31.721864088982969, 0.0 ] } },
{ "type": "Feature", "properties": { "id": null, "Name": "ALD-1D-65/5-8-8", "description": null, "timestamp": null, "begin": null, "end": null, "altitudeMode": null, "tessellate": -1, "extrude": 0, "visibility": 0, "drawOrder": null, "icon": null, "Folder": "2N (#77)" }, "geometry": { "type": "Point", "coordinates": [ -106.4752533423611, 31.721753926945489, 0.0 ] } },
{ "type": "Feature", "properties": { "id": null, "Name": "Marca de posición sin título", "description": "CAJA DE EMPALME 12/24 DONDE SALIO CAJA 3", "timestamp": null, "begin": null, "end": null, "altitudeMode": null, "tessellate": -1, "extrude": 0, "visibility": 0, "drawOrder": null, "icon": null, "Folder": "2N (#77)" }, "geometry": { "type": "Point", "coordinates": [ -106.480078906548897, 31.726472294399269, 0.0 ] } },
{ "type": "Feature", "properties": { "id": null, "Name": "ALD-3-S-13-10", "description": "1,343 mts", "timestamp": null, "begin": null, "end": null, "altitudeMode": null, "tessellate": 1, "extrude": 0, "visibility": 0, "drawOrder": null, "icon": null, "Folder": "DISTRIBUCION (#74)" }, "geometry": { "type": "LineString", "coordinates": [ [ -106.554419608552095, 31.774944942453018, 0.0 ], [ -106.554454119316802, 31.775195043183739, 0.0 ], [ -106.553175791416507, 31.776899547181689, 0.0 ], [ -106.554115749917202, 31.777376961885501, 0.0 ], [ -106.556369263911193, 31.77443177234489, 0.0 ], [ -106.555295545984904, 31.77384971293414, 0.0 ], [ -106.555945327295007, 31.772914224904689, 0.0 ], [ -106.557013660674002, 31.773486033097189, 0.0 ], [ -106.558369364172705, 31.771698025479999, 0.0 ] ] } },
{ "type": "Feature", "properties": { "id": null, "Name": "ALD-3-S-13-10/1", "description": null, "timestamp": null, "begin": null, "end": null, "altitudeMode": null, "tessellate": 1, "extrude": 0, "visibility": 0, "drawOrder": null, "icon": null, "Folder": "DISTRIBUCION (#74)" }, "geometry": { "type": "LineString", "coordinates": [ [ -106.553572756792903, 31.777068860103199, 0.0 ], [ -106.553250210433404, 31.776900725126389, 0.0 ], [ -106.552786133129104, 31.777470214910089, 0.0 ], [ -106.552551976606694, 31.777551392009741, 0.0 ], [ -106.552196917528903, 31.77761940634414, 0.0 ], [ -106.551850448437904, 31.777473955424259, 0.0 ] ] } },
{ "type": "Feature", "properties": { "id": null, "Name": "ALD-1D-66/6", "description": null, "timestamp": null, "begin": null, "end": null, "altitudeMode": null, "tessellate": -1, "extrude": 0, "visibility": 0, "drawOrder": null, "icon": null, "Folder": "1N (#75)" }, "geometry": { "type": "Point", "coordinates": [ -106.482804755767503, 31.725509004853709, 0.0 ] } },
{ "type": "Feature", "properties": { "id": null, "Name": "ALD-2I-68/20-2-2", "description": null, "timestamp": null, "begin": null, "end": null, "altitudeMode": null, "tessellate": -1, "extrude": 0, "visibility": 0, "drawOrder": null, "icon": null, "Folder": "2N (#78)" }, "geometry": { "type": "Point", "coordinates": [ -106.508278301658606, 31.752212360019129, 0.0 ] } },
{ "type": "Feature", "properties": { "id": null, "Name": "ALD-2I-68/20-1-1", "description": null, "timestamp": null, "begin": null, "end": null, "altitudeMode": null, "tessellate": -1, "extrude": 0, "visibility": 0, "drawOrder": null, "icon": null, "Folder": "2N (#78)" }, "geometry": { "type": "Point", "coordinates": [ -106.509171361172207, 31.75245061653516, 0.0 ] } },
{ "type": "Feature", "properties": { "id": null, "Name": "ALD-2I-68/20-3-3", "description": null, "timestamp": null, "begin": null, "end": null, "altitudeMode": null, "tessellate": -1, "extrude": 0, "visibility": 0, "drawOrder": null, "icon": null, "Folder": "2N (#78)" }, "geometry": { "type": "Point", "coordinates": [ -106.507812654545305, 31.759027719761288, 0.0 ] } },
{ "type": "Feature", "properties": { "id": null, "Name": "ALD-2I-68/20-4-4", "description": null, "timestamp": null, "begin": null, "end": null, "altitudeMode": null, "tessellate": -1, "extrude": 0, "visibility": 0, "drawOrder": null, "icon": null, "Folder": "2N (#78)" }, "geometry": { "type": "Point", "coordinates": [ -106.508903, 31.754602, 0.0 ] } },
{ "type": "Feature", "properties": { "id": null, "Name": "ALD-2I-68/20-7-7", "description": null, "timestamp": null, "begin": null, "end": null, "altitudeMode": null, "tessellate": -1, "extrude": 0, "visibility": 0, "drawOrder": null, "icon": null, "Folder": "2N (#78)" }, "geometry": { "type": "Point", "coordinates": [ -106.509796845924299, 31.757364889869709, 0.0 ] } },
{ "type": "Feature", "properties": { "id": null, "Name": "ALD-2I-68/20-8-8", "description": null, "timestamp": null, "begin": null, "end": null, "altitudeMode": null, "tessellate": -1, "extrude": 0, "visibility": 0, "drawOrder": null, "icon": null, "Folder": "2N (#78)" }, "geometry": { "type": "Point", "coordinates": [ -106.508683611321402, 31.758383288382941, 0.0 ] } },
{ "type": "Feature", "properties": { "id": null, "Name": "ALD-2I-68/20-6-6/1", "description": null, "timestamp": null, "begin": null, "end": null, "altitudeMode": null, "tessellate": -1, "extrude": 0, "visibility": 0, "drawOrder": null, "icon": null, "Folder": "2N (#78)" }, "geometry": { "type": "Point", "coordinates": [ -106.508924, 31.759316, 0.0 ] } },
{ "type": "Feature", "properties": { "id": null, "Name": "ALD-S-7-3", "description": null, "timestamp": null, "begin": null, "end": null, "altitudeMode": null, "tessellate": 1, "extrude": 0, "visibility": 0, "drawOrder": null, "icon": null, "Folder": "DISTRIBUCION (#75)" }, "geometry": { "type": "LineString", "coordinates": [ [ -106.503482335415498, 31.75214452649168, 0.0 ], [ -106.502131964036195, 31.7517546783372, 0.0 ], [ -106.501111738453702, 31.754299702976532, 0.0 ], [ -106.501574137768699, 31.754417053658649, 0.0 ], [ -106.502037071846004, 31.754550286763511, 0.0 ], [ -106.502425575756405, 31.75469003791768, 0.0 ], [ -106.502889669176199, 31.754831794512231, 0.0 ], [ -106.503311360502806, 31.754955875817309, 0.0 ], [ -106.503798189260394, 31.75510477166312, 0.0 ], [ -106.5050912592299, 31.755489730108948, 0.0 ], [ -106.505598968320001, 31.755657632534952, 0.0 ], [ -106.505265961759406, 31.756467405951302, 0.0 ] ] } },
{ "type": "Feature", "properties": { "id": null, "Name": "ALD-1D-65/5", "description": null, "timestamp": null, "begin": null, "end": null, "altitudeMode": null, "tessellate": -1, "extrude": 0, "visibility": 0, "drawOrder": null, "icon": null, "Folder": "1N (#76)" }, "geometry": { "type": "Point", "coordinates": [ -106.482786640962999, 31.725671048167381, 0.0 ] } },
{ "type": "Feature", "properties": { "id": null, "Name": "ALD-1D-42/18-1-1", "description": null, "timestamp": null, "begin": null, "end": null, "altitudeMode": null, "tessellate": -1, "extrude": 0, "visibility": 0, "drawOrder": null, "icon": null, "Folder": "2N (#79)" }, "geometry": { "type": "Point", "coordinates": [ -106.523021422045204, 31.74945174066767, 0.0 ] } },
{ "type": "Feature", "properties": { "id": null, "Name": "ALD-1D-42/18-2-2", "description": "CAJA MIGRADA DEL ORIGINAL", "timestamp": null, "begin": null, "end": null, "altitudeMode": null, "tessellate": -1, "extrude": 0, "visibility": 0, "drawOrder": null, "icon": null, "Folder": "2N (#79)" }, "geometry": { "type": "Point", "coordinates": [ -106.5216795173056, 31.750562307335571, 0.0 ] } },
{ "type": "Feature", "properties": { "id": null, "Name": "ALD-1D-42/18-3-3", "description": null, "timestamp": null, "begin": null, "end": null, "altitudeMode": null, "tessellate": -1, "extrude": 0, "visibility": 0, "drawOrder": null, "icon": null, "Folder": "2N (#79)" }, "geometry": { "type": "Point", "coordinates": [ -106.521399016206502, 31.751184109707928, 0.0 ] } },
{ "type": "Feature", "properties": { "id": null, "Name": "ALD-1D-42/18-4-4", "description": null, "timestamp": null, "begin": null, "end": null, "altitudeMode": null, "tessellate": -1, "extrude": 0, "visibility": 0, "drawOrder": null, "icon": null, "Folder": "2N (#79)" }, "geometry": { "type": "Point", "coordinates": [ -106.521139, 31.75179, 0.0 ] } },
{ "type": "Feature", "properties": { "id": null, "Name": "ALD-1D-42/18-5-5", "description": null, "timestamp": null, "begin": null, "end": null, "altitudeMode": null, "tessellate": -1, "extrude": 0, "visibility": 0, "drawOrder": null, "icon": null, "Folder": "2N (#79)" }, "geometry": { "type": "Point", "coordinates": [ -106.520739, 31.752639, 0.0 ] } },
{ "type": "Feature", "properties": { "id": null, "Name": "ALD-1D-42/18-6-6", "description": null, "timestamp": null, "begin": null, "end": null, "altitudeMode": null, "tessellate": -1, "extrude": 0, "visibility": 0, "drawOrder": null, "icon": null, "Folder": "2N (#79)" }, "geometry": { "type": "Point", "coordinates": [ -106.520308, 31.753516, 0.0 ] } },
{ "type": "Feature", "properties": { "id": null, "Name": "ALD-1D-42/18-7-7", "description": null, "timestamp": null, "begin": null, "end": null, "altitudeMode": null, "tessellate": -1, "extrude": 0, "visibility": 0, "drawOrder": null, "icon": null, "Folder": "2N (#79)" }, "geometry": { "type": "Point", "coordinates": [ -106.519702103906596, 31.75154873226592, 0.0 ] } },
{ "type": "Feature", "properties": { "id": null, "Name": "ALD-1D-42/18-8-8", "description": null, "timestamp": null, "begin": null, "end": null, "altitudeMode": null, "tessellate": -1, "extrude": 0, "visibility": 0, "drawOrder": null, "icon": null, "Folder": "2N (#79)" }, "geometry": { "type": "Point", "coordinates": [ -106.518532, 31.754385, 0.0 ] } },
{ "type": "Feature", "properties": { "id": null, "Name": "ALD-S-4-6", "description": null, "timestamp": null, "begin": null, "end": null, "altitudeMode": null, "tessellate": 1, "extrude": 0, "visibility": 0, "drawOrder": null, "icon": null, "Folder": "DISTRIBUCION (#76)" }, "geometry": { "type": "LineString", "coordinates": [ [ -106.4828230835748, 31.725535901225751, 0.0 ], [ -106.482299400223596, 31.723690838775561, 0.0 ], [ -106.480251314112706, 31.72431305617047, 0.0 ], [ -106.478523076585901, 31.71977779179565, 0.0 ], [ -106.477609425354999, 31.72006031228592, 0.0 ] ] } },
{ "type": "Feature", "properties": { "id": null, "Name": "Ruta sin título", "description": null, "timestamp": null, "begin": null, "end": null, "altitudeMode": null, "tessellate": 1, "extrude": 0, "visibility": 0, "drawOrder": null, "icon": null, "Folder": "DISTRIBUCION (#76)" }, "geometry": { "type": "LineString", "coordinates": [ [ -106.479958033855098, 31.71998562060692, 0.0 ], [ -106.478700367785393, 31.720356564201989, 0.0 ], [ -106.478485354803496, 31.719793297651929, 0.0 ], [ -106.478019158640706, 31.719942833979779, 0.0 ] ] } },
{ "type": "Feature", "properties": { "id": null, "Name": "ALD-2I-68/20", "description": "todo los hilos ocupados", "timestamp": null, "begin": null, "end": null, "altitudeMode": null, "tessellate": -1, "extrude": 0, "visibility": 0, "drawOrder": null, "icon": null, "Folder": "1N (#77)" }, "geometry": { "type": "Point", "coordinates": [ -106.507191211631195, 31.751861, 0.0 ] } },
{ "type": "Feature", "properties": { "id": null, "Name": "ALD-1I-24/24-1-1", "description": null, "timestamp": null, "begin": null, "end": null, "altitudeMode": null, "tessellate": -1, "extrude": 0, "visibility": 0, "drawOrder": null, "icon": null, "Folder": "2N (#80)" }, "geometry": { "type": "Point", "coordinates": [ -106.4933283769751, 31.73634804295385, 0.0 ] } },
{ "type": "Feature", "properties": { "id": null, "Name": "ALD-1I-24/24-2-2", "description": null, "timestamp": null, "begin": null, "end": null, "altitudeMode": null, "tessellate": -1, "extrude": 0, "visibility": 0, "drawOrder": null, "icon": null, "Folder": "2N (#80)" }, "geometry": { "type": "Point", "coordinates": [ -106.491747160588403, 31.735911399576541, 0.0 ] } },
{ "type": "Feature", "properties": { "id": null, "Name": "ALD-1I-24/24-3-3", "description": null, "timestamp": null, "begin": null, "end": null, "altitudeMode": null, "tessellate": -1, "extrude": 0, "visibility": 0, "drawOrder": null, "icon": null, "Folder": "2N (#80)" }, "geometry": { "type": "Point", "coordinates": [ -106.490670375030504, 31.735560132714671, 0.0 ] } },
{ "type": "Feature", "properties": { "id": null, "Name": "ALD-1I-24/24-4-4", "description": null, "timestamp": null, "begin": null, "end": null, "altitudeMode": null, "tessellate": -1, "extrude": 0, "visibility": 0, "drawOrder": null, "icon": null, "Folder": "2N (#80)" }, "geometry": { "type": "Point", "coordinates": [ -106.489489776312496, 31.735218726022641, 0.0 ] } },
{ "type": "Feature", "properties": { "id": null, "Name": "ALD-1I-24/24-5-5", "description": null, "timestamp": null, "begin": null, "end": null, "altitudeMode": null, "tessellate": -1, "extrude": 0, "visibility": 0, "drawOrder": null, "icon": null, "Folder": "2N (#80)" }, "geometry": { "type": "Point", "coordinates": [ -106.488019949857303, 31.734780241072301, 0.0 ] } },
{ "type": "Feature", "properties": { "id": null, "Name": "ALD-1I-24/24-6-6", "description": null, "timestamp": null, "begin": null, "end": null, "altitudeMode": null, "tessellate": -1, "extrude": 0, "visibility": 0, "drawOrder": null, "icon": null, "Folder": "2N (#80)" }, "geometry": { "type": "Point", "coordinates": [ -106.486462743186294, 31.734355, 0.0 ] } },
{ "type": "Feature", "properties": { "id": null, "Name": "ALD-1I-24/24-7-7", "description": null, "timestamp": null, "begin": null, "end": null, "altitudeMode": null, "tessellate": -1, "extrude": 0, "visibility": 0, "drawOrder": null, "icon": null, "Folder": "2N (#80)" }, "geometry": { "type": "Point", "coordinates": [ -106.486036, 31.735474, 0.0 ] } },
{ "type": "Feature", "properties": { "id": null, "Name": "ALD-1I-24/24-8-8", "description": null, "timestamp": null, "begin": null, "end": null, "altitudeMode": null, "tessellate": -1, "extrude": 0, "visibility": 0, "drawOrder": null, "icon": null, "Folder": "2N (#80)" }, "geometry": { "type": "Point", "coordinates": [ -106.485769045157298, 31.73627240110569, 0.0 ] } },
{ "type": "Feature", "properties": { "id": null, "Name": "ALD-S-4-5", "description": null, "timestamp": null, "begin": null, "end": null, "altitudeMode": null, "tessellate": 1, "extrude": 0, "visibility": 0, "drawOrder": null, "icon": null, "Folder": "DISTRIBUCION (#77)" }, "geometry": { "type": "LineString", "coordinates": [ [ -106.476062956993005, 31.722421765527852, 0.0 ], [ -106.475214659561004, 31.721740931677701, 0.0 ], [ -106.476579209454499, 31.721293235549819, 0.0 ], [ -106.476785300969397, 31.72162691920088, 0.0 ], [ -106.477125346386003, 31.721506913695801, 0.0 ], [ -106.478184778458498, 31.72415516768233, 0.0 ], [ -106.479005380037506, 31.72396063946384, 0.0 ], [ -106.480093530733598, 31.726487486703132, 0.0 ], [ -106.482833519999303, 31.725686066260799, 0.0 ] ] } },
{ "type": "Feature", "properties": { "id": null, "Name": "ALD-S-4-5/1", "description": null, "timestamp": null, "begin": null, "end": null, "altitudeMode": null, "tessellate": 1, "extrude": 0, "visibility": 0, "drawOrder": null, "icon": null, "Folder": "DISTRIBUCION (#77)" }, "geometry": { "type": "LineString", "coordinates": [ [ -106.480090058783702, 31.726462735433579, 0.0 ], [ -106.480312583104606, 31.727034281192491, 0.0 ], [ -106.480110214113694, 31.72709878711143, 0.0 ] ] } },
{ "type": "Feature", "properties": { "id": null, "Name": "ALD-1D-42/18", "description": null, "timestamp": null, "begin": null, "end": null, "altitudeMode": null, "tessellate": -1, "extrude": 0, "visibility": 0, "drawOrder": null, "icon": null, "Folder": "1N (#78)" }, "geometry": { "type": "Point", "coordinates": [ -106.522776592574999, 31.749951846809779, 0.0 ] } },
{ "type": "Feature", "properties": { "id": null, "Name": "ALD-2D-85/13-1-1", "description": null, "timestamp": null, "begin": null, "end": null, "altitudeMode": null, "tessellate": -1, "extrude": 0, "visibility": 0, "drawOrder": null, "icon": null, "Folder": "2N (#81)" }, "geometry": { "type": "Point", "coordinates": [ -106.505211045871505, 31.741962395310139, 0.0 ] } },
{ "type": "Feature", "properties": { "id": null, "Name": "ALD-2D-85/13-2-2", "description": null, "timestamp": null, "begin": null, "end": null, "altitudeMode": null, "tessellate": -1, "extrude": 0, "visibility": 0, "drawOrder": null, "icon": null, "Folder": "2N (#81)" }, "geometry": { "type": "Point", "coordinates": [ -106.505882969890095, 31.742224318826281, 0.0 ] } },
{ "type": "Feature", "properties": { "id": null, "Name": "ALD-2D-85/13-3-3", "description": null, "timestamp": null, "begin": null, "end": null, "altitudeMode": null, "tessellate": -1, "extrude": 0, "visibility": 0, "drawOrder": null, "icon": null, "Folder": "2N (#81)" }, "geometry": { "type": "Point", "coordinates": [ -106.507361919437898, 31.74189778010193, 0.0 ] } },
{ "type": "Feature", "properties": { "id": null, "Name": "ALD-2D-85/13-4-4", "description": null, "timestamp": null, "begin": null, "end": null, "altitudeMode": null, "tessellate": -1, "extrude": 0, "visibility": 0, "drawOrder": null, "icon": null, "Folder": "2N (#81)" }, "geometry": { "type": "Point", "coordinates": [ -106.508356625386895, 31.741671054481699, 0.0 ] } },
{ "type": "Feature", "properties": { "id": null, "Name": "ALD-2D-85/13-5-5", "description": null, "timestamp": null, "begin": null, "end": null, "altitudeMode": null, "tessellate": -1, "extrude": 0, "visibility": 0, "drawOrder": null, "icon": null, "Folder": "2N (#81)" }, "geometry": { "type": "Point", "coordinates": [ -106.510323782358697, 31.741211734597488, 0.0 ] } },
{ "type": "Feature", "properties": { "id": null, "Name": "ALD-2D-85/13-6-6", "description": null, "timestamp": null, "begin": null, "end": null, "altitudeMode": null, "tessellate": -1, "extrude": 0, "visibility": 0, "drawOrder": null, "icon": null, "Folder": "2N (#81)" }, "geometry": { "type": "Point", "coordinates": [ -106.510510314250496, 31.741722438285642, 0.0 ] } },
{ "type": "Feature", "properties": { "id": null, "Name": "ALD-2D-85/13-7-7", "description": null, "timestamp": null, "begin": null, "end": null, "altitudeMode": null, "tessellate": -1, "extrude": 0, "visibility": 0, "drawOrder": null, "icon": null, "Folder": "2N (#81)" }, "geometry": { "type": "Point", "coordinates": [ -106.510891123837595, 31.742898250660371, 0.0 ] } },
{ "type": "Feature", "properties": { "id": null, "Name": "ALD-2D-85/13-8-8", "description": null, "timestamp": null, "begin": null, "end": null, "altitudeMode": null, "tessellate": -1, "extrude": 0, "visibility": 0, "drawOrder": null, "icon": null, "Folder": "2N (#81)" }, "geometry": { "type": "Point", "coordinates": [ -106.512836218697799, 31.74241448413316, 0.0 ] } },
{ "type": "Feature", "properties": { "id": null, "Name": "ALD-S-7-8", "description": null, "timestamp": null, "begin": null, "end": null, "altitudeMode": null, "tessellate": 1, "extrude": 0, "visibility": 0, "drawOrder": null, "icon": null, "Folder": "DISTRIBUCION (#78)" }, "geometry": { "type": "LineString", "coordinates": [ [ -106.507182940381398, 31.751859612971931, 0.0 ], [ -106.509245871942298, 31.752450844959601, 0.0 ], [ -106.508869699040403, 31.755234466191119, 0.0 ], [ -106.509165680991998, 31.755299375648249, 0.0 ], [ -106.509074464169501, 31.755528951344409, 0.0 ], [ -106.508873870893098, 31.755827868189609, 0.0 ], [ -106.508803522757603, 31.756186487994729, 0.0 ], [ -106.508711020839499, 31.756476305941568, 0.0 ], [ -106.508810654259406, 31.75662535862584, 0.0 ], [ -106.509884620519202, 31.756931881488871, 0.0 ], [ -106.509724165009999, 31.757495203609039, 0.0 ], [ -106.509701075125506, 31.75789566552173, 0.0 ], [ -106.509676238716807, 31.758156259174701, 0.0 ], [ -106.509400300668304, 31.758077912741101, 0.0 ], [ -106.508824079897593, 31.757937676905321, 0.0 ], [ -106.508602214297994, 31.758573818879668, 0.0 ], [ -106.508043241534693, 31.758403488022651, 0.0 ], [ -106.507814024793305, 31.75901135017773, 0.0 ] ] } },
{ "type": "Feature", "properties": { "id": null, "Name": "Ruta sin título", "description": null, "timestamp": null, "begin": null, "end": null, "altitudeMode": null, "tessellate": 1, "extrude": 0, "visibility": 0, "drawOrder": null, "icon": null, "Folder": "DISTRIBUCION (#78)" }, "geometry": { "type": "LineString", "coordinates": [ [ -106.508680680955905, 31.758372791405019, 0.0 ], [ -106.508615392542296, 31.758565765627349, 0.0 ], [ -106.509277606246997, 31.75872172934131, 0.0 ], [ -106.509099292122102, 31.758827889416182, 0.0 ], [ -106.508925912257794, 31.759309616544421, 0.0 ] ] } },
{ "type": "Feature", "properties": { "id": null, "Name": "ALD-1I-24/24", "description": null, "timestamp": null, "begin": null, "end": null, "altitudeMode": null, "tessellate": -1, "extrude": 0, "visibility": 0, "drawOrder": null, "icon": null, "Folder": "1N (#79)" }, "geometry": { "type": "Point", "coordinates": [ -106.493748202392098, 31.736465804234619, 0.0 ] } },
{ "type": "Feature", "properties": { "id": null, "Name": "ALD-2I-72/17-1-1", "description": null, "timestamp": null, "begin": null, "end": null, "altitudeMode": null, "tessellate": -1, "extrude": 0, "visibility": 0, "drawOrder": null, "icon": null, "Folder": "2N (#82)" }, "geometry": { "type": "Point", "coordinates": [ -106.506244913962703, 31.754065520725089, 0.0 ] } },
{ "type": "Feature", "properties": { "id": null, "Name": "ALD-2I-72/17-2-2", "description": null, "timestamp": null, "begin": null, "end": null, "altitudeMode": null, "tessellate": -1, "extrude": 0, "visibility": 0, "drawOrder": null, "icon": null, "Folder": "2N (#82)" }, "geometry": { "type": "Point", "coordinates": [ -106.505818052190307, 31.75512351872058, 0.0 ] } },
{ "type": "Feature", "properties": { "id": null, "Name": "ALD-2I-72/17-3-3", "description": null, "timestamp": null, "begin": null, "end": null, "altitudeMode": null, "tessellate": -1, "extrude": 0, "visibility": 0, "drawOrder": null, "icon": null, "Folder": "2N (#82)" }, "geometry": { "type": "Point", "coordinates": [ -106.505368459797694, 31.75615714083261, 0.0 ] } },
{ "type": "Feature", "properties": { "id": null, "Name": "ALD-2I-72/17-4-4", "description": null, "timestamp": null, "begin": null, "end": null, "altitudeMode": null, "tessellate": -1, "extrude": 0, "visibility": 0, "drawOrder": null, "icon": null, "Folder": "2N (#82)" }, "geometry": { "type": "Point", "coordinates": [ -106.5065906434384, 31.75654824813067, 0.0 ] } },
{ "type": "Feature", "properties": { "id": null, "Name": "ALD-2I-72/17-5-5", "description": null, "timestamp": null, "begin": null, "end": null, "altitudeMode": null, "tessellate": -1, "extrude": 0, "visibility": 0, "drawOrder": null, "icon": null, "Folder": "2N (#82)" }, "geometry": { "type": "Point", "coordinates": [ -106.507907127348901, 31.755523585602461, 0.0 ] } },
{ "type": "Feature", "properties": { "id": null, "Name": "ALD-2I-72/17-6-6", "description": null, "timestamp": null, "begin": null, "end": null, "altitudeMode": null, "tessellate": -1, "extrude": 0, "visibility": 0, "drawOrder": null, "icon": null, "Folder": "2N (#82)" }, "geometry": { "type": "Point", "coordinates": [ -106.509518072147301, 31.755427585451621, 0.0 ] } },
{ "type": "Feature", "properties": { "id": null, "Name": "ALD-2I-72/17-7-7", "description": null, "timestamp": null, "begin": null, "end": null, "altitudeMode": null, "tessellate": -1, "extrude": 0, "visibility": 0, "drawOrder": null, "icon": null, "Folder": "2N (#82)" }, "geometry": { "type": "Point", "coordinates": [ -106.509374777036598, 31.7539384437008, 0.0 ] } },
{ "type": "Feature", "properties": { "id": null, "Name": "ALD-S-2-7", "description": null, "timestamp": null, "begin": null, "end": null, "altitudeMode": null, "tessellate": 1, "extrude": 0, "visibility": 0, "drawOrder": null, "icon": null, "Folder": "DISTRIBUCION (#79)" }, "geometry": { "type": "LineString", "coordinates": [ [ -106.522758279600495, 31.74995705926554, 0.0 ], [ -106.522096743551302, 31.749775712955739, 0.0 ], [ -106.521127714130699, 31.751839908329899, 0.0 ], [ -106.519783698730805, 31.751394571310691, 0.0 ], [ -106.518927210062202, 31.753540619325261, 0.0 ], [ -106.518753492559497, 31.753922814965001, 0.0 ], [ -106.518547697725197, 31.754432132951251, 0.0 ], [ -106.517874658380407, 31.754261534246162, 0.0 ], [ -106.517220957977798, 31.754071213340382, 0.0 ] ] } },
{ "type": "Feature", "properties": { "id": null, "Name": "ALD-2D-85/13", "description": null, "timestamp": null, "begin": null, "end": null, "altitudeMode": null, "tessellate": -1, "extrude": 0, "visibility": 0, "drawOrder": null, "icon": null, "Folder": "1N (#80)" }, "geometry": { "type": "Point", "coordinates": [ -106.505083009946006, 31.74167086011477, 0.0 ] } },
{ "type": "Feature", "properties": { "id": null, "Name": "ALD-2I-65/18-1-1", "description": null, "timestamp": null, "begin": null, "end": null, "altitudeMode": null, "tessellate": -1, "extrude": 0, "visibility": 0, "drawOrder": null, "icon": null, "Folder": "2N (#83)" }, "geometry": { "type": "Point", "coordinates": [ -106.5022287278329, 31.751775982685729, 0.0 ] } },
{ "type": "Feature", "properties": { "id": null, "Name": "ALD-2I-65/18-2-2", "description": null, "timestamp": null, "begin": null, "end": null, "altitudeMode": null, "tessellate": -1, "extrude": 0, "visibility": 0, "drawOrder": null, "icon": null, "Folder": "2N (#83)" }, "geometry": { "type": "Point", "coordinates": [ -106.499027737801399, 31.75317621981203, 0.0 ] } },
{ "type": "Feature", "properties": { "id": null, "Name": "ALD-S-1-24", "description": null, "timestamp": null, "begin": null, "end": null, "altitudeMode": null, "tessellate": 1, "extrude": 0, "visibility": 0, "drawOrder": null, "icon": null, "Folder": "DISTRIBUCION (#80)" }, "geometry": { "type": "LineString", "coordinates": [ [ -106.493717341793001, 31.736503796596079, 0.0 ], [ -106.486460255190195, 31.734346226151111, 0.0 ], [ -106.485745310725605, 31.736272971862199, 0.0 ] ] } },
{ "type": "Feature", "properties": { "id": null, "Name": "ALD-2I-72/17", "description": null, "timestamp": null, "begin": null, "end": null, "altitudeMode": null, "tessellate": -1, "extrude": 0, "visibility": 0, "drawOrder": null, "icon": null, "Folder": "1N (#81)" }, "geometry": { "type": "Point", "coordinates": [ -106.506446201608398, 31.753675962429469, 0.0 ] } },
{ "type": "Feature", "properties": { "id": null, "Name": "ALD-1D-23/23-1-5-1", "description": "<b>AGREGADA 27 MARZO 2026</b>", "timestamp": null, "begin": null, "end": null, "altitudeMode": null, "tessellate": -1, "extrude": 0, "visibility": 0, "drawOrder": null, "icon": null, "Folder": "2N (#84)" }, "geometry": { "type": "Point", "coordinates": [ -106.514778243635902, 31.763721425674781, 0.0 ] } },
{ "type": "Feature", "properties": { "id": null, "Name": "ALD-1D-23/23-2-2", "description": null, "timestamp": null, "begin": null, "end": null, "altitudeMode": null, "tessellate": -1, "extrude": 0, "visibility": 0, "drawOrder": null, "icon": null, "Folder": "2N (#84)" }, "geometry": { "type": "Point", "coordinates": [ -106.516403, 31.762593, 0.0 ] } },
{ "type": "Feature", "properties": { "id": null, "Name": "ALD-1D-23/23-3-3", "description": null, "timestamp": null, "begin": null, "end": null, "altitudeMode": null, "tessellate": -1, "extrude": 0, "visibility": 0, "drawOrder": null, "icon": null, "Folder": "2N (#84)" }, "geometry": { "type": "Point", "coordinates": [ -106.514016, 31.760998, 0.0 ] } },
{ "type": "Feature", "properties": { "id": null, "Name": "ALD-1D-23/23-4-4", "description": null, "timestamp": null, "begin": null, "end": null, "altitudeMode": null, "tessellate": -1, "extrude": 0, "visibility": 0, "drawOrder": null, "icon": null, "Folder": "2N (#84)" }, "geometry": { "type": "Point", "coordinates": [ -106.513119, 31.763519, 0.0 ] } },
{ "type": "Feature", "properties": { "id": null, "Name": "ALD-1D-23/23-5-5", "description": null, "timestamp": null, "begin": null, "end": null, "altitudeMode": null, "tessellate": -1, "extrude": 0, "visibility": 0, "drawOrder": null, "icon": null, "Folder": "2N (#84)" }, "geometry": { "type": "Point", "coordinates": [ -106.516970747988793, 31.765595760067011, 0.0 ] } },
{ "type": "Feature", "properties": { "id": null, "Name": "ALD-1D-23/23-6-6", "description": null, "timestamp": null, "begin": null, "end": null, "altitudeMode": null, "tessellate": -1, "extrude": 0, "visibility": 0, "drawOrder": null, "icon": null, "Folder": "2N (#84)" }, "geometry": { "type": "Point", "coordinates": [ -106.516147177214606, 31.76226662229627, 0.0 ] } },
{ "type": "Feature", "properties": { "id": null, "Name": "ALD-1D-23/23-7-7", "description": null, "timestamp": null, "begin": null, "end": null, "altitudeMode": null, "tessellate": -1, "extrude": 0, "visibility": 0, "drawOrder": null, "icon": null, "Folder": "2N (#84)" }, "geometry": { "type": "Point", "coordinates": [ -106.5136701853815, 31.76539397495775, 0.0 ] } },
{ "type": "Feature", "properties": { "id": null, "Name": "ALD-1D-23/23-8-8", "description": null, "timestamp": null, "begin": null, "end": null, "altitudeMode": null, "tessellate": -1, "extrude": 0, "visibility": 0, "drawOrder": null, "icon": null, "Folder": "2N (#84)" }, "geometry": { "type": "Point", "coordinates": [ -106.512736, 31.764967, 0.0 ] } },
{ "type": "Feature", "properties": { "id": null, "Name": "ALD-S-8-12", "description": "1055 MTS", "timestamp": null, "begin": null, "end": null, "altitudeMode": null, "tessellate": 1, "extrude": 0, "visibility": 0, "drawOrder": null, "icon": null, "Folder": "DISTRIBUCION (#81)" }, "geometry": { "type": "LineString", "coordinates": [ [ -106.511842541491106, 31.74261346902971, 0.0 ], [ -106.512857497261805, 31.742355373624161, 0.0 ], [ -106.510857265159004, 31.742848376154321, 0.0 ], [ -106.510342097600798, 31.741200388056509, 0.0 ], [ -106.508359487400199, 31.741679878558859, 0.0 ], [ -106.507853269751095, 31.74177306437122, 0.0 ], [ -106.505358765984596, 31.742337863561591, 0.0 ], [ -106.505124715340699, 31.741650653147548, 0.0 ] ] } },
{ "type": "Feature", "properties": { "id": null, "Name": "ALD-2I-65/18", "description": null, "timestamp": null, "begin": null, "end": null, "altitudeMode": null, "tessellate": -1, "extrude": 0, "visibility": 0, "drawOrder": null, "icon": null, "Folder": "1N (#82)" }, "geometry": { "type": "Point", "coordinates": [ -106.503483394059501, 31.752128201768691, 0.0 ] } },
{ "type": "Feature", "properties": { "id": null, "Name": "ALD-1D-19/19-1-1", "description": null, "timestamp": null, "begin": null, "end": null, "altitudeMode": null, "tessellate": -1, "extrude": 0, "visibility": 0, "drawOrder": null, "icon": null, "Folder": "2N (#85)" }, "geometry": { "type": "Point", "coordinates": [ -106.520373, 31.760407, 0.0 ] } },
{ "type": "Feature", "properties": { "id": null, "Name": "ALD-1D-19/19-2-2", "description": null, "timestamp": null, "begin": null, "end": null, "altitudeMode": null, "tessellate": -1, "extrude": 0, "visibility": 0, "drawOrder": null, "icon": null, "Folder": "2N (#85)" }, "geometry": { "type": "Point", "coordinates": [ -106.522546787751594, 31.760814447234541, 0.0 ] } },
{ "type": "Feature", "properties": { "id": null, "Name": "ALD-1D-19/19-3-3", "description": "CAJA COMPARTIDA", "timestamp": null, "begin": null, "end": null, "altitudeMode": null, "tessellate": -1, "extrude": 0, "visibility": 0, "drawOrder": null, "icon": null, "Folder": "2N (#85)" }, "geometry": { "type": "Point", "coordinates": [ -106.523768, 31.761263, 0.0 ] } },
{ "type": "Feature", "properties": { "id": null, "Name": "ALD-1D-19/19-4-4", "description": null, "timestamp": null, "begin": null, "end": null, "altitudeMode": null, "tessellate": -1, "extrude": 0, "visibility": 0, "drawOrder": null, "icon": null, "Folder": "2N (#85)" }, "geometry": { "type": "Point", "coordinates": [ -106.524547, 31.762262, 0.0 ] } },
{ "type": "Feature", "properties": { "id": null, "Name": "ALD-1D-19/19-5-5", "description": null, "timestamp": null, "begin": null, "end": null, "altitudeMode": null, "tessellate": -1, "extrude": 0, "visibility": 0, "drawOrder": null, "icon": null, "Folder": "2N (#85)" }, "geometry": { "type": "Point", "coordinates": [ -106.524705, 31.763429, 0.0 ] } },
{ "type": "Feature", "properties": { "id": null, "Name": "ALD-1D-19/19-6-6", "description": null, "timestamp": null, "begin": null, "end": null, "altitudeMode": null, "tessellate": -1, "extrude": 0, "visibility": 0, "drawOrder": null, "icon": null, "Folder": "2N (#85)" }, "geometry": { "type": "Point", "coordinates": [ -106.526356, 31.762895, 0.0 ] } },
{ "type": "Feature", "properties": { "id": null, "Name": "ALD-1D-19/19-7-7", "description": null, "timestamp": null, "begin": null, "end": null, "altitudeMode": null, "tessellate": -1, "extrude": 0, "visibility": 0, "drawOrder": null, "icon": null, "Folder": "2N (#85)" }, "geometry": { "type": "Point", "coordinates": [ -106.527416, 31.763843, 0.0 ] } },
{ "type": "Feature", "properties": { "id": null, "Name": "ALD-1D-19/19-8-8", "description": null, "timestamp": null, "begin": null, "end": null, "altitudeMode": null, "tessellate": -1, "extrude": 0, "visibility": 0, "drawOrder": null, "icon": null, "Folder": "2N (#85)" }, "geometry": { "type": "Point", "coordinates": [ -106.528057, 31.765597, 0.0 ] } },
{ "type": "Feature", "properties": { "id": null, "Name": "ALD-S-7-23", "description": "1237 mts", "timestamp": null, "begin": null, "end": null, "altitudeMode": null, "tessellate": 1, "extrude": 0, "visibility": 0, "drawOrder": null, "icon": null, "Folder": "DISTRIBUCION (#82)" }, "geometry": { "type": "LineString", "coordinates": [ [ -106.506433990357394, 31.75365530026307, 0.0 ], [ -106.505719530185601, 31.755362281593271, 0.0 ], [ -106.505386219683601, 31.756180319973421, 0.0 ], [ -106.507106309364801, 31.75670569994281, 0.0 ], [ -106.507509578524093, 31.75683703286035, 0.0 ], [ -106.507737327029901, 31.756280104919188, 0.0 ], [ -106.5077150023386, 31.75600463176923, 0.0 ], [ -106.507921747418294, 31.75551941895721, 0.0 ], [ -106.508115825087998, 31.754981972875601, 0.0 ], [ -106.509542533263698, 31.755422749532979, 0.0 ], [ -106.509583872718494, 31.755061990006599, 0.0 ], [ -106.509731795779203, 31.754030695734741, 0.0 ], [ -106.508460142996796, 31.753658648935421, 0.0 ], [ -106.507629533547004, 31.753391529128301, 0.0 ] ] } },
{ "type": "Feature", "properties": { "id": null, "Name": "ALD-1D-23/23", "description": "SIN HILOS DISP (30 AGOSTO 2024)", "timestamp": null, "begin": null, "end": null, "altitudeMode": null, "tessellate": -1, "extrude": 0, "visibility": 0, "drawOrder": null, "icon": null, "Folder": "1N (#83)" }, "geometry": { "type": "Point", "coordinates": [ -106.518248082796603, 31.764692201370671, 0.0 ] } },
{ "type": "Feature", "properties": { "id": null, "Name": "ALD-1D-93/21/9-1-1", "description": null, "timestamp": null, "begin": null, "end": null, "altitudeMode": null, "tessellate": -1, "extrude": 0, "visibility": 0, "drawOrder": null, "icon": null, "Folder": "2N (#86)" }, "geometry": { "type": "Point", "coordinates": [ -106.491210740772701, 31.72783027640752, 0.0 ] } },
{ "type": "Feature", "properties": { "id": null, "Name": "ALD-1D-93/21/9-2-2", "description": null, "timestamp": null, "begin": null, "end": null, "altitudeMode": null, "tessellate": -1, "extrude": 0, "visibility": 0, "drawOrder": null, "icon": null, "Folder": "2N (#86)" }, "geometry": { "type": "Point", "coordinates": [ -106.491405, 31.727283, 0.0 ] } },
{ "type": "Feature", "properties": { "id": null, "Name": "ALD-1D-93/21/9-3-3", "description": null, "timestamp": null, "begin": null, "end": null, "altitudeMode": null, "tessellate": -1, "extrude": 0, "visibility": 0, "drawOrder": null, "icon": null, "Folder": "2N (#86)" }, "geometry": { "type": "Point", "coordinates": [ -106.491666, 31.726678, 0.0 ] } },
{ "type": "Feature", "properties": { "id": null, "Name": "ALD-1D-93/21/9-4-4", "description": null, "timestamp": null, "begin": null, "end": null, "altitudeMode": null, "tessellate": -1, "extrude": 0, "visibility": 0, "drawOrder": null, "icon": null, "Folder": "2N (#86)" }, "geometry": { "type": "Point", "coordinates": [ -106.492189, 31.725382, 0.0 ] } },
{ "type": "Feature", "properties": { "id": null, "Name": "ALD-1D-93/21/9-5-5", "description": null, "timestamp": null, "begin": null, "end": null, "altitudeMode": null, "tessellate": -1, "extrude": 0, "visibility": 0, "drawOrder": null, "icon": null, "Folder": "2N (#86)" }, "geometry": { "type": "Point", "coordinates": [ -106.492393, 31.724852, 0.0 ] } },
{ "type": "Feature", "properties": { "id": null, "Name": "ALD-1D-93/21/9-6-6", "description": null, "timestamp": null, "begin": null, "end": null, "altitudeMode": null, "tessellate": -1, "extrude": 0, "visibility": 0, "drawOrder": null, "icon": null, "Folder": "2N (#86)" }, "geometry": { "type": "Point", "coordinates": [ -106.49299, 31.723456, 0.0 ] } },
{ "type": "Feature", "properties": { "id": null, "Name": "ALD-1D-93/21-9-7-7", "description": null, "timestamp": null, "begin": null, "end": null, "altitudeMode": null, "tessellate": -1, "extrude": 0, "visibility": 0, "drawOrder": null, "icon": null, "Folder": "2N (#86)" }, "geometry": { "type": "Point", "coordinates": [ -106.492811, 31.723861, 0.0 ] } },
{ "type": "Feature", "properties": { "id": null, "Name": "ALD-1D-93/21/9-8-8", "description": null, "timestamp": null, "begin": null, "end": null, "altitudeMode": null, "tessellate": -1, "extrude": 0, "visibility": 0, "drawOrder": null, "icon": null, "Folder": "2N (#86)" }, "geometry": { "type": "Point", "coordinates": [ -106.49342, 31.72227348428083, 0.0 ] } },
{ "type": "Feature", "properties": { "id": null, "Name": "ALD-S7-65/18", "description": null, "timestamp": null, "begin": null, "end": null, "altitudeMode": null, "tessellate": 1, "extrude": 0, "visibility": 0, "drawOrder": null, "icon": null, "Folder": "DISTRIBUCION (#83)" }, "geometry": { "type": "LineString", "coordinates": [ [ -106.5021261433658, 31.751747641355269, 0.0 ], [ -106.501112864189096, 31.754298834256922, 0.0 ], [ -106.500852568636205, 31.755068237235051, 0.0 ], [ -106.5004923680399, 31.754713174630169, 0.0 ], [ -106.500093663690294, 31.754281707663509, 0.0 ], [ -106.499606912342301, 31.75375161053914, 0.0 ], [ -106.499249929599699, 31.753404143230231, 0.0 ], [ -106.499027848494606, 31.753161995356681, 0.0 ] ] } },
{ "type": "Feature", "properties": { "id": null, "Name": "ALD-1D-19/19", "description": null, "timestamp": null, "begin": null, "end": null, "altitudeMode": null, "tessellate": -1, "extrude": 0, "visibility": 0, "drawOrder": null, "icon": null, "Folder": "1N (#84)" }, "geometry": { "type": "Point", "coordinates": [ -106.520096238289, 31.762562579363909, 0.0 ] } },
{ "type": "Feature", "properties": { "id": null, "Name": "ALD-1D-96/24-1-1", "description": null, "timestamp": null, "begin": null, "end": null, "altitudeMode": null, "tessellate": -1, "extrude": 0, "visibility": 0, "drawOrder": null, "icon": null, "Folder": "2N (#87)" }, "geometry": { "type": "Point", "coordinates": [ -106.488816, 31.727231, 0.0 ] } },
{ "type": "Feature", "properties": { "id": null, "Name": "ALD-1D-96/24-2-2", "description": null, "timestamp": null, "begin": null, "end": null, "altitudeMode": null, "tessellate": -1, "extrude": 0, "visibility": 0, "drawOrder": null, "icon": null, "Folder": "2N (#87)" }, "geometry": { "type": "Point", "coordinates": [ -106.488983878349302, 31.72586513742236, 0.0 ] } },
{ "type": "Feature", "properties": { "id": null, "Name": "ALD-1D-96/24-3-3", "description": null, "timestamp": null, "begin": null, "end": null, "altitudeMode": null, "tessellate": -1, "extrude": 0, "visibility": 0, "drawOrder": null, "icon": null, "Folder": "2N (#87)" }, "geometry": { "type": "Point", "coordinates": [ -106.489317505144598, 31.72509820523738, 0.0 ] } },
{ "type": "Feature", "properties": { "id": null, "Name": "ALD-1D-96/24-4-4", "description": null, "timestamp": null, "begin": null, "end": null, "altitudeMode": null, "tessellate": -1, "extrude": 0, "visibility": 0, "drawOrder": null, "icon": null, "Folder": "2N (#87)" }, "geometry": { "type": "Point", "coordinates": [ -106.489717324439496, 31.723914025030609, 0.0 ] } },
{ "type": "Feature", "properties": { "id": null, "Name": "ALD-1D-96/24-6-6", "description": null, "timestamp": null, "begin": null, "end": null, "altitudeMode": null, "tessellate": -1, "extrude": 0, "visibility": 0, "drawOrder": null, "icon": null, "Folder": "2N (#87)" }, "geometry": { "type": "Point", "coordinates": [ -106.49044, 31.721974, 0.0 ] } },
{ "type": "Feature", "properties": { "id": null, "Name": "ALD-1D-96/24-7-7", "description": null, "timestamp": null, "begin": null, "end": null, "altitudeMode": null, "tessellate": -1, "extrude": 0, "visibility": 0, "drawOrder": null, "icon": null, "Folder": "2N (#87)" }, "geometry": { "type": "Point", "coordinates": [ -106.489387, 31.721801, 0.0 ] } },
{ "type": "Feature", "properties": { "id": null, "Name": "ALD-1D-96/24-8-8", "description": null, "timestamp": null, "begin": null, "end": null, "altitudeMode": null, "tessellate": -1, "extrude": 0, "visibility": 0, "drawOrder": null, "icon": null, "Folder": "2N (#87)" }, "geometry": { "type": "Point", "coordinates": [ -106.488641, 31.724022, 0.0 ] } },
{ "type": "Feature", "properties": { "id": null, "Name": "ALD-1D-S-9-15/2", "description": null, "timestamp": null, "begin": null, "end": null, "altitudeMode": null, "tessellate": 1, "extrude": 0, "visibility": 0, "drawOrder": null, "icon": null, "Folder": "DISTRIBUCION (#84)" }, "geometry": { "type": "LineString", "coordinates": [ [ -106.513219612559297, 31.76341070893146, 0.0 ], [ -106.513092047539601, 31.763534555656399, 0.0 ], [ -106.512820242780293, 31.763502504283231, 0.0 ], [ -106.513523399742198, 31.764090943906311, 0.0 ], [ -106.513777476762598, 31.76400096618697, 0.0 ], [ -106.514263830841998, 31.76385726052321, 0.0 ], [ -106.514788536077802, 31.763710281942561, 0.0 ] ] } },
{ "type": "Feature", "properties": { "id": null, "Name": "ALD-1D-S-9-15/1", "description": null, "timestamp": null, "begin": null, "end": null, "altitudeMode": null, "tessellate": 1, "extrude": 0, "visibility": 0, "drawOrder": null, "icon": null, "Folder": "DISTRIBUCION (#84)" }, "geometry": { "type": "LineString", "coordinates": [ [ -106.517528222437704, 31.763805822679149, 0.0 ], [ -106.517860467021194, 31.764182799331291, 0.0 ], [ -106.518153504287397, 31.764504521808892, 0.0 ], [ -106.518281482304303, 31.764644196179319, 0.0 ], [ -106.517913855964196, 31.764898744356881, 0.0 ], [ -106.517575387827407, 31.765129174668981, 0.0 ], [ -106.517025357867993, 31.765521738138201, 0.0 ], [ -106.517366793004101, 31.765911636274289, 0.0 ], [ -106.5169864300331, 31.766185698058759, 0.0 ], [ -106.516457650169599, 31.765831533365169, 0.0 ], [ -106.515931072417203, 31.76550272136814, 0.0 ], [ -106.515147425096998, 31.764969353197849, 0.0 ], [ -106.514698380054398, 31.765072948886509, 0.0 ], [ -106.5137501661128, 31.765288268912009, 0.0 ], [ -106.512836439972801, 31.765509064738762, 0.0 ], [ -106.512722008166193, 31.765081514182839, 0.0 ] ] } },
{ "type": "Feature", "properties": { "id": null, "Name": "ALD-1D-S-9-15", "description": null, "timestamp": null, "begin": null, "end": null, "altitudeMode": null, "tessellate": 1, "extrude": 0, "visibility": 0, "drawOrder": null, "icon": null, "Folder": "DISTRIBUCION (#84)" }, "geometry": { "type": "LineString", "coordinates": [ [ -106.518276957390995, 31.764641507566552, 0.0 ], [ -106.518151348670202, 31.76450360249753, 0.0 ], [ -106.517861927284699, 31.764184864138489, 0.0 ], [ -106.517522668051996, 31.76380070791981, 0.0 ], [ -106.516993090492804, 31.763209590685449, 0.0 ], [ -106.516734963130105, 31.762897250768951, 0.0 ], [ -106.516406595907497, 31.762522831998059, 0.0 ], [ -106.5161482559284, 31.762224113962841, 0.0 ], [ -106.515918764521899, 31.761918417513851, 0.0 ], [ -106.515334270811394, 31.762401309135999, 0.0 ], [ -106.515076293464801, 31.762599011840901, 0.0 ], [ -106.514750309032493, 31.762862761644971, 0.0 ], [ -106.514505995513602, 31.76300751148348, 0.0 ], [ -106.514004328916599, 31.763093787143379, 0.0 ], [ -106.513410850966494, 31.76325829589252, 0.0 ], [ -106.513090393457105, 31.763534697028909, 0.0 ] ] } },
{ "type": "Feature", "properties": { "id": null, "Name": "ALD-1D-93/21", "description": null, "timestamp": null, "begin": null, "end": null, "altitudeMode": null, "tessellate": -1, "extrude": 0, "visibility": 0, "drawOrder": null, "icon": null, "Folder": "1N (#85)" }, "geometry": { "type": "Point", "coordinates": [ -106.493613314679294, 31.721785430266031, 0.0 ] } },
{ "type": "Feature", "properties": { "id": null, "Name": "ALD-1D-21/9-3-1-1", "description": null, "timestamp": null, "begin": null, "end": null, "altitudeMode": null, "tessellate": -1, "extrude": 0, "visibility": 0, "drawOrder": null, "icon": null, "Folder": "2N (#88)" }, "geometry": { "type": "Point", "coordinates": [ -106.530203901534094, 31.753768488901649, 0.0 ] } },
{ "type": "Feature", "properties": { "id": null, "Name": "ALD-1D-21/9-3-2-2", "description": null, "timestamp": null, "begin": null, "end": null, "altitudeMode": null, "tessellate": -1, "extrude": 0, "visibility": 0, "drawOrder": null, "icon": null, "Folder": "2N (#88)" }, "geometry": { "type": "Point", "coordinates": [ -106.5311214368772, 31.752636931124471, 0.0 ] } },
{ "type": "Feature", "properties": { "id": null, "Name": "ALD-1D-21/9-3-3-3", "description": null, "timestamp": null, "begin": null, "end": null, "altitudeMode": null, "tessellate": -1, "extrude": 0, "visibility": 0, "drawOrder": null, "icon": null, "Folder": "2N (#88)" }, "geometry": { "type": "Point", "coordinates": [ -106.531528418715894, 31.753526723447671, 0.0 ] } },
{ "type": "Feature", "properties": { "id": null, "Name": "ALD-1D-21/9-5-4-4", "description": "CAJA DENTRO DEL ORIGINAL", "timestamp": null, "begin": null, "end": null, "altitudeMode": null, "tessellate": -1, "extrude": 0, "visibility": 0, "drawOrder": null, "icon": null, "Folder": "2N (#88)" }, "geometry": { "type": "Point", "coordinates": [ -106.528204, 31.753886, 0.0 ] } },
{ "type": "Feature", "properties": { "id": null, "Name": "ALD-1D-21/9-5-5-5", "description": null, "timestamp": null, "begin": null, "end": null, "altitudeMode": null, "tessellate": -1, "extrude": 0, "visibility": 0, "drawOrder": null, "icon": null, "Folder": "2N (#88)" }, "geometry": { "type": "Point", "coordinates": [ -106.528219091044804, 31.753962106973681, 0.0 ] } },
{ "type": "Feature", "properties": { "id": null, "Name": "ALD-1D-21/9-6-6-6", "description": null, "timestamp": null, "begin": null, "end": null, "altitudeMode": null, "tessellate": -1, "extrude": 0, "visibility": 0, "drawOrder": null, "icon": null, "Folder": "2N (#88)" }, "geometry": { "type": "Point", "coordinates": [ -106.528592, 31.754973, 0.0 ] } },
{ "type": "Feature", "properties": { "id": null, "Name": "ALD-1D-21/9-7-7-7", "description": "CAJA COMAPRTIDA", "timestamp": null, "begin": null, "end": null, "altitudeMode": null, "tessellate": -1, "extrude": 0, "visibility": 0, "drawOrder": null, "icon": null, "Folder": "2N (#88)" }, "geometry": { "type": "Point", "coordinates": [ -106.527364, 31.7558, 0.0 ] } },
{ "type": "Feature", "properties": { "id": null, "Name": "ALD-1D-21/9-8-8-8", "description": null, "timestamp": null, "begin": null, "end": null, "altitudeMode": null, "tessellate": -1, "extrude": 0, "visibility": 0, "drawOrder": null, "icon": null, "Folder": "2N (#88)" }, "geometry": { "type": "Point", "coordinates": [ -106.528952, 31.756003, 0.0 ] } },
{ "type": "Feature", "properties": { "id": null, "Name": "ALD-1D-S-9-12", "description": null, "timestamp": null, "begin": null, "end": null, "altitudeMode": null, "tessellate": 1, "extrude": 0, "visibility": 0, "drawOrder": null, "icon": null, "Folder": "DISTRIBUCION (#85)" }, "geometry": { "type": "LineString", "coordinates": [ [ -106.520097097295903, 31.762562086802909, 0.0 ], [ -106.520382943311901, 31.762392141890381, 0.0 ], [ -106.5207136630614, 31.76215788168388, 0.0 ], [ -106.521091940022202, 31.761890307393379, 0.0 ], [ -106.521453604669901, 31.761618580208729, 0.0 ], [ -106.521685732642595, 31.76141620177793, 0.0 ], [ -106.521974076138406, 31.761214703804889, 0.0 ], [ -106.522282721636401, 31.760986968501669, 0.0 ], [ -106.5226010006254, 31.760783380364799, 0.0 ], [ -106.523112038075496, 31.760412689950009, 0.0 ], [ -106.523506938668902, 31.760897802755, 0.0 ], [ -106.523818520877001, 31.761290487215991, 0.0 ], [ -106.524285110876704, 31.761866496054331, 0.0 ], [ -106.524594379800106, 31.762263206093511, 0.0 ], [ -106.524092185297405, 31.762619057677039, 0.0 ], [ -106.524220735845901, 31.762800868706432, 0.0 ], [ -106.524478867421294, 31.763104418095889, 0.0 ], [ -106.524741095144705, 31.763434300989459, 0.0 ], [ -106.525306158843094, 31.76325825312707, 0.0 ], [ -106.525782074399402, 31.763097968518451, 0.0 ], [ -106.526415628540207, 31.762893520262331, 0.0 ], [ -106.527018544476903, 31.76270984582391, 0.0 ], [ -106.527132161481902, 31.763036719684688, 0.0 ], [ -106.527260394325495, 31.763381978075039, 0.0 ], [ -106.527441124534604, 31.76392475509838, 0.0 ], [ -106.527581458331895, 31.7642725414346, 0.0 ], [ -106.527781472223495, 31.764771167143021, 0.0 ], [ -106.527900994498296, 31.765095180654662, 0.0 ], [ -106.528083390503795, 31.765679646161129, 0.0 ] ] } },
{ "type": "Feature", "properties": { "id": null, "Name": "ALD-1D-96/24", "description": null, "timestamp": null, "begin": null, "end": null, "altitudeMode": null, "tessellate": -1, "extrude": 0, "visibility": 0, "drawOrder": null, "icon": null, "Folder": "1N (#86)" }, "geometry": { "type": "Point", "coordinates": [ -106.488509126379398, 31.72709348030758, 0.0 ] } },
{ "type": "Feature", "properties": { "id": null, "Name": "ALD-3-59/9-1-1", "description": null, "timestamp": null, "begin": null, "end": null, "altitudeMode": null, "tessellate": -1, "extrude": 0, "visibility": 0, "drawOrder": null, "icon": null, "Folder": "2N (#89)" }, "geometry": { "type": "Point", "coordinates": [ -106.559295762896397, 31.777592650740171, 0.0 ] } },
{ "type": "Feature", "properties": { "id": null, "Name": "ALD-3-59/9-2-2", "description": null, "timestamp": null, "begin": null, "end": null, "altitudeMode": null, "tessellate": -1, "extrude": 0, "visibility": 0, "drawOrder": null, "icon": null, "Folder": "2N (#89)" }, "geometry": { "type": "Point", "coordinates": [ -106.559973729974402, 31.777963754979901, 0.0 ] } },
{ "type": "Feature", "properties": { "id": null, "Name": "ALD-3-59/9-3-3", "description": null, "timestamp": null, "begin": null, "end": null, "altitudeMode": null, "tessellate": -1, "extrude": 0, "visibility": 0, "drawOrder": null, "icon": null, "Folder": "2N (#89)" }, "geometry": { "type": "Point", "coordinates": [ -106.560827245319402, 31.777108514288379, 0.0 ] } },
{ "type": "Feature", "properties": { "id": null, "Name": "ALD-3-59/9-4-4", "description": null, "timestamp": null, "begin": null, "end": null, "altitudeMode": null, "tessellate": -1, "extrude": 0, "visibility": 0, "drawOrder": null, "icon": null, "Folder": "2N (#89)" }, "geometry": { "type": "Point", "coordinates": [ -106.561481246105103, 31.77589362465131, 0.0 ] } },
{ "type": "Feature", "properties": { "id": null, "Name": "ALD-3-59/9-5-5", "description": null, "timestamp": null, "begin": null, "end": null, "altitudeMode": null, "tessellate": -1, "extrude": 0, "visibility": 0, "drawOrder": null, "icon": null, "Folder": "2N (#89)" }, "geometry": { "type": "Point", "coordinates": [ -106.560405999756298, 31.775308084736889, 0.0 ] } },
{ "type": "Feature", "properties": { "id": null, "Name": "ALD-3-59/9-6-6", "description": null, "timestamp": null, "begin": null, "end": null, "altitudeMode": null, "tessellate": -1, "extrude": 0, "visibility": 0, "drawOrder": null, "icon": null, "Folder": "2N (#89)" }, "geometry": { "type": "Point", "coordinates": [ -106.561510045922304, 31.774136603964379, 0.0 ] } },
{ "type": "Feature", "properties": { "id": null, "Name": "ALD-3-59/9-7-7", "description": null, "timestamp": null, "begin": null, "end": null, "altitudeMode": null, "tessellate": -1, "extrude": 0, "visibility": 0, "drawOrder": null, "icon": null, "Folder": "2N (#89)" }, "geometry": { "type": "Point", "coordinates": [ -106.561888773364501, 31.773400529551139, 0.0 ] } },
{ "type": "Feature", "properties": { "id": null, "Name": "ALD-3-59/9-8-8", "description": null, "timestamp": null, "begin": null, "end": null, "altitudeMode": null, "tessellate": -1, "extrude": 0, "visibility": 0, "drawOrder": null, "icon": null, "Folder": "2N (#89)" }, "geometry": { "type": "Point", "coordinates": [ -106.562702840575696, 31.772252650347109, 0.0 ] } },
{ "type": "Feature", "properties": { "id": null, "Name": "ALD-S-4-11", "description": null, "timestamp": null, "begin": null, "end": null, "altitudeMode": null, "tessellate": 1, "extrude": 0, "visibility": 0, "drawOrder": null, "icon": null, "Folder": "DISTRIBUCION (#86)" }, "geometry": { "type": "LineString", "coordinates": [ [ -106.491148369014496, 31.72794661628679, 0.0 ], [ -106.493119021936195, 31.723101492832861, 0.0 ], [ -106.493619858331996, 31.721824413332669, 0.0 ] ] } },
{ "type": "Feature", "properties": { "id": null, "Name": "ALD-1D-21", "description": null, "timestamp": null, "begin": null, "end": null, "altitudeMode": null, "tessellate": -1, "extrude": 0, "visibility": 0, "drawOrder": null, "icon": null, "Folder": "1N (#87)" }, "geometry": { "type": "Point", "coordinates": [ -106.527857263173601, 31.753035931870571, 0.0 ] } },
{ "type": "Feature", "properties": { "id": null, "Name": "ALD-3-12/12-1-1", "description": null, "timestamp": null, "begin": null, "end": null, "altitudeMode": null, "tessellate": -1, "extrude": 0, "visibility": 0, "drawOrder": null, "icon": null, "Folder": "2N (#90)" }, "geometry": { "type": "Point", "coordinates": [ -106.519823286256695, 31.76418033115845, 0.0 ] } },
{ "type": "Feature", "properties": { "id": null, "Name": "ALD-3-12/12-2-2", "description": null, "timestamp": null, "begin": null, "end": null, "altitudeMode": null, "tessellate": -1, "extrude": 0, "visibility": 0, "drawOrder": null, "icon": null, "Folder": "2N (#90)" }, "geometry": { "type": "Point", "coordinates": [ -106.521416835665704, 31.763144972264929, 0.0 ] } },
{ "type": "Feature", "properties": { "id": null, "Name": "ALD-3-12/12-3-3", "description": null, "timestamp": null, "begin": null, "end": null, "altitudeMode": null, "tessellate": -1, "extrude": 0, "visibility": 0, "drawOrder": null, "icon": null, "Folder": "2N (#90)" }, "geometry": { "type": "Point", "coordinates": [ -106.522101553926007, 31.762560394243788, 0.0 ] } },
{ "type": "Feature", "properties": { "id": null, "Name": "ALD-3-12/12-4-4", "description": null, "timestamp": null, "begin": null, "end": null, "altitudeMode": null, "tessellate": -1, "extrude": 0, "visibility": 0, "drawOrder": null, "icon": null, "Folder": "2N (#90)" }, "geometry": { "type": "Point", "coordinates": [ -106.523403446879897, 31.763149763821382, 0.0 ] } },
{ "type": "Feature", "properties": { "id": null, "Name": "ALD-3-12/12-5-5", "description": null, "timestamp": null, "begin": null, "end": null, "altitudeMode": null, "tessellate": -1, "extrude": 0, "visibility": 0, "drawOrder": null, "icon": null, "Folder": "2N (#90)" }, "geometry": { "type": "Point", "coordinates": [ -106.5229113642161, 31.763557072534521, 0.0 ] } },
{ "type": "Feature", "properties": { "id": null, "Name": "ALD-3-12/12-6-6", "description": null, "timestamp": null, "begin": null, "end": null, "altitudeMode": null, "tessellate": -1, "extrude": 0, "visibility": 0, "drawOrder": null, "icon": null, "Folder": "2N (#90)" }, "geometry": { "type": "Point", "coordinates": [ -106.523342008835499, 31.764529453569271, 0.0 ] } },
{ "type": "Feature", "properties": { "id": null, "Name": "ALD-3-12/12-7-7", "description": null, "timestamp": null, "begin": null, "end": null, "altitudeMode": null, "tessellate": -1, "extrude": 0, "visibility": 0, "drawOrder": null, "icon": null, "Folder": "2N (#90)" }, "geometry": { "type": "Point", "coordinates": [ -106.524904151384604, 31.764678360031841, 0.0 ] } },
{ "type": "Feature", "properties": { "id": null, "Name": "ALD-3-12/12-8-8", "description": null, "timestamp": null, "begin": null, "end": null, "altitudeMode": null, "tessellate": -1, "extrude": 0, "visibility": 0, "drawOrder": null, "icon": null, "Folder": "2N (#90)" }, "geometry": { "type": "Point", "coordinates": [ -106.526292109734499, 31.76494171880789, 0.0 ] } },
{ "type": "Feature", "properties": { "id": null, "Name": "ALD-S-4-9", "description": null, "timestamp": null, "begin": null, "end": null, "altitudeMode": null, "tessellate": 1, "extrude": 0, "visibility": 0, "drawOrder": null, "icon": null, "Folder": "DISTRIBUCION (#87)" }, "geometry": { "type": "LineString", "coordinates": [ [ -106.488489662434105, 31.727116603691201, 0.0 ], [ -106.490490860411796, 31.72200776089759, 0.0 ], [ -106.488723589996198, 31.721482722082371, 0.0 ] ] } },
{ "type": "Feature", "properties": { "id": null, "Name": "ALD-3-59/9", "description": null, "timestamp": null, "begin": null, "end": null, "altitudeMode": null, "tessellate": -1, "extrude": 0, "visibility": 0, "drawOrder": null, "icon": null, "Folder": "1N (#88)" }, "geometry": { "type": "Point", "coordinates": [ -106.558449314178304, 31.777123635886859, 0.0 ] } },
{ "type": "Feature", "properties": { "id": null, "Name": "ALD-3-13/13-1-1", "description": null, "timestamp": null, "begin": null, "end": null, "altitudeMode": null, "tessellate": -1, "extrude": 0, "visibility": 0, "drawOrder": null, "icon": null, "Folder": "2N (#91)" }, "geometry": { "type": "Point", "coordinates": [ -106.532657454582207, 31.761841719511629, 0.0 ] } },
{ "type": "Feature", "properties": { "id": null, "Name": "ALD-3-13/13-2-2", "description": null, "timestamp": null, "begin": null, "end": null, "altitudeMode": null, "tessellate": -1, "extrude": 0, "visibility": 0, "drawOrder": null, "icon": null, "Folder": "2N (#91)" }, "geometry": { "type": "Point", "coordinates": [ -106.531914231883604, 31.76239166331538, 0.0 ] } },
{ "type": "Feature", "properties": { "id": null, "Name": "ALD-3-13/13-3-3", "description": "<b>REFORZADA 01 ABRIL 2026</b>", "timestamp": null, "begin": null, "end": null, "altitudeMode": null, "tessellate": -1, "extrude": 0, "visibility": 0, "drawOrder": null, "icon": null, "Folder": "2N (#91)" }, "geometry": { "type": "Point", "coordinates": [ -106.531922598720797, 31.76315990116963, 0.0 ] } },
{ "type": "Feature", "properties": { "id": null, "Name": "ALD-3-13/13-4-4", "description": null, "timestamp": null, "begin": null, "end": null, "altitudeMode": null, "tessellate": -1, "extrude": 0, "visibility": 0, "drawOrder": null, "icon": null, "Folder": "2N (#91)" }, "geometry": { "type": "Point", "coordinates": [ -106.532539065987393, 31.76388739262952, 0.0 ] } },
{ "type": "Feature", "properties": { "id": null, "Name": "ALD-3-13/13-5-5", "description": "<b>REFORZADA 26 ABRIL 2026</b>", "timestamp": null, "begin": null, "end": null, "altitudeMode": null, "tessellate": -1, "extrude": 0, "visibility": 0, "drawOrder": null, "icon": null, "Folder": "2N (#91)" }, "geometry": { "type": "Point", "coordinates": [ -106.532809719221206, 31.764182858735388, 0.0 ] } },
{ "type": "Feature", "properties": { "id": null, "Name": "ALD-3-13/13-6-6", "description": null, "timestamp": null, "begin": null, "end": null, "altitudeMode": null, "tessellate": -1, "extrude": 0, "visibility": 0, "drawOrder": null, "icon": null, "Folder": "2N (#91)" }, "geometry": { "type": "Point", "coordinates": [ -106.533721624538103, 31.764247761777199, 0.0 ] } },
{ "type": "Feature", "properties": { "id": null, "Name": "ALD-3-13/13-7-7", "description": null, "timestamp": null, "begin": null, "end": null, "altitudeMode": null, "tessellate": -1, "extrude": 0, "visibility": 0, "drawOrder": null, "icon": null, "Folder": "2N (#91)" }, "geometry": { "type": "Point", "coordinates": [ -106.534029540642607, 31.7645444516899, 0.0 ] } },
{ "type": "Feature", "properties": { "id": null, "Name": "ALD-3-13/13-8-8", "description": null, "timestamp": null, "begin": null, "end": null, "altitudeMode": null, "tessellate": -1, "extrude": 0, "visibility": 0, "drawOrder": null, "icon": null, "Folder": "2N (#91)" }, "geometry": { "type": "Point", "coordinates": [ -106.534334927821305, 31.764885030178231, 0.0 ] } },
{ "type": "Feature", "properties": { "id": null, "Name": "ALD-3-13/13-9/1/12", "description": "<b>AGREGADA 31 MAY 2025</b>", "timestamp": null, "begin": null, "end": null, "altitudeMode": null, "tessellate": -1, "extrude": 0, "visibility": 0, "drawOrder": null, "icon": null, "Folder": "2N (#91)" }, "geometry": { "type": "Point", "coordinates": [ -106.536542755402394, 31.762143066729411, 0.0 ] } },
{ "type": "Feature", "properties": { "id": null, "Name": "ALD-1D-S-9-8/2", "description": null, "timestamp": null, "begin": null, "end": null, "altitudeMode": null, "tessellate": 1, "extrude": 0, "visibility": 0, "drawOrder": null, "icon": null, "Folder": "DISTRIBUCION (#88)" }, "geometry": { "type": "LineString", "coordinates": [ [ -106.528533953797506, 31.755056150836101, 0.0 ], [ -106.528364198453303, 31.75541088414052, 0.0 ], [ -106.528495824663494, 31.755464576074001, 0.0 ], [ -106.528717558301494, 31.755546942691979, 0.0 ], [ -106.528810260160299, 31.755579943689138, 0.0 ], [ -106.529052155053705, 31.755674633433731, 0.0 ], [ -106.529048955661594, 31.755771281905648, 0.0 ], [ -106.528897264436395, 31.756099854173279, 0.0 ] ] } },
{ "type": "Feature", "properties": { "id": null, "Name": "ALD-1D-S-9-8", "description": null, "timestamp": null, "begin": null, "end": null, "altitudeMode": null, "tessellate": 1, "extrude": 0, "visibility": 0, "drawOrder": null, "icon": null, "Folder": "DISTRIBUCION (#88)" }, "geometry": { "type": "LineString", "coordinates": [ [ -106.527876830093007, 31.753054901270911, 0.0 ], [ -106.528874701361104, 31.753359006019771, 0.0 ], [ -106.531163009536797, 31.75407297785754, 0.0 ], [ -106.532014216001301, 31.75288788857824, 0.0 ], [ -106.530985094083107, 31.75257936514333, 0.0 ] ] } },
{ "type": "Feature", "properties": { "id": null, "Name": "ALD-1D-S-9-8/1", "description": null, "timestamp": null, "begin": null, "end": null, "altitudeMode": null, "tessellate": 1, "extrude": 0, "visibility": 0, "drawOrder": null, "icon": null, "Folder": "DISTRIBUCION (#88)" }, "geometry": { "type": "LineString", "coordinates": [ [ -106.528871143119702, 31.753358110898471, 0.0 ], [ -106.528474300189202, 31.753238558956859, 0.0 ], [ -106.528342185602199, 31.75354561492496, 0.0 ], [ -106.528195676055304, 31.753956942316591, 0.0 ], [ -106.528602733804703, 31.754092695214538, 0.0 ], [ -106.528968039912996, 31.754195263203499, 0.0 ], [ -106.528787193697994, 31.75461277169342, 0.0 ], [ -106.528535128936696, 31.755057004346519, 0.0 ], [ -106.528358608597699, 31.755415513397939, 0.0 ], [ -106.528099766741803, 31.755319702938181, 0.0 ], [ -106.527657852065403, 31.755149557288739, 0.0 ], [ -106.527455915816006, 31.755505051019419, 0.0 ], [ -106.527272793220007, 31.755861266660499, 0.0 ] ] } },
{ "type": "Feature", "properties": { "id": null, "Name": "ALD-3-12/12", "description": null, "timestamp": null, "begin": null, "end": null, "altitudeMode": null, "tessellate": -1, "extrude": 0, "visibility": 0, "drawOrder": null, "icon": null, "Folder": "1N (#89)" }, "geometry": { "type": "Point", "coordinates": [ -106.520326982052595, 31.764714992184651, 0.0 ] } },
{ "type": "Feature", "properties": { "id": null, "Name": "ALD-1D-38/14-1-1", "description": null, "timestamp": null, "begin": null, "end": null, "altitudeMode": null, "tessellate": -1, "extrude": 0, "visibility": 0, "drawOrder": null, "icon": null, "Folder": "2N (#92)" }, "geometry": { "type": "Point", "coordinates": [ -106.524976, 31.740045, 0.0 ] } },
{ "type": "Feature", "properties": { "id": null, "Name": "ALD-1D-38/14-2-2", "description": null, "timestamp": null, "begin": null, "end": null, "altitudeMode": null, "tessellate": -1, "extrude": 0, "visibility": 0, "drawOrder": null, "icon": null, "Folder": "2N (#92)" }, "geometry": { "type": "Point", "coordinates": [ -106.523784, 31.741667, 0.0 ] } },
{ "type": "Feature", "properties": { "id": null, "Name": "ALD-1D-38/14-3-3", "description": null, "timestamp": null, "begin": null, "end": null, "altitudeMode": null, "tessellate": -1, "extrude": 0, "visibility": 0, "drawOrder": null, "icon": null, "Folder": "2N (#92)" }, "geometry": { "type": "Point", "coordinates": [ -106.522684, 31.744268, 0.0 ] } },
{ "type": "Feature", "properties": { "id": null, "Name": "ALD-1D-38/14-4-4", "description": null, "timestamp": null, "begin": null, "end": null, "altitudeMode": null, "tessellate": -1, "extrude": 0, "visibility": 0, "drawOrder": null, "icon": null, "Folder": "2N (#92)" }, "geometry": { "type": "Point", "coordinates": [ -106.522474, 31.744816, 0.0 ] } },
{ "type": "Feature", "properties": { "id": null, "Name": "ALD-1D-38/14-5-5", "description": "x", "timestamp": null, "begin": null, "end": null, "altitudeMode": null, "tessellate": -1, "extrude": 0, "visibility": 0, "drawOrder": null, "icon": null, "Folder": "2N (#92)" }, "geometry": { "type": "Point", "coordinates": [ -106.523289, 31.744402, 0.0 ] } },
{ "type": "Feature", "properties": { "id": null, "Name": "ALD-1D-38/14-6-6", "description": null, "timestamp": null, "begin": null, "end": null, "altitudeMode": "relativeToGround", "tessellate": -1, "extrude": 0, "visibility": 0, "drawOrder": null, "icon": null, "Folder": "2N (#92)" }, "geometry": { "type": "Point", "coordinates": [ -106.520523, 31.745847, 2.01001979970034 ] } },
{ "type": "Feature", "properties": { "id": null, "Name": "ALD-1D-38/14-7-7", "description": null, "timestamp": null, "begin": null, "end": null, "altitudeMode": null, "tessellate": -1, "extrude": 0, "visibility": 0, "drawOrder": null, "icon": null, "Folder": "2N (#92)" }, "geometry": { "type": "Point", "coordinates": [ -106.519151, 31.747495, 0.0 ] } },
{ "type": "Feature", "properties": { "id": null, "Name": "ALD-1D-38/14-8-8", "description": null, "timestamp": null, "begin": null, "end": null, "altitudeMode": null, "tessellate": -1, "extrude": 0, "visibility": 0, "drawOrder": null, "icon": null, "Folder": "2N (#92)" }, "geometry": { "type": "Point", "coordinates": [ -106.518697, 31.745297, 0.0 ] } },
{ "type": "Feature", "properties": { "id": null, "Name": "ALD-1D-38/14-12-9", "description": "<b>AGREGADA 09 SEPTIEMBRE 2025</b>", "timestamp": null, "begin": null, "end": null, "altitudeMode": null, "tessellate": -1, "extrude": 0, "visibility": 0, "drawOrder": null, "icon": null, "Folder": "2N (#92)" }, "geometry": { "type": "Point", "coordinates": [ -106.521095, 31.744597, 0.0 ] } },
{ "type": "Feature", "properties": { "id": null, "Name": "ALD-3-S-13-11", "description": "1009 mts", "timestamp": null, "begin": null, "end": null, "altitudeMode": null, "tessellate": 1, "extrude": 0, "visibility": 0, "drawOrder": null, "icon": null, "Folder": "DISTRIBUCION (#89)" }, "geometry": { "type": "LineString", "coordinates": [ [ -106.558368817259193, 31.777076372471171, 0.0 ], [ -106.559999085269993, 31.777987919226941, 0.0 ], [ -106.560814047544696, 31.777099624656909, 0.0 ], [ -106.561494257781902, 31.77590848802738, 0.0 ], [ -106.560432492055995, 31.775337176415441, 0.0 ], [ -106.561505531404094, 31.774167761313901, 0.0 ], [ -106.561868953427506, 31.7734149230218, 0.0 ], [ -106.562687599545896, 31.77225715938517, 0.0 ] ] } },
{ "type": "Feature", "properties": { "id": null, "Name": "ALD-3-13/13", "description": null, "timestamp": null, "begin": null, "end": null, "altitudeMode": null, "tessellate": -1, "extrude": 0, "visibility": 0, "drawOrder": null, "icon": null, "Folder": "1N (#90)" }, "geometry": { "type": "Point", "coordinates": [ -106.533214989272096, 31.762157749200099, 0.0 ] } },
{ "type": "Feature", "properties": { "id": null, "Name": "ALD-1I-11/11-1-1", "description": null, "timestamp": null, "begin": null, "end": null, "altitudeMode": null, "tessellate": -1, "extrude": 0, "visibility": 0, "drawOrder": null, "icon": null, "Folder": "2N (#93)" }, "geometry": { "type": "Point", "coordinates": [ -106.487256689475103, 31.739268181541011, 0.0 ] } },
{ "type": "Feature", "properties": { "id": null, "Name": "ALD-1I-11/11-2-1", "description": null, "timestamp": null, "begin": null, "end": null, "altitudeMode": null, "tessellate": -1, "extrude": 0, "visibility": 0, "drawOrder": null, "icon": null, "Folder": "2N (#93)" }, "geometry": { "type": "Point", "coordinates": [ -106.48713, 31.739232095568951, 0.0 ] } },
{ "type": "Feature", "properties": { "id": null, "Name": "ALD-1I-11/11-3-2", "description": null, "timestamp": null, "begin": null, "end": null, "altitudeMode": null, "tessellate": -1, "extrude": 0, "visibility": 0, "drawOrder": null, "icon": null, "Folder": "2N (#93)" }, "geometry": { "type": "Point", "coordinates": [ -106.487053946867505, 31.739267936151151, 0.0 ] } },
{ "type": "Feature", "properties": { "id": null, "Name": "ALD-1I-11/11-4-4", "description": null, "timestamp": null, "begin": null, "end": null, "altitudeMode": null, "tessellate": -1, "extrude": 0, "visibility": 0, "drawOrder": null, "icon": null, "Folder": "2N (#93)" }, "geometry": { "type": "Point", "coordinates": [ -106.486667912636193, 31.739203722333389, 0.0 ] } },
{ "type": "Feature", "properties": { "id": null, "Name": "ALD-1I-11/11-5-5", "description": null, "timestamp": null, "begin": null, "end": null, "altitudeMode": null, "tessellate": -1, "extrude": 0, "visibility": 0, "drawOrder": null, "icon": null, "Folder": "2N (#93)" }, "geometry": { "type": "Point", "coordinates": [ -106.486643018200695, 31.739563078658559, 0.0 ] } },
{ "type": "Feature", "properties": { "id": null, "Name": "ALD-3-S-11-12", "description": "1163 mts", "timestamp": null, "begin": null, "end": null, "altitudeMode": null, "tessellate": 1, "extrude": 0, "visibility": 0, "drawOrder": null, "icon": null, "Folder": "DISTRIBUCION (#90)" }, "geometry": { "type": "LineString", "coordinates": [ [ -106.520302628230993, 31.764759726562019, 0.0 ], [ -106.519797532330998, 31.764184919543069, 0.0 ], [ -106.520356680603598, 31.76377751086148, 0.0 ], [ -106.520929068390004, 31.76349237670517, 0.0 ], [ -106.521413190174698, 31.76315014656349, 0.0 ], [ -106.521782518274506, 31.762772995485349, 0.0 ], [ -106.522127343239504, 31.762523380837251, 0.0 ], [ -106.522642776367505, 31.76214318613372, 0.0 ], [ -106.523063930301703, 31.76272246940739, 0.0 ], [ -106.5233798627726, 31.763146985295911, 0.0 ], [ -106.522884629582606, 31.763577957094359, 0.0 ], [ -106.522752862265094, 31.76372367015577, 0.0 ], [ -106.522922099811296, 31.764037959364071, 0.0 ], [ -106.523171348261798, 31.764567322191979, 0.0 ], [ -106.523331609881694, 31.764534373849699, 0.0 ], [ -106.524032468486197, 31.764292719006349, 0.0 ], [ -106.524784813003805, 31.764177327574199, 0.0 ], [ -106.524906477582405, 31.764673060745761, 0.0 ], [ -106.525040049738394, 31.764991917072599, 0.0 ], [ -106.525272764986099, 31.765240857014039, 0.0 ], [ -106.525452245729895, 31.765181397772611, 0.0 ], [ -106.525839377087607, 31.765077755361361, 0.0 ], [ -106.526341797568904, 31.764948641441261, 0.0 ] ] } },
{ "type": "Feature", "properties": { "id": null, "Name": "ALD-1D-38/14", "description": null, "timestamp": null, "begin": null, "end": null, "altitudeMode": null, "tessellate": -1, "extrude": 0, "visibility": 0, "drawOrder": null, "icon": null, "Folder": "1N (#91)" }, "geometry": { "type": "Point", "coordinates": [ -106.524278907198195, 31.741843160798549, 0.0 ] } },
{ "type": "Feature", "properties": { "id": null, "Name": "ALD-1I-12/12-1-1", "description": null, "timestamp": null, "begin": null, "end": null, "altitudeMode": null, "tessellate": -1, "extrude": 0, "visibility": 0, "drawOrder": null, "icon": null, "Folder": "2N (#94)" }, "geometry": { "type": "Point", "coordinates": [ -106.487470012288895, 31.739123379414231, 0.0 ] } },
{ "type": "Feature", "properties": { "id": null, "Name": "ALD-1I-12/12-2-2", "description": null, "timestamp": null, "begin": null, "end": null, "altitudeMode": null, "tessellate": -1, "extrude": 0, "visibility": 0, "drawOrder": null, "icon": null, "Folder": "2N (#94)" }, "geometry": { "type": "Point", "coordinates": [ -106.487281267307097, 31.739252676601598, 0.0 ] } },
{ "type": "Feature", "properties": { "id": null, "Name": "ALD-1I-12/12-3-3", "description": null, "timestamp": null, "begin": null, "end": null, "altitudeMode": null, "tessellate": -1, "extrude": 0, "visibility": 0, "drawOrder": null, "icon": null, "Folder": "2N (#94)" }, "geometry": { "type": "Point", "coordinates": [ -106.487162680978003, 31.739290844429469, 0.0 ] } },
{ "type": "Feature", "properties": { "id": null, "Name": "ALD-1I-12/12-4-4", "description": null, "timestamp": null, "begin": null, "end": null, "altitudeMode": null, "tessellate": -1, "extrude": 0, "visibility": 0, "drawOrder": null, "icon": null, "Folder": "2N (#94)" }, "geometry": { "type": "Point", "coordinates": [ -106.486984525427303, 31.739375796385801, 0.0 ] } },
{ "type": "Feature", "properties": { "id": null, "Name": "ALD-1I-12/12-5-5", "description": null, "timestamp": null, "begin": null, "end": null, "altitudeMode": null, "tessellate": -1, "extrude": 0, "visibility": 0, "drawOrder": null, "icon": null, "Folder": "2N (#94)" }, "geometry": { "type": "Point", "coordinates": [ -106.486846894928505, 31.73937464587874, 0.0 ] } },
{ "type": "Feature", "properties": { "id": null, "Name": "ALD-1I-12/12-6-6", "description": null, "timestamp": null, "begin": null, "end": null, "altitudeMode": null, "tessellate": -1, "extrude": 0, "visibility": 0, "drawOrder": null, "icon": null, "Folder": "2N (#94)" }, "geometry": { "type": "Point", "coordinates": [ -106.486641002493798, 31.739555416113959, 0.0 ] } },
{ "type": "Feature", "properties": { "id": null, "Name": "ALD-3-S-13", "description": "710 mts", "timestamp": null, "begin": null, "end": null, "altitudeMode": null, "tessellate": 1, "extrude": 0, "visibility": 0, "drawOrder": null, "icon": null, "Folder": "DISTRIBUCION (#91)" }, "geometry": { "type": "LineString", "coordinates": [ [ -106.533215238997698, 31.762125569645981, 0.0 ], [ -106.532664059031106, 31.761842134206368, 0.0 ], [ -106.531900689369607, 31.76239180675714, 0.0 ], [ -106.531492462038798, 31.762639614923671, 0.0 ], [ -106.532552389280795, 31.76391887229439, 0.0 ], [ -106.533119332459094, 31.764547410944171, 0.0 ], [ -106.533767624550507, 31.76421005825414, 0.0 ], [ -106.534316634454399, 31.764864072334689, 0.0 ] ] } },
{ "type": "Feature", "properties": { "id": null, "Name": "BYPASS", "description": "BYPASS DE 1N (ALD-3-13/13) HACIA 2N ALD-3-7/7-4-4", "timestamp": null, "begin": null, "end": null, "altitudeMode": null, "tessellate": 1, "extrude": 0, "visibility": 0, "drawOrder": null, "icon": null, "Folder": "DISTRIBUCION (#91)" }, "geometry": { "type": "LineString", "coordinates": [ [ -106.533227019372006, 31.762156655138089, 0.0 ], [ -106.533788499711207, 31.762530052053851, 0.0 ], [ -106.534230257839695, 31.762611408692401, 0.0 ], [ -106.534399218961298, 31.762983989150499, 0.0 ] ] } },
{ "type": "Feature", "properties": { "id": null, "Name": "ALD-3-S-11-7", "description": "TRAMO DE FO DE DISTRIBUCION ALD-3-7/7", "timestamp": null, "begin": null, "end": null, "altitudeMode": null, "tessellate": 1, "extrude": 0, "visibility": 0, "drawOrder": null, "icon": null, "Folder": "DISTRIBUCION (#91)" }, "geometry": { "type": "LineString", "coordinates": [ [ -106.5344066863412, 31.763006303708028, 0.0 ], [ -106.534533874446893, 31.7632790834536, 0.0 ], [ -106.535022751937703, 31.763146628737719, 0.0 ], [ -106.535395884228507, 31.76337520696924, 0.0 ], [ -106.536565514002106, 31.762140641277011, 0.0 ] ] } },
{ "type": "Feature", "properties": { "id": null, "Name": "ALD-1I-11/11", "description": "Nombre: ALD-1I-11/11\nTipo: 1N\nCapacidad: 1:8", "timestamp": null, "begin": null, "end": null, "altitudeMode": null, "tessellate": -1, "extrude": 0, "visibility": 0, "drawOrder": null, "icon": null, "Folder": "1N (#92)" }, "geometry": { "type": "Point", "coordinates": [ -106.4873750299422, 31.739439122043841, 0.0 ] } },
{ "type": "Feature", "properties": { "id": null, "Name": "ALD-1I-14/14-1-1", "description": null, "timestamp": null, "begin": null, "end": null, "altitudeMode": null, "tessellate": -1, "extrude": 0, "visibility": 0, "drawOrder": null, "icon": null, "Folder": "2N (#95)" }, "geometry": { "type": "Point", "coordinates": [ -106.488025614507507, 31.740598046839509, 0.0 ] } },
{ "type": "Feature", "properties": { "id": null, "Name": "ALD-1I-14/14-2-2", "description": null, "timestamp": null, "begin": null, "end": null, "altitudeMode": null, "tessellate": -1, "extrude": 0, "visibility": 0, "drawOrder": null, "icon": null, "Folder": "2N (#95)" }, "geometry": { "type": "Point", "coordinates": [ -106.488245708128204, 31.74006158067743, 0.0 ] } },
{ "type": "Feature", "properties": { "id": null, "Name": "ALD-1I-14/14-3-3", "description": null, "timestamp": null, "begin": null, "end": null, "altitudeMode": null, "tessellate": -1, "extrude": 0, "visibility": 0, "drawOrder": null, "icon": null, "Folder": "2N (#95)" }, "geometry": { "type": "Point", "coordinates": [ -106.487811335240593, 31.739546876385511, 0.0 ] } },
{ "type": "Feature", "properties": { "id": null, "Name": "ALD-1I-14/14-4-4", "description": null, "timestamp": null, "begin": null, "end": null, "altitudeMode": null, "tessellate": -1, "extrude": 0, "visibility": 0, "drawOrder": null, "icon": null, "Folder": "2N (#95)" }, "geometry": { "type": "Point", "coordinates": [ -106.487762122233704, 31.740565668732859, 0.0 ] } },
{ "type": "Feature", "properties": { "id": null, "Name": "ALD-1I-14/14-5-5", "description": null, "timestamp": null, "begin": null, "end": null, "altitudeMode": null, "tessellate": -1, "extrude": 0, "visibility": 0, "drawOrder": null, "icon": null, "Folder": "2N (#95)" }, "geometry": { "type": "Point", "coordinates": [ -106.487391393838095, 31.74036695566177, 0.0 ] } },
{ "type": "Feature", "properties": { "id": null, "Name": "ALD-1I-14/14-6-6", "description": null, "timestamp": null, "begin": null, "end": null, "altitudeMode": null, "tessellate": -1, "extrude": 0, "visibility": 0, "drawOrder": null, "icon": null, "Folder": "2N (#95)" }, "geometry": { "type": "Point", "coordinates": [ -106.487045, 31.740243, 0.0 ] } }
]
}
